lap,tyre_age,compound_encoded,track_temperature,laps_total,track,lap_time
1,6,1,35,66,Barcelona,108.152
2,6,2,31,66,Barcelona,155.79
3,1,1,44,66,Barcelona,132.826
4,7,1,39,66,Barcelona,128.778
5,11,1,30,66,Barcelona,130.44
6,13,1,34,66,Barcelona,133.88
7,11,2,39,66,Barcelona,82.99
8,14,1,37,66,Barcelona,81.631
9,2,1,34,66,Barcelona,81.386
10,14,2,43,66,Barcelona,81.79
11,15,1,30,66,Barcelona,81.808
12,12,1,32,66,Barcelona,81.81
13,12,2,37,66,Barcelona,81.936
14,4,1,35,66,Barcelona,81.574
15,6,1,36,66,Barcelona,81.778
16,10,0,32,66,Barcelona,81.562
17,1,2,40,66,Barcelona,81.509
18,9,0,31,66,Barcelona,81.328
19,18,1,32,66,Barcelona,81.393
20,13,2,39,66,Barcelona,81.334
21,9,0,39,66,Barcelona,81.157
22,1,1,42,66,Barcelona,80.849
23,14,0,40,66,Barcelona,81.045
24,9,2,44,66,Barcelona,81.662
25,18,1,35,66,Barcelona,84.565
26,17,1,37,66,Barcelona,100.689
27,19,0,44,66,Barcelona,80.131
28,2,2,30,66,Barcelona,80.711
29,5,0,41,66,Barcelona,80.713
30,17,2,38,66,Barcelona,81.074
31,9,2,30,66,Barcelona,80.948
32,17,0,31,66,Barcelona,81.6
33,11,2,37,66,Barcelona,81.228
34,6,2,44,66,Barcelona,81.854
35,1,1,30,66,Barcelona,80.542
36,9,1,36,66,Barcelona,80.359
37,19,1,40,66,Barcelona,81.296
38,10,2,39,66,Barcelona,80.363
39,1,0,30,66,Barcelona,80.81
40,17,1,37,66,Barcelona,80.507
41,18,1,44,66,Barcelona,108.59
42,13,2,43,66,Barcelona,122.018
43,18,1,39,66,Barcelona,84.158
44,3,2,37,66,Barcelona,80.625
45,14,1,34,66,Barcelona,80.425
46,12,1,40,66,Barcelona,80.621
47,19,1,33,66,Barcelona,79.766
48,11,0,37,66,Barcelona,80.2
49,15,0,32,66,Barcelona,79.983
50,6,1,30,66,Barcelona,79.902
51,7,1,35,66,Barcelona,79.634
52,16,1,31,66,Barcelona,79.984
53,11,1,43,66,Barcelona,79.831
54,11,1,40,66,Barcelona,80.007
55,17,1,40,66,Barcelona,79.86
56,10,1,41,66,Barcelona,79.811
57,11,1,40,66,Barcelona,79.443
58,6,0,34,66,Barcelona,79.488
59,8,0,39,66,Barcelona,79.614
60,7,0,39,66,Barcelona,81.819
61,5,1,30,66,Barcelona,80.47
62,16,1,44,66,Barcelona,79.152
63,12,0,42,66,Barcelona,79.822
64,11,1,30,66,Barcelona,79.133
65,11,0,42,66,Barcelona,79.425
66,14,2,34,66,Barcelona,80.393
1,11,1,38,66,Barcelona,109.029
2,18,1,38,66,Barcelona,156.045
3,12,2,30,66,Barcelona,133.906
4,3,1,42,66,Barcelona,128.681
5,5,0,32,66,Barcelona,129.827
6,19,0,44,66,Barcelona,133.232
7,6,0,33,66,Barcelona,83.604
8,7,2,37,66,Barcelona,82.259
9,12,2,30,66,Barcelona,82.475
10,5,0,44,66,Barcelona,82.536
11,2,0,30,66,Barcelona,82.3
12,15,0,37,66,Barcelona,82.875
13,2,0,39,66,Barcelona,82.32
14,1,0,38,66,Barcelona,82.162
15,13,1,43,66,Barcelona,82.231
16,8,0,35,66,Barcelona,82.043
17,2,0,31,66,Barcelona,85.601
18,18,1,38,66,Barcelona,100.637
19,5,2,41,66,Barcelona,82.334
20,4,2,37,66,Barcelona,81.421
21,15,2,42,66,Barcelona,81.623
22,10,1,41,66,Barcelona,81.451
23,16,1,31,66,Barcelona,81.226
24,5,2,34,66,Barcelona,81.449
25,8,2,39,66,Barcelona,81.235
26,5,2,38,66,Barcelona,81.04
27,16,1,39,66,Barcelona,80.864
28,9,1,38,66,Barcelona,80.929
29,6,0,32,66,Barcelona,81.419
30,3,1,41,66,Barcelona,81.202
31,9,2,42,66,Barcelona,81.585
32,6,1,31,66,Barcelona,81.04
33,9,2,40,66,Barcelona,80.716
34,7,2,40,66,Barcelona,80.785
35,1,2,43,66,Barcelona,80.817
36,15,2,33,66,Barcelona,80.83
37,14,1,32,66,Barcelona,81.091
38,7,2,39,66,Barcelona,81.31
39,2,2,37,66,Barcelona,81.336
40,18,0,38,66,Barcelona,81.265
41,1,0,33,66,Barcelona,115.212
42,3,1,31,66,Barcelona,132.006
43,9,1,44,66,Barcelona,82.267
44,16,2,33,66,Barcelona,80.475
45,9,0,42,66,Barcelona,80.093
46,4,0,43,66,Barcelona,80.182
47,2,1,38,66,Barcelona,81.139
48,16,2,36,66,Barcelona,80.947
49,3,1,44,66,Barcelona,80.151
50,2,1,33,66,Barcelona,80.915
51,14,1,30,66,Barcelona,80.079
52,16,0,39,66,Barcelona,79.581
53,4,0,41,66,Barcelona,79.833
54,8,0,44,66,Barcelona,80.397
55,4,0,39,66,Barcelona,79.564
56,1,2,33,66,Barcelona,79.667
57,10,1,31,66,Barcelona,79.674
58,16,0,31,66,Barcelona,79.781
59,4,2,39,66,Barcelona,79.435
60,3,2,35,66,Barcelona,79.819
61,4,0,39,66,Barcelona,79.128
62,7,2,32,66,Barcelona,79.904
63,9,0,41,66,Barcelona,79.767
64,17,1,40,66,Barcelona,79.31
65,16,2,38,66,Barcelona,79.859
66,10,0,41,66,Barcelona,79.64
1,15,0,35,66,Barcelona,111.072
2,11,0,32,66,Barcelona,156.09
3,6,2,40,66,Barcelona,132.648
4,3,2,41,66,Barcelona,128.556
5,12,2,35,66,Barcelona,130.238
6,14,0,36,66,Barcelona,132.666
7,15,0,37,66,Barcelona,83.984
8,2,1,31,66,Barcelona,83.445
9,16,0,44,66,Barcelona,82.313
10,13,0,40,66,Barcelona,82.221
11,17,1,41,66,Barcelona,82.244
12,10,0,30,66,Barcelona,82.603
13,12,0,30,66,Barcelona,82.41
14,15,1,36,66,Barcelona,82.372
15,2,1,41,66,Barcelona,82.336
16,14,0,38,66,Barcelona,81.936
17,1,1,31,66,Barcelona,81.956
18,6,1,31,66,Barcelona,81.485
19,12,0,32,66,Barcelona,84.219
20,10,1,40,66,Barcelona,103.642
21,11,0,35,66,Barcelona,80.402
22,7,1,42,66,Barcelona,81.347
23,7,0,44,66,Barcelona,81.182
24,16,2,31,66,Barcelona,81.249
25,1,0,35,66,Barcelona,81.347
26,5,2,43,66,Barcelona,80.94
27,9,2,33,66,Barcelona,80.857
28,16,0,33,66,Barcelona,81.015
29,10,2,37,66,Barcelona,81.319
30,8,1,38,66,Barcelona,81.445
31,12,1,32,66,Barcelona,82.081
32,14,2,35,66,Barcelona,80.844
33,12,2,37,66,Barcelona,80.847
34,16,1,41,66,Barcelona,80.589
35,2,0,39,66,Barcelona,80.951
36,15,2,37,66,Barcelona,80.947
37,4,2,32,66,Barcelona,81.402
38,14,2,41,66,Barcelona,81.185
39,4,2,39,66,Barcelona,81.265
40,4,1,34,66,Barcelona,81.257
41,12,0,39,66,Barcelona,116.194
42,13,0,37,66,Barcelona,116.214
43,15,1,43,66,Barcelona,81.79
44,4,1,43,66,Barcelona,81.378
45,6,1,40,66,Barcelona,79.944
46,18,2,44,66,Barcelona,80.24
47,19,2,39,66,Barcelona,80.381
48,9,0,40,66,Barcelona,81.942
49,11,1,34,66,Barcelona,79.828
50,19,1,30,66,Barcelona,80.492
51,9,2,37,66,Barcelona,79.924
52,16,0,42,66,Barcelona,79.987
53,3,1,42,66,Barcelona,80.092
54,5,1,35,66,Barcelona,79.946
55,6,1,37,66,Barcelona,79.837
56,10,1,39,66,Barcelona,79.478
57,18,1,34,66,Barcelona,79.94
58,14,1,44,66,Barcelona,80.098
59,10,2,40,66,Barcelona,80.169
60,3,2,32,66,Barcelona,80.006
61,19,2,40,66,Barcelona,79.819
62,6,2,36,66,Barcelona,79.872
63,2,1,44,66,Barcelona,80.058
64,10,2,33,66,Barcelona,80.421
65,13,1,35,66,Barcelona,81.13
66,8,1,36,66,Barcelona,80.478
1,18,2,33,66,Barcelona,112.295
2,7,2,39,66,Barcelona,155.483
3,9,1,30,66,Barcelona,133.153
4,10,0,30,66,Barcelona,128.36
5,15,0,35,66,Barcelona,130.206
6,10,1,39,66,Barcelona,132.584
7,3,1,33,66,Barcelona,84.405
8,10,1,36,66,Barcelona,83.722
9,8,2,43,66,Barcelona,82.777
10,16,1,42,66,Barcelona,82.723
11,8,2,40,66,Barcelona,82.73
12,18,0,38,66,Barcelona,82.641
13,19,0,44,66,Barcelona,82.644
14,6,1,35,66,Barcelona,82.27
15,8,1,44,66,Barcelona,82.25
16,12,0,39,66,Barcelona,82.248
17,15,0,36,66,Barcelona,81.985
18,17,2,32,66,Barcelona,82.169
19,10,1,42,66,Barcelona,81.972
20,11,2,31,66,Barcelona,81.993
21,10,1,37,66,Barcelona,81.963
22,1,1,40,66,Barcelona,81.946
23,14,2,40,66,Barcelona,81.531
24,4,1,34,66,Barcelona,85.384
25,12,0,36,66,Barcelona,130.735
1,7,2,32,66,Barcelona,113.164
2,1,1,40,66,Barcelona,156.142
3,7,1,33,66,Barcelona,133.094
4,6,1,35,66,Barcelona,127.521
5,9,2,34,66,Barcelona,131.713
6,4,2,33,66,Barcelona,130.817
7,12,2,32,66,Barcelona,85.139
8,14,0,37,66,Barcelona,83.711
9,16,1,33,66,Barcelona,83.025
10,17,0,40,66,Barcelona,83.065
11,2,1,41,66,Barcelona,82.627
12,13,1,30,66,Barcelona,82.552
13,7,0,42,66,Barcelona,82.611
14,2,0,42,66,Barcelona,82.357
15,1,2,30,66,Barcelona,82.242
16,16,1,40,66,Barcelona,82.104
17,8,2,33,66,Barcelona,82.115
18,5,2,40,66,Barcelona,82.294
19,13,0,40,66,Barcelona,81.964
20,10,0,42,66,Barcelona,81.924
21,9,2,43,66,Barcelona,81.709
22,9,1,32,66,Barcelona,81.798
23,5,1,43,66,Barcelona,81.909
24,11,1,44,66,Barcelona,82.241
25,13,1,30,66,Barcelona,81.29
26,18,2,36,66,Barcelona,81.192
27,7,2,30,66,Barcelona,81.37
28,9,2,36,66,Barcelona,80.603
29,12,1,42,66,Barcelona,81.396
30,19,1,35,66,Barcelona,81.372
31,13,2,42,66,Barcelona,81.366
32,14,1,41,66,Barcelona,81.232
33,18,0,42,66,Barcelona,81.501
34,10,1,38,66,Barcelona,84.621
35,15,1,40,66,Barcelona,99.586
36,12,1,42,66,Barcelona,80.982
37,13,1,40,66,Barcelona,80.825
38,1,0,32,66,Barcelona,81.191
39,7,2,34,66,Barcelona,80.72
40,4,1,32,66,Barcelona,81.044
41,8,1,31,66,Barcelona,121.224
42,7,2,31,66,Barcelona,115.38
43,4,0,44,66,Barcelona,81.016
44,12,0,33,66,Barcelona,80.746
45,12,2,43,66,Barcelona,80.681
46,6,2,32,66,Barcelona,80.446
47,4,0,40,66,Barcelona,80.477
48,4,2,42,66,Barcelona,80.805
49,3,0,30,66,Barcelona,80.336
50,1,1,35,66,Barcelona,79.823
51,10,2,36,66,Barcelona,80.442
52,17,0,37,66,Barcelona,79.877
53,5,1,37,66,Barcelona,80.355
54,11,0,30,66,Barcelona,79.777
55,6,2,40,66,Barcelona,79.731
56,14,1,40,66,Barcelona,79.508
57,1,2,42,66,Barcelona,79.515
58,8,2,36,66,Barcelona,79.599
59,12,1,30,66,Barcelona,79.656
60,11,0,37,66,Barcelona,79.707
61,7,1,39,66,Barcelona,79.557
62,13,2,32,66,Barcelona,79.422
63,16,0,40,66,Barcelona,79.454
64,13,1,37,66,Barcelona,79.786
65,10,1,31,66,Barcelona,80.194
66,11,0,36,66,Barcelona,81.202
1,17,1,43,66,Barcelona,114.044
2,2,2,42,66,Barcelona,156.436
3,10,1,38,66,Barcelona,133.445
4,5,2,35,66,Barcelona,128.545
5,12,0,41,66,Barcelona,130.178
6,19,2,41,66,Barcelona,130.561
7,10,2,44,66,Barcelona,87.165
8,3,1,33,66,Barcelona,83.567
9,19,1,30,66,Barcelona,82.746
10,16,1,41,66,Barcelona,82.555
11,10,0,41,66,Barcelona,82.573
12,19,1,40,66,Barcelona,82.345
13,9,0,42,66,Barcelona,82.243
14,4,2,34,66,Barcelona,82.595
15,12,1,40,66,Barcelona,82.454
16,11,1,43,66,Barcelona,82.368
17,9,0,31,66,Barcelona,82.497
18,18,2,34,66,Barcelona,82.314
19,4,1,33,66,Barcelona,82.283
20,15,1,42,66,Barcelona,82.115
21,2,0,43,66,Barcelona,81.91
22,15,0,32,66,Barcelona,82.311
23,7,1,32,66,Barcelona,81.895
24,10,1,42,66,Barcelona,81.96
25,15,0,34,66,Barcelona,81.736
26,5,0,44,66,Barcelona,82.592
27,16,0,34,66,Barcelona,82.008
28,4,1,37,66,Barcelona,82.041
29,19,0,33,66,Barcelona,82.459
30,3,1,39,66,Barcelona,81.403
31,9,1,31,66,Barcelona,81.285
32,2,0,37,66,Barcelona,81.312
33,16,2,39,66,Barcelona,84.538
34,17,2,35,66,Barcelona,99.339
35,10,1,37,66,Barcelona,80.85
36,7,2,39,66,Barcelona,82.436
37,6,0,36,66,Barcelona,81.17
38,12,1,30,66,Barcelona,81.413
39,4,1,41,66,Barcelona,80.805
40,8,0,32,66,Barcelona,82.254
41,5,0,30,66,Barcelona,122.589
42,10,0,34,66,Barcelona,122.559
43,2,2,36,66,Barcelona,82.366
44,13,1,31,66,Barcelona,80.602
45,19,0,37,66,Barcelona,80.605
46,7,1,30,66,Barcelona,80.363
47,2,1,42,66,Barcelona,80.35
48,10,2,35,66,Barcelona,80.854
49,14,0,38,66,Barcelona,80.278
50,19,0,35,66,Barcelona,79.147
51,13,1,36,66,Barcelona,79.673
52,8,1,41,66,Barcelona,79.801
53,9,1,44,66,Barcelona,80.219
54,1,1,44,66,Barcelona,81.351
55,4,1,33,66,Barcelona,79.093
56,17,1,39,66,Barcelona,81.627
57,13,0,38,66,Barcelona,80.69
58,13,1,30,66,Barcelona,79.767
59,10,0,30,66,Barcelona,79.63
60,7,1,41,66,Barcelona,81.093
61,3,1,38,66,Barcelona,78.441
62,5,0,30,66,Barcelona,79.595
63,19,1,44,66,Barcelona,79.867
64,4,0,41,66,Barcelona,78.46
65,8,1,33,66,Barcelona,80.586
66,2,1,34,66,Barcelona,81.678
1,12,1,40,66,Barcelona,116.04
2,5,0,36,66,Barcelona,155.896
3,2,2,44,66,Barcelona,133.292
4,5,1,36,66,Barcelona,128.069
5,19,0,41,66,Barcelona,130.421
6,8,2,44,66,Barcelona,130.231
7,2,1,33,66,Barcelona,87.167
8,9,1,32,66,Barcelona,85.039
9,16,2,34,66,Barcelona,83.739
10,16,1,44,66,Barcelona,83.548
11,10,0,40,66,Barcelona,83.431
12,16,1,36,66,Barcelona,83.576
13,8,0,34,66,Barcelona,83.564
14,14,2,32,66,Barcelona,83.467
15,2,2,41,66,Barcelona,83.604
16,19,0,40,66,Barcelona,83.363
17,19,0,33,66,Barcelona,83.027
18,11,0,44,66,Barcelona,83.077
19,10,2,30,66,Barcelona,82.856
20,13,1,43,66,Barcelona,84.524
21,12,1,41,66,Barcelona,84.423
22,14,1,37,66,Barcelona,82.842
23,12,2,39,66,Barcelona,82.559
24,19,1,44,66,Barcelona,82.911
25,9,2,37,66,Barcelona,83.194
26,3,2,32,66,Barcelona,83.129
27,13,2,39,66,Barcelona,82.8
28,11,0,31,66,Barcelona,82.587
29,6,2,34,66,Barcelona,82.505
30,12,0,30,66,Barcelona,82.733
31,14,2,33,66,Barcelona,82.771
32,17,0,32,66,Barcelona,86.628
33,15,1,35,66,Barcelona,102.22
34,2,0,40,66,Barcelona,81.246
35,14,1,32,66,Barcelona,81.243
36,11,2,33,66,Barcelona,81.421
37,17,1,35,66,Barcelona,81.851
38,14,2,43,66,Barcelona,81.645
39,17,1,44,66,Barcelona,81.588
40,7,1,31,66,Barcelona,101.289
41,14,2,31,66,Barcelona,120.523
42,5,1,41,66,Barcelona,95.617
43,15,1,36,66,Barcelona,82.025
44,10,0,39,66,Barcelona,81.577
45,17,2,43,66,Barcelona,81.55
46,18,1,40,66,Barcelona,81.419
47,12,1,32,66,Barcelona,82.357
48,12,0,42,66,Barcelona,81.37
49,16,2,30,66,Barcelona,81.265
50,6,1,35,66,Barcelona,81.322
51,4,0,36,66,Barcelona,81.232
52,4,1,43,66,Barcelona,84.213
53,6,2,36,66,Barcelona,81.565
54,14,0,44,66,Barcelona,81.165
55,10,1,35,66,Barcelona,80.973
56,9,2,41,66,Barcelona,81.106
57,5,2,31,66,Barcelona,80.966
58,11,2,43,66,Barcelona,80.984
59,8,1,35,66,Barcelona,80.908
60,14,1,36,66,Barcelona,80.793
61,18,1,36,66,Barcelona,80.59
62,16,0,39,66,Barcelona,80.564
63,14,2,41,66,Barcelona,81.993
64,10,1,41,66,Barcelona,80.246
65,4,1,40,66,Barcelona,82.366
1,17,0,31,66,Barcelona,117.373
2,8,1,38,66,Barcelona,155.938
3,16,1,40,66,Barcelona,133.005
4,19,0,36,66,Barcelona,129.088
5,13,1,41,66,Barcelona,129.964
6,9,2,31,66,Barcelona,128.825
7,8,1,37,66,Barcelona,87.436
8,1,1,32,66,Barcelona,85.558
9,14,0,30,66,Barcelona,84.454
10,4,2,44,66,Barcelona,84.117
11,10,1,37,66,Barcelona,83.756
12,9,2,39,66,Barcelona,83.885
13,12,1,39,66,Barcelona,83.631
14,12,1,41,66,Barcelona,83.876
15,2,2,34,66,Barcelona,83.519
16,14,2,32,66,Barcelona,83.464
17,3,0,38,66,Barcelona,83.52
18,16,1,39,66,Barcelona,83.795
19,1,0,30,66,Barcelona,83.699
20,17,2,36,66,Barcelona,83.757
21,11,2,30,66,Barcelona,83.798
22,3,1,33,66,Barcelona,83.708
23,4,1,44,66,Barcelona,83.629
24,6,0,43,66,Barcelona,83.814
25,2,1,34,66,Barcelona,87.618
26,3,2,32,66,Barcelona,101.99
27,19,1,33,66,Barcelona,83.133
28,3,1,31,66,Barcelona,84.557
29,14,2,41,66,Barcelona,84.037
30,15,1,31,66,Barcelona,83.11
31,11,1,40,66,Barcelona,84.076
32,11,0,42,66,Barcelona,82.926
33,5,0,41,66,Barcelona,82.837
34,9,1,33,66,Barcelona,83.982
35,5,1,42,66,Barcelona,83.071
36,15,2,44,66,Barcelona,82.186
37,15,0,38,66,Barcelona,82.216
38,7,2,36,66,Barcelona,84.319
39,11,1,36,66,Barcelona,82.182
40,15,2,37,66,Barcelona,111.485
41,12,0,39,66,Barcelona,121.759
42,17,1,35,66,Barcelona,84.82
43,6,0,36,66,Barcelona,81.94
44,11,1,42,66,Barcelona,81.606
45,9,1,33,66,Barcelona,82.062
46,5,0,33,66,Barcelona,81.848
47,1,2,32,66,Barcelona,83.432
48,10,1,39,66,Barcelona,82.518
49,18,0,35,66,Barcelona,81.822
50,4,0,36,66,Barcelona,81.699
51,13,2,40,66,Barcelona,81.561
52,17,1,44,66,Barcelona,81.722
53,8,1,42,66,Barcelona,85.543
54,5,2,42,66,Barcelona,81.335
55,7,1,37,66,Barcelona,81.414
56,8,0,35,66,Barcelona,81.684
57,18,0,36,66,Barcelona,81.53
58,3,1,37,66,Barcelona,81.779
59,15,1,32,66,Barcelona,81.856
60,6,2,31,66,Barcelona,82.265
61,5,2,41,66,Barcelona,81.324
62,12,1,30,66,Barcelona,81.727
63,3,1,40,66,Barcelona,82.849
64,11,2,35,66,Barcelona,81.621
65,4,0,35,66,Barcelona,81.89
1,19,2,40,66,Barcelona,118.679
2,6,1,30,66,Barcelona,157.134
3,12,2,37,66,Barcelona,131.588
4,12,1,40,66,Barcelona,129.653
5,14,1,35,66,Barcelona,129.851
6,6,1,33,66,Barcelona,127.708
7,14,0,32,66,Barcelona,87.831
8,5,0,43,66,Barcelona,85.76
9,9,0,32,66,Barcelona,84.833
10,1,2,44,66,Barcelona,84.277
11,19,2,34,66,Barcelona,84.289
12,7,2,31,66,Barcelona,84.2
13,6,0,34,66,Barcelona,84.335
14,10,2,32,66,Barcelona,83.958
15,10,1,40,66,Barcelona,84.055
16,3,0,32,66,Barcelona,83.736
17,5,2,30,66,Barcelona,83.977
18,9,1,33,66,Barcelona,84.176
19,2,1,32,66,Barcelona,83.853
20,5,2,32,66,Barcelona,87.17
21,1,2,36,66,Barcelona,101.964
22,5,0,37,66,Barcelona,83.03
23,3,0,31,66,Barcelona,83.539
24,3,0,38,66,Barcelona,83.536
25,16,0,43,66,Barcelona,83.012
26,5,1,43,66,Barcelona,82.962
27,15,1,44,66,Barcelona,83.047
28,15,0,40,66,Barcelona,83.625
29,17,0,43,66,Barcelona,84.207
30,10,0,41,66,Barcelona,83.531
31,4,0,38,66,Barcelona,83.943
32,4,1,30,66,Barcelona,83.429
33,3,1,33,66,Barcelona,82.84
34,5,1,32,66,Barcelona,83.227
35,18,0,34,66,Barcelona,83.229
36,15,2,36,66,Barcelona,82.926
37,12,0,36,66,Barcelona,84.541
38,4,2,37,66,Barcelona,82.818
39,12,0,32,66,Barcelona,82.71
40,1,0,34,66,Barcelona,113.315
41,12,1,40,66,Barcelona,121.252
42,17,0,43,66,Barcelona,88.474
43,12,0,31,66,Barcelona,83.154
44,5,2,37,66,Barcelona,82.591
45,1,2,33,66,Barcelona,82.519
46,2,2,44,66,Barcelona,82.358
47,8,0,39,66,Barcelona,86.017
48,8,1,44,66,Barcelona,82.445
49,14,2,31,66,Barcelona,82.279
50,12,1,40,66,Barcelona,82.264
51,18,1,44,66,Barcelona,82.122
52,8,2,38,66,Barcelona,82.264
53,13,2,44,66,Barcelona,84.486
54,18,0,42,66,Barcelona,83.617
55,4,1,36,66,Barcelona,82.318
56,19,1,30,66,Barcelona,82.628
57,15,2,40,66,Barcelona,82.984
58,3,1,36,66,Barcelona,84.121
59,10,2,40,66,Barcelona,83.446
60,7,2,32,66,Barcelona,83.599
61,17,0,32,66,Barcelona,83.357
62,4,0,40,66,Barcelona,82.81
63,6,0,37,66,Barcelona,84.848
64,17,0,35,66,Barcelona,83.706
1,5,1,32,66,Barcelona,120.261
2,11,0,31,66,Barcelona,156.761
3,15,0,32,66,Barcelona,131.58
4,8,0,42,66,Barcelona,130.739
5,6,1,36,66,Barcelona,129.448
6,7,2,30,66,Barcelona,126.196
7,10,0,42,66,Barcelona,88.685
8,17,1,30,66,Barcelona,85.963
9,16,2,39,66,Barcelona,85.174
10,10,2,36,66,Barcelona,84.671
11,11,1,36,66,Barcelona,84.377
12,6,1,31,66,Barcelona,84.629
13,1,1,35,66,Barcelona,84.525
14,14,2,30,66,Barcelona,84.685
15,19,0,35,66,Barcelona,84.527
16,15,1,42,66,Barcelona,84.173
17,15,2,38,66,Barcelona,84.246
18,10,2,36,66,Barcelona,84.109
19,11,2,37,66,Barcelona,83.893
20,4,2,39,66,Barcelona,83.557
21,3,1,36,66,Barcelona,83.687
22,19,2,38,66,Barcelona,83.405
23,7,2,35,66,Barcelona,83.35
24,12,1,42,66,Barcelona,83.46
25,13,1,40,66,Barcelona,83.716
26,16,1,39,66,Barcelona,83.34
27,16,2,37,66,Barcelona,83.448
28,2,0,43,66,Barcelona,83.585
29,19,1,32,66,Barcelona,87.102
30,3,2,34,66,Barcelona,127.59
31,7,2,36,66,Barcelona,82.922
32,5,0,37,66,Barcelona,82.666
33,15,2,30,66,Barcelona,83.343
34,14,1,36,66,Barcelona,84.285
35,19,2,31,66,Barcelona,82.282
36,7,0,31,66,Barcelona,82.117
37,4,1,32,66,Barcelona,84.816
38,9,1,33,66,Barcelona,82.319
1,4,1,44,66,Barcelona,122.514
2,16,2,34,66,Barcelona,155.384
3,8,2,36,66,Barcelona,132.147
4,2,0,33,66,Barcelona,130.994
5,6,2,43,66,Barcelona,129.899
6,12,1,35,66,Barcelona,124.209
7,16,0,41,66,Barcelona,87.75
8,15,1,38,66,Barcelona,86.062
9,14,1,39,66,Barcelona,84.922
10,9,1,34,66,Barcelona,84.535
11,14,1,31,66,Barcelona,84.695
12,15,1,37,66,Barcelona,84.516
13,5,1,42,66,Barcelona,84.236
14,10,1,31,66,Barcelona,84.744
15,16,2,40,66,Barcelona,84.22
16,6,2,44,66,Barcelona,83.982
17,16,0,44,66,Barcelona,84.023
18,8,2,41,66,Barcelona,83.631
19,16,1,38,66,Barcelona,83.553
20,15,1,38,66,Barcelona,83.646
21,10,2,35,66,Barcelona,86.572
22,9,1,33,66,Barcelona,100.941
23,15,2,30,66,Barcelona,82.945
24,15,1,30,66,Barcelona,83.559
25,14,1,35,66,Barcelona,84.482
26,1,0,32,66,Barcelona,82.594
27,10,1,34,66,Barcelona,82.669
28,12,2,32,66,Barcelona,82.876
29,12,2,32,66,Barcelona,84.137
30,15,0,37,66,Barcelona,83.648
31,11,1,38,66,Barcelona,83.924
32,7,0,44,66,Barcelona,84.856
33,2,0,40,66,Barcelona,82.651
34,8,1,41,66,Barcelona,82.525
35,17,2,34,66,Barcelona,82.983
36,12,1,31,66,Barcelona,83.918
37,19,1,33,66,Barcelona,83.435
38,3,0,41,66,Barcelona,82.717
39,17,2,38,66,Barcelona,82.807
40,1,2,33,66,Barcelona,113.907
41,1,1,38,66,Barcelona,120.217
42,3,2,40,66,Barcelona,85.185
43,4,1,43,66,Barcelona,84.242
44,15,1,37,66,Barcelona,82.496
45,12,2,42,66,Barcelona,82.195
46,2,1,33,66,Barcelona,82.165
47,5,1,34,66,Barcelona,81.959
48,12,0,42,66,Barcelona,82.466
49,4,2,44,66,Barcelona,84.447
50,13,0,42,66,Barcelona,81.723
51,12,2,44,66,Barcelona,82.073
52,10,1,38,66,Barcelona,81.559
53,18,2,38,66,Barcelona,81.79
54,8,0,42,66,Barcelona,81.308
55,4,2,43,66,Barcelona,81.295
56,12,0,31,66,Barcelona,81.84
57,14,2,43,66,Barcelona,81.854
58,6,2,37,66,Barcelona,81.945
59,2,0,38,66,Barcelona,82.337
60,2,1,30,66,Barcelona,82.316
61,14,0,31,66,Barcelona,81.196
62,1,1,34,66,Barcelona,80.97
63,13,0,37,66,Barcelona,80.856
64,10,0,34,66,Barcelona,80.727
65,3,2,30,66,Barcelona,81.059
1,4,2,42,66,Barcelona,123.922
2,15,0,36,66,Barcelona,154.972
3,16,1,38,66,Barcelona,132.536
4,13,2,35,66,Barcelona,132.029
5,18,0,32,66,Barcelona,129.024
6,3,2,39,66,Barcelona,123.498
7,2,0,35,66,Barcelona,88.147
8,14,1,42,66,Barcelona,86.534
9,8,2,42,66,Barcelona,85.309
10,18,2,40,66,Barcelona,84.972
11,12,1,36,66,Barcelona,85.053
12,17,2,30,66,Barcelona,84.877
13,2,0,37,66,Barcelona,84.635
14,3,2,43,66,Barcelona,84.703
15,19,1,36,66,Barcelona,84.549
16,1,0,43,66,Barcelona,84.245
17,8,2,31,66,Barcelona,84.694
18,3,1,30,66,Barcelona,84.34
19,5,1,42,66,Barcelona,84.354
20,19,2,41,66,Barcelona,87.849
21,7,1,30,66,Barcelona,101.23
22,6,0,37,66,Barcelona,83.28
23,19,0,37,66,Barcelona,85.187
24,6,0,33,66,Barcelona,83.537
25,2,1,36,66,Barcelona,83.001
26,4,2,31,66,Barcelona,83.139
27,2,0,44,66,Barcelona,83.0
28,7,1,32,66,Barcelona,83.128
29,19,1,32,66,Barcelona,83.177
30,1,1,39,66,Barcelona,83.093
31,16,1,40,66,Barcelona,83.118
32,7,2,34,66,Barcelona,83.073
33,3,1,35,66,Barcelona,86.133
34,8,2,33,66,Barcelona,83.113
35,9,2,32,66,Barcelona,84.069
36,7,2,42,66,Barcelona,84.664
37,12,1,37,66,Barcelona,85.055
38,11,0,37,66,Barcelona,83.153
39,8,2,31,66,Barcelona,82.891
40,17,0,42,66,Barcelona,121.631
41,5,1,42,66,Barcelona,115.115
42,10,2,35,66,Barcelona,86.657
43,3,2,36,66,Barcelona,84.367
44,3,1,37,66,Barcelona,82.859
45,15,0,30,66,Barcelona,83.035
46,14,1,41,66,Barcelona,82.478
47,9,0,44,66,Barcelona,82.598
48,19,2,31,66,Barcelona,82.629
49,11,1,36,66,Barcelona,83.645
50,12,0,40,66,Barcelona,82.475
51,10,2,39,66,Barcelona,82.369
52,17,1,37,66,Barcelona,82.419
53,14,1,30,66,Barcelona,82.185
54,15,0,31,66,Barcelona,82.205
55,10,0,36,66,Barcelona,82.202
56,13,0,44,66,Barcelona,82.421
57,17,1,38,66,Barcelona,83.184
58,12,2,42,66,Barcelona,82.627
59,9,0,32,66,Barcelona,82.475
60,5,0,42,66,Barcelona,82.095
61,18,2,42,66,Barcelona,83.815
62,4,1,43,66,Barcelona,82.751
63,16,0,42,66,Barcelona,82.551
64,4,1,30,66,Barcelona,82.894
1,13,0,41,66,Barcelona,125.103
2,10,0,37,66,Barcelona,154.443
3,18,2,30,66,Barcelona,132.716
4,3,0,33,66,Barcelona,134.212
5,11,2,38,66,Barcelona,127.474
6,3,2,32,66,Barcelona,122.517
7,18,2,30,66,Barcelona,88.147
8,3,2,42,66,Barcelona,86.857
9,8,2,44,66,Barcelona,85.64
10,11,0,40,66,Barcelona,84.712
11,3,1,39,66,Barcelona,84.841
12,14,0,30,66,Barcelona,85.057
13,10,1,31,66,Barcelona,84.648
14,8,2,39,66,Barcelona,84.72
15,15,2,41,66,Barcelona,85.258
16,2,0,36,66,Barcelona,84.859
17,1,1,41,66,Barcelona,84.545
18,9,2,36,66,Barcelona,84.356
19,16,0,39,66,Barcelona,84.569
20,3,2,39,66,Barcelona,84.102
21,19,0,33,66,Barcelona,83.727
22,19,1,41,66,Barcelona,83.845
23,8,2,44,66,Barcelona,83.835
24,7,1,36,66,Barcelona,84.177
25,10,2,37,66,Barcelona,84.624
26,10,0,42,66,Barcelona,88.302
27,17,2,30,66,Barcelona,101.614
28,17,1,40,66,Barcelona,82.245
29,13,0,41,66,Barcelona,82.105
30,12,1,35,66,Barcelona,82.073
31,9,1,44,66,Barcelona,85.369
32,1,1,41,66,Barcelona,82.223
33,19,2,32,66,Barcelona,82.4
34,7,2,39,66,Barcelona,82.781
35,17,2,38,66,Barcelona,81.406
36,18,2,37,66,Barcelona,82.081
37,3,1,30,66,Barcelona,82.131
38,14,0,38,66,Barcelona,82.359
39,12,1,31,66,Barcelona,84.038
40,18,0,31,66,Barcelona,117.803
41,16,0,42,66,Barcelona,130.341
42,18,2,36,66,Barcelona,82.882
43,14,1,34,66,Barcelona,81.128
44,8,1,42,66,Barcelona,81.491
45,12,1,38,66,Barcelona,81.383
46,9,1,39,66,Barcelona,81.452
47,10,2,35,66,Barcelona,81.351
48,17,1,41,66,Barcelona,81.59
49,8,2,32,66,Barcelona,81.451
50,2,0,37,66,Barcelona,81.494
51,3,1,39,66,Barcelona,81.877
52,12,0,39,66,Barcelona,82.227
53,16,2,35,66,Barcelona,84.392
54,10,1,35,66,Barcelona,82.389
55,13,0,43,66,Barcelona,82.073
56,15,1,36,66,Barcelona,82.585
57,7,0,42,66,Barcelona,82.709
58,2,0,37,66,Barcelona,82.003
59,16,2,42,66,Barcelona,82.474
60,2,0,36,66,Barcelona,82.872
61,5,0,36,66,Barcelona,82.312
62,15,2,31,66,Barcelona,82.256
63,15,1,43,66,Barcelona,82.603
64,15,2,35,66,Barcelona,85.352
1,16,2,35,66,Barcelona,126.642
2,5,0,44,66,Barcelona,153.785
3,5,0,36,66,Barcelona,134.185
4,6,0,37,66,Barcelona,133.553
5,15,0,43,66,Barcelona,127.695
6,3,1,43,66,Barcelona,121.285
7,2,0,44,66,Barcelona,88.058
8,5,1,31,66,Barcelona,87.011
9,3,2,35,66,Barcelona,85.502
10,10,0,35,66,Barcelona,84.876
11,12,2,42,66,Barcelona,84.756
12,1,2,35,66,Barcelona,85.283
13,16,1,31,66,Barcelona,84.589
14,10,2,30,66,Barcelona,84.713
15,17,1,36,66,Barcelona,84.938
16,2,2,34,66,Barcelona,84.84
17,15,2,37,66,Barcelona,85.042
18,6,2,44,66,Barcelona,84.299
19,11,1,30,66,Barcelona,84.574
20,14,1,43,66,Barcelona,84.128
21,16,1,34,66,Barcelona,83.906
22,14,1,43,66,Barcelona,84.27
23,7,1,35,66,Barcelona,84.002
24,4,0,38,66,Barcelona,84.013
25,11,2,43,66,Barcelona,83.925
26,3,1,36,66,Barcelona,84.203
27,2,0,42,66,Barcelona,83.269
28,14,2,31,66,Barcelona,83.446
29,16,0,39,66,Barcelona,83.392
30,16,1,42,66,Barcelona,83.479
31,4,0,39,66,Barcelona,83.471
32,10,1,39,66,Barcelona,83.61
33,13,1,41,66,Barcelona,83.65
34,2,0,42,66,Barcelona,86.531
35,6,1,30,66,Barcelona,106.257
36,8,0,33,66,Barcelona,82.804
37,14,0,32,66,Barcelona,84.923
38,11,2,36,66,Barcelona,82.594
39,1,1,39,66,Barcelona,82.719
40,9,0,36,66,Barcelona,122.252
41,10,1,30,66,Barcelona,113.119
42,10,2,40,66,Barcelona,83.812
43,13,1,37,66,Barcelona,83.358
44,14,0,31,66,Barcelona,83.178
45,15,2,32,66,Barcelona,85.532
1,15,0,38,66,Barcelona,131.078
2,8,1,43,66,Barcelona,151.904
3,4,0,31,66,Barcelona,135.104
4,8,2,31,66,Barcelona,133.809
5,13,0,39,66,Barcelona,126.671
6,6,0,33,66,Barcelona,121.551
7,1,0,30,66,Barcelona,90.479
8,9,1,44,66,Barcelona,86.554
9,12,1,34,66,Barcelona,85.665
10,14,2,33,66,Barcelona,85.523
11,3,2,37,66,Barcelona,85.151
12,2,1,42,66,Barcelona,84.969
13,10,1,34,66,Barcelona,85.515
14,11,2,36,66,Barcelona,85.89
15,7,0,33,66,Barcelona,84.707
16,16,1,36,66,Barcelona,84.086
17,18,1,34,66,Barcelona,84.194
18,8,1,32,66,Barcelona,84.529
19,7,1,31,66,Barcelona,84.758
20,14,1,41,66,Barcelona,84.331
21,19,1,38,66,Barcelona,84.201
22,8,2,38,66,Barcelona,84.18
23,4,1,40,66,Barcelona,83.837
24,3,2,35,66,Barcelona,83.838
25,1,0,39,66,Barcelona,85.381
26,16,1,42,66,Barcelona,85.172
27,6,2,43,66,Barcelona,83.735
28,9,2,33,66,Barcelona,83.475
29,14,1,41,66,Barcelona,83.522
30,16,2,40,66,Barcelona,83.696
31,1,2,41,66,Barcelona,83.623
32,4,1,42,66,Barcelona,83.881
33,11,2,33,66,Barcelona,86.966
34,14,0,36,66,Barcelona,103.886
35,8,0,36,66,Barcelona,82.622
36,6,1,35,66,Barcelona,82.377
37,4,1,38,66,Barcelona,82.34
38,16,0,42,66,Barcelona,82.288
39,6,0,33,66,Barcelona,88.644
40,16,1,35,66,Barcelona,122.571
41,9,1,40,66,Barcelona,112.25
42,1,0,31,66,Barcelona,83.806
43,4,2,30,66,Barcelona,82.622
44,5,2,41,66,Barcelona,84.224
45,9,0,41,66,Barcelona,81.965
46,15,2,33,66,Barcelona,81.944
47,7,1,44,66,Barcelona,81.95
48,7,1,42,66,Barcelona,82.04
49,11,0,32,66,Barcelona,82.12
50,13,1,31,66,Barcelona,81.881
51,17,1,35,66,Barcelona,81.913
52,9,2,33,66,Barcelona,81.956
53,10,2,39,66,Barcelona,82.195
54,1,1,38,66,Barcelona,82.361
55,5,1,44,66,Barcelona,82.12
56,5,2,36,66,Barcelona,82.5
57,7,1,38,66,Barcelona,83.118
58,2,2,31,66,Barcelona,84.786
59,8,1,42,66,Barcelona,82.765
60,3,1,38,66,Barcelona,82.718
61,9,1,33,66,Barcelona,82.614
62,13,0,31,66,Barcelona,81.625
63,1,1,40,66,Barcelona,81.439
64,17,1,37,66,Barcelona,86.305
1,18,0,31,66,Barcelona,131.849
2,10,2,32,66,Barcelona,150.402
3,7,1,30,66,Barcelona,134.154
4,13,0,39,66,Barcelona,134.428
5,1,2,31,66,Barcelona,126.527
6,8,0,40,66,Barcelona,122.343
7,1,0,32,66,Barcelona,88.655
8,9,0,40,66,Barcelona,86.03
9,19,0,34,66,Barcelona,85.466
10,5,2,37,66,Barcelona,85.13
11,10,0,30,66,Barcelona,85.028
12,4,2,42,66,Barcelona,84.873
13,6,0,35,66,Barcelona,85.15
14,4,2,37,66,Barcelona,84.722
15,16,0,39,66,Barcelona,84.611
16,12,2,44,66,Barcelona,84.752
17,8,0,33,66,Barcelona,84.738
18,14,1,34,66,Barcelona,84.857
19,9,2,35,66,Barcelona,84.891
20,6,1,40,66,Barcelona,84.166
21,13,0,42,66,Barcelona,84.314
22,19,0,32,66,Barcelona,84.217
23,6,1,43,66,Barcelona,83.899
24,10,0,41,66,Barcelona,83.911
25,8,1,31,66,Barcelona,83.472
26,10,2,38,66,Barcelona,83.741
27,15,1,34,66,Barcelona,83.524
28,18,1,36,66,Barcelona,84.56
29,14,2,37,66,Barcelona,83.775
30,10,1,35,66,Barcelona,83.387
31,7,0,37,66,Barcelona,83.63
32,18,0,36,66,Barcelona,83.027
33,17,2,36,66,Barcelona,83.163
34,5,2,30,66,Barcelona,83.434
35,2,2,30,66,Barcelona,87.09
36,11,2,43,66,Barcelona,100.795
37,18,0,32,66,Barcelona,82.712
38,9,2,30,66,Barcelona,84.011
39,6,1,36,66,Barcelona,82.797
40,19,0,37,66,Barcelona,121.756
41,6,0,34,66,Barcelona,113.942
42,6,2,42,66,Barcelona,84.26
43,5,1,35,66,Barcelona,83.593
44,10,0,30,66,Barcelona,83.478
45,15,2,31,66,Barcelona,83.176
46,19,0,38,66,Barcelona,83.11
47,14,2,42,66,Barcelona,82.953
48,18,1,41,66,Barcelona,84.253
49,19,0,35,66,Barcelona,82.586
50,8,1,34,66,Barcelona,82.487
51,19,1,32,66,Barcelona,82.797
52,8,1,36,66,Barcelona,82.797
53,16,1,35,66,Barcelona,82.805
54,1,1,35,66,Barcelona,82.563
55,18,2,37,66,Barcelona,82.561
56,9,2,40,66,Barcelona,82.627
57,3,1,38,66,Barcelona,83.044
58,15,2,33,66,Barcelona,83.29
59,15,0,34,66,Barcelona,84.258
60,8,1,36,66,Barcelona,82.661
61,18,0,34,66,Barcelona,82.846
62,7,0,36,66,Barcelona,84.791
63,12,0,41,66,Barcelona,84.497
64,5,1,31,66,Barcelona,84.541
1,12,1,39,66,Barcelona,135.71
2,1,2,36,66,Barcelona,149.412
3,7,1,35,66,Barcelona,134.646
4,8,1,40,66,Barcelona,133.632
5,3,0,40,66,Barcelona,127.41
6,15,2,30,66,Barcelona,119.521
7,18,1,34,66,Barcelona,89.102
8,7,0,36,66,Barcelona,86.472
9,7,1,41,66,Barcelona,85.775
10,8,0,35,66,Barcelona,85.334
11,3,0,32,66,Barcelona,85.426
12,16,1,36,66,Barcelona,85.139
13,1,1,35,66,Barcelona,84.989
14,19,2,40,66,Barcelona,85.104
15,11,1,31,66,Barcelona,84.519
16,13,1,41,66,Barcelona,84.472
17,3,1,42,66,Barcelona,84.526
18,11,2,40,66,Barcelona,84.511
19,11,0,39,66,Barcelona,84.764
20,9,1,36,66,Barcelona,84.379
21,18,1,34,66,Barcelona,84.097
22,2,2,32,66,Barcelona,83.907
23,7,1,31,66,Barcelona,84.358
24,17,2,39,66,Barcelona,87.126
25,11,2,33,66,Barcelona,103.641
26,1,1,35,66,Barcelona,82.97
27,9,1,33,66,Barcelona,86.622
28,16,0,38,66,Barcelona,85.144
29,17,0,40,66,Barcelona,83.875
30,11,2,38,66,Barcelona,86.818
31,17,1,36,66,Barcelona,83.132
32,10,2,38,66,Barcelona,83.257
33,17,0,42,66,Barcelona,83.41
34,8,2,36,66,Barcelona,84.387
35,1,2,34,66,Barcelona,86.513
36,19,2,36,66,Barcelona,83.554
37,13,1,40,66,Barcelona,83.071
38,2,0,36,66,Barcelona,82.756
39,8,0,30,66,Barcelona,90.161
40,18,0,31,66,Barcelona,122.453
41,14,1,37,66,Barcelona,121.922
42,16,1,32,66,Barcelona,106.753
43,12,0,35,66,Barcelona,83.002
44,13,2,37,66,Barcelona,83.105
45,5,1,36,66,Barcelona,82.971
46,16,1,35,66,Barcelona,86.38
47,4,0,41,66,Barcelona,83.805
48,14,1,30,66,Barcelona,83.004
49,10,2,37,66,Barcelona,84.499
50,16,2,44,66,Barcelona,84.778
51,14,0,39,66,Barcelona,85.045
52,19,2,44,66,Barcelona,83.155
53,5,1,35,66,Barcelona,82.754
54,2,0,31,66,Barcelona,85.471
55,14,1,37,66,Barcelona,82.829
56,9,0,44,66,Barcelona,82.886
57,7,0,39,66,Barcelona,82.68
58,4,1,33,66,Barcelona,82.689
59,19,0,40,66,Barcelona,88.346
60,14,2,35,66,Barcelona,84.438
61,15,1,40,66,Barcelona,82.702
62,13,1,39,66,Barcelona,84.779
63,12,2,32,66,Barcelona,83.323
1,12,1,36,78,Monaco,82.199
2,17,1,33,78,Monaco,78.135
3,14,1,35,78,Monaco,77.81
4,9,0,32,78,Monaco,77.796
5,12,0,42,78,Monaco,77.549
6,10,0,44,78,Monaco,77.428
7,3,2,33,78,Monaco,77.074
8,7,1,39,78,Monaco,77.11
9,13,1,44,78,Monaco,76.872
10,12,2,43,78,Monaco,77.047
11,9,2,31,78,Monaco,76.435
12,18,0,43,78,Monaco,76.848
13,9,0,32,78,Monaco,75.562
14,2,1,35,78,Monaco,75.792
15,2,0,30,78,Monaco,75.734
16,12,2,39,78,Monaco,76.981
17,10,1,36,78,Monaco,92.58
18,3,0,38,78,Monaco,80.661
19,17,1,36,78,Monaco,78.043
20,2,1,30,78,Monaco,78.831
21,10,1,37,78,Monaco,78.395
22,16,2,30,78,Monaco,78.712
23,4,1,30,78,Monaco,78.281
24,6,1,41,78,Monaco,78.275
25,6,2,41,78,Monaco,79.188
26,16,1,34,78,Monaco,78.672
27,19,0,37,78,Monaco,79.356
28,16,2,42,78,Monaco,79.418
29,19,2,34,78,Monaco,78.302
30,10,0,43,78,Monaco,78.257
31,11,2,36,78,Monaco,79.126
32,1,0,36,78,Monaco,79.156
33,2,2,43,78,Monaco,78.896
34,2,1,39,78,Monaco,79.461
35,11,1,36,78,Monaco,79.565
36,19,1,43,78,Monaco,79.852
37,3,0,43,78,Monaco,80.049
38,5,0,30,78,Monaco,79.809
39,18,2,40,78,Monaco,79.642
40,8,0,36,78,Monaco,80.031
41,2,0,31,78,Monaco,79.553
42,5,0,38,78,Monaco,79.979
43,7,2,41,78,Monaco,79.954
44,15,1,37,78,Monaco,79.797
45,15,1,44,78,Monaco,79.296
46,11,0,42,78,Monaco,79.638
47,16,2,44,78,Monaco,79.632
48,13,1,40,78,Monaco,79.405
49,14,2,32,78,Monaco,79.71
50,9,0,35,78,Monaco,79.759
51,19,1,37,78,Monaco,79.386
52,2,1,37,78,Monaco,79.611
53,4,0,42,78,Monaco,79.228
54,17,1,37,78,Monaco,81.196
55,17,1,39,78,Monaco,79.231
56,8,1,39,78,Monaco,78.341
57,7,1,35,78,Monaco,78.321
58,18,0,40,78,Monaco,78.192
59,8,0,30,78,Monaco,78.332
60,6,2,40,78,Monaco,78.52
61,15,2,37,78,Monaco,78.419
62,16,2,33,78,Monaco,78.054
63,14,2,40,78,Monaco,77.859
64,17,1,32,78,Monaco,78.001
65,5,0,37,78,Monaco,77.895
66,14,1,41,78,Monaco,77.927
67,12,2,43,78,Monaco,77.62
68,9,1,39,78,Monaco,77.329
69,15,0,43,78,Monaco,77.644
70,17,1,42,78,Monaco,77.355
71,1,2,35,78,Monaco,77.707
72,6,1,44,78,Monaco,80.093
73,4,0,42,78,Monaco,106.5
74,4,1,33,78,Monaco,86.948
75,15,1,37,78,Monaco,77.301
76,18,2,39,78,Monaco,76.801
77,9,1,35,78,Monaco,76.957
78,19,1,42,78,Monaco,78.386
1,19,1,32,78,Monaco,83.334
2,2,0,44,78,Monaco,78.447
3,12,1,40,78,Monaco,78.088
4,19,1,42,78,Monaco,77.488
5,1,0,41,78,Monaco,77.827
6,6,0,34,78,Monaco,77.321
7,10,1,40,78,Monaco,77.256
8,12,1,39,78,Monaco,76.998
9,14,1,33,78,Monaco,77.264
10,18,2,37,78,Monaco,76.659
11,3,1,43,78,Monaco,76.644
12,19,1,43,78,Monaco,76.94
13,17,0,30,78,Monaco,76.139
14,11,1,42,78,Monaco,76.065
15,7,1,32,78,Monaco,76.539
16,18,0,33,78,Monaco,94.156
17,6,2,43,78,Monaco,78.172
18,19,1,40,78,Monaco,77.539
19,3,1,32,78,Monaco,77.875
20,7,1,37,78,Monaco,77.96
21,5,0,34,78,Monaco,78.481
22,11,2,41,78,Monaco,78.302
23,16,2,32,78,Monaco,78.288
24,5,1,41,78,Monaco,78.545
25,3,1,30,78,Monaco,78.717
26,14,2,44,78,Monaco,78.691
27,19,1,32,78,Monaco,79.274
28,19,0,33,78,Monaco,78.817
29,5,0,41,78,Monaco,78.038
30,14,1,36,78,Monaco,78.657
31,4,2,36,78,Monaco,79.103
32,13,2,42,78,Monaco,79.329
33,9,2,37,78,Monaco,78.919
34,9,1,34,78,Monaco,79.632
35,11,2,35,78,Monaco,79.775
36,13,0,31,78,Monaco,79.601
37,13,1,32,78,Monaco,80.137
38,6,1,34,78,Monaco,79.785
39,8,2,37,78,Monaco,79.786
40,3,0,39,78,Monaco,79.737
41,8,2,30,78,Monaco,79.859
42,19,1,34,78,Monaco,79.808
43,10,2,40,78,Monaco,79.938
44,2,1,39,78,Monaco,79.768
45,5,1,44,78,Monaco,79.566
46,3,1,33,78,Monaco,79.525
47,15,1,39,78,Monaco,79.486
48,13,2,41,78,Monaco,79.354
49,14,1,44,78,Monaco,79.682
50,12,0,33,78,Monaco,79.537
51,12,0,43,78,Monaco,79.594
52,16,2,41,78,Monaco,79.372
53,2,1,33,78,Monaco,79.541
54,8,1,43,78,Monaco,80.966
55,6,2,41,78,Monaco,78.941
56,5,0,34,78,Monaco,78.379
57,5,1,30,78,Monaco,78.185
58,6,1,43,78,Monaco,78.565
59,11,2,44,78,Monaco,78.381
60,2,1,44,78,Monaco,78.45
61,3,2,35,78,Monaco,78.428
62,2,2,43,78,Monaco,77.774
63,7,2,38,78,Monaco,78.148
64,15,0,31,78,Monaco,77.763
65,15,0,38,78,Monaco,78.054
66,13,2,35,78,Monaco,77.932
67,5,1,39,78,Monaco,77.628
68,4,1,40,78,Monaco,77.725
69,1,2,33,78,Monaco,77.959
70,4,0,33,78,Monaco,77.325
71,9,1,38,78,Monaco,77.229
72,4,0,43,78,Monaco,80.621
73,12,0,39,78,Monaco,107.651
74,16,0,43,78,Monaco,89.068
75,13,1,35,78,Monaco,77.373
76,11,0,32,78,Monaco,78.133
77,13,1,30,78,Monaco,77.848
78,4,1,31,78,Monaco,78.262
1,3,0,43,78,Monaco,84.315
2,5,1,37,78,Monaco,78.485
3,17,1,35,78,Monaco,78.108
4,13,1,36,78,Monaco,77.95
5,2,0,33,78,Monaco,77.828
6,13,2,39,78,Monaco,77.468
7,2,1,43,78,Monaco,77.62
8,16,0,34,78,Monaco,76.988
9,18,1,37,78,Monaco,77.063
10,1,0,43,78,Monaco,77.24
11,9,1,32,78,Monaco,77.521
12,11,0,33,78,Monaco,94.447
13,11,2,39,78,Monaco,79.001
14,10,2,38,78,Monaco,77.364
15,8,2,38,78,Monaco,76.27
16,10,1,36,78,Monaco,76.719
17,15,2,35,78,Monaco,77.472
18,3,2,43,78,Monaco,77.277
19,2,0,44,78,Monaco,77.378
20,15,2,33,78,Monaco,77.696
21,16,0,41,78,Monaco,78.925
22,17,0,41,78,Monaco,78.356
23,14,1,30,78,Monaco,78.354
24,4,2,40,78,Monaco,79.612
25,10,1,38,78,Monaco,78.563
26,17,1,34,78,Monaco,79.024
27,4,2,32,78,Monaco,78.495
28,12,1,39,78,Monaco,79.171
29,12,1,35,78,Monaco,79.876
30,3,0,31,78,Monaco,79.723
31,3,1,41,78,Monaco,78.961
32,3,1,32,78,Monaco,78.118
33,3,1,41,78,Monaco,78.316
34,16,0,39,78,Monaco,78.921
35,9,1,34,78,Monaco,78.91
36,1,1,44,78,Monaco,79.465
37,17,0,34,78,Monaco,78.962
38,13,1,39,78,Monaco,78.645
39,18,2,41,78,Monaco,79.092
40,5,0,35,78,Monaco,79.7
41,14,2,42,78,Monaco,79.217
42,17,0,32,78,Monaco,79.324
43,1,2,32,78,Monaco,79.511
44,18,2,37,78,Monaco,79.716
45,10,1,37,78,Monaco,79.451
46,9,1,41,78,Monaco,79.596
47,11,1,39,78,Monaco,79.637
48,18,1,31,78,Monaco,79.348
49,15,1,36,78,Monaco,79.447
50,3,2,38,78,Monaco,79.696
51,8,2,33,78,Monaco,79.508
52,9,1,33,78,Monaco,79.327
53,1,1,30,78,Monaco,79.59
54,15,1,31,78,Monaco,81.011
55,12,1,37,78,Monaco,79.036
56,12,1,31,78,Monaco,78.861
57,17,2,37,78,Monaco,79.033
58,7,0,44,78,Monaco,78.496
59,12,1,42,78,Monaco,78.483
60,6,0,40,78,Monaco,78.28
61,2,2,36,78,Monaco,78.425
62,16,0,42,78,Monaco,78.2
63,8,0,44,78,Monaco,78.478
64,16,2,36,78,Monaco,77.971
65,1,1,43,78,Monaco,77.839
66,11,1,40,78,Monaco,77.946
67,7,1,37,78,Monaco,78.89
68,12,0,39,78,Monaco,78.185
69,12,0,35,78,Monaco,79.284
70,13,1,32,78,Monaco,78.741
71,18,0,35,78,Monaco,78.85
72,10,1,33,78,Monaco,83.489
73,4,2,34,78,Monaco,106.095
74,6,0,30,78,Monaco,86.132
75,3,0,37,78,Monaco,77.926
76,1,2,41,78,Monaco,78.25
77,13,2,39,78,Monaco,78.416
78,19,0,35,78,Monaco,78.736
1,4,2,41,78,Monaco,85.237
2,13,0,34,78,Monaco,78.414
3,5,0,32,78,Monaco,78.156
4,17,1,42,78,Monaco,77.725
5,18,0,40,78,Monaco,77.88
6,16,2,41,78,Monaco,77.547
7,3,1,33,78,Monaco,77.618
8,16,0,38,78,Monaco,77.171
9,9,0,34,78,Monaco,77.043
10,9,1,40,78,Monaco,77.216
11,1,1,41,78,Monaco,77.605
12,16,1,30,78,Monaco,77.906
13,1,1,40,78,Monaco,76.392
14,1,2,35,78,Monaco,76.879
15,18,2,33,78,Monaco,77.125
16,16,0,42,78,Monaco,78.129
17,7,1,42,78,Monaco,95.833
18,15,2,44,78,Monaco,79.851
19,8,2,34,78,Monaco,77.06
20,3,1,30,78,Monaco,77.076
21,15,1,41,78,Monaco,77.31
22,12,0,30,78,Monaco,77.81
23,2,2,44,78,Monaco,78.551
24,5,0,41,78,Monaco,78.6
25,2,2,39,78,Monaco,78.883
26,5,2,41,78,Monaco,79.284
27,19,1,38,78,Monaco,79.135
28,19,1,33,78,Monaco,78.907
29,8,1,30,78,Monaco,79.698
30,13,1,38,78,Monaco,79.448
31,17,2,38,78,Monaco,79.494
32,10,2,42,78,Monaco,78.941
33,5,0,41,78,Monaco,79.069
34,12,0,37,78,Monaco,79.062
35,4,0,33,78,Monaco,79.301
36,3,0,39,78,Monaco,79.466
37,1,2,30,78,Monaco,78.993
38,17,1,36,78,Monaco,79.016
39,9,1,39,78,Monaco,78.97
40,4,2,33,78,Monaco,79.137
41,10,1,40,78,Monaco,79.592
42,5,1,34,78,Monaco,79.42
43,8,2,39,78,Monaco,79.31
44,9,2,33,78,Monaco,79.614
45,2,2,38,78,Monaco,79.492
46,4,1,43,78,Monaco,79.24
47,15,2,38,78,Monaco,79.469
48,5,2,32,78,Monaco,79.285
49,15,0,35,78,Monaco,79.377
50,18,1,36,78,Monaco,78.931
51,11,1,44,78,Monaco,79.272
52,14,0,34,78,Monaco,79.363
53,12,0,33,78,Monaco,79.204
54,19,0,38,78,Monaco,80.553
55,14,2,41,78,Monaco,79.576
56,17,0,42,78,Monaco,79.617
57,11,1,41,78,Monaco,78.582
58,3,2,33,78,Monaco,78.929
59,1,2,34,78,Monaco,78.597
60,4,0,33,78,Monaco,78.875
61,1,0,35,78,Monaco,78.725
62,6,0,40,78,Monaco,78.147
63,9,1,32,78,Monaco,78.555
64,15,0,30,78,Monaco,78.339
65,6,1,38,78,Monaco,78.747
66,9,1,36,78,Monaco,78.607
67,2,2,31,78,Monaco,78.591
68,3,2,38,78,Monaco,78.911
69,13,1,36,78,Monaco,78.719
70,16,1,37,78,Monaco,77.957
71,9,2,41,78,Monaco,78.424
72,14,2,40,78,Monaco,88.274
73,10,0,38,78,Monaco,104.166
74,18,1,38,78,Monaco,80.453
75,2,0,30,78,Monaco,78.21
76,8,2,30,78,Monaco,78.08
77,13,0,33,78,Monaco,78.435
78,10,2,43,78,Monaco,78.358
1,4,1,30,78,Monaco,86.051
2,3,0,34,78,Monaco,78.63
3,4,0,32,78,Monaco,78.096
4,8,2,30,78,Monaco,78.074
5,1,0,34,78,Monaco,78.016
6,17,2,38,78,Monaco,77.734
7,3,2,35,78,Monaco,77.953
8,12,2,44,78,Monaco,77.559
9,15,0,44,78,Monaco,77.823
10,1,1,42,78,Monaco,77.768
11,10,1,30,78,Monaco,77.935
12,16,2,38,78,Monaco,78.737
13,9,0,35,78,Monaco,79.014
14,1,0,38,78,Monaco,79.044
15,17,1,42,78,Monaco,79.285
16,17,2,37,78,Monaco,79.415
17,1,0,43,78,Monaco,96.837
18,8,0,36,78,Monaco,79.033
19,2,1,33,78,Monaco,77.692
20,13,1,36,78,Monaco,76.55
21,4,1,41,78,Monaco,76.312
22,7,2,34,78,Monaco,77.999
23,16,0,30,78,Monaco,76.866
24,12,0,31,78,Monaco,77.141
25,5,2,34,78,Monaco,77.334
26,15,2,39,78,Monaco,77.496
27,6,0,43,78,Monaco,77.911
28,1,2,34,78,Monaco,77.957
29,9,2,35,78,Monaco,78.321
30,13,1,36,78,Monaco,78.115
31,4,2,35,78,Monaco,78.863
32,2,0,41,78,Monaco,79.163
33,14,0,37,78,Monaco,79.958
34,11,2,40,78,Monaco,79.015
35,19,0,40,78,Monaco,79.337
36,18,1,36,78,Monaco,79.03
37,17,1,33,78,Monaco,79.056
38,8,2,41,78,Monaco,78.292
39,11,0,31,78,Monaco,78.829
40,13,1,44,78,Monaco,80.506
41,17,0,34,78,Monaco,79.479
42,16,1,32,78,Monaco,79.362
43,13,1,36,78,Monaco,79.167
44,16,0,35,78,Monaco,79.495
45,7,1,39,78,Monaco,79.421
46,4,2,36,78,Monaco,79.695
47,9,0,35,78,Monaco,79.292
48,5,1,34,78,Monaco,79.497
49,6,0,36,78,Monaco,79.172
50,16,1,36,78,Monaco,78.727
51,13,1,42,78,Monaco,79.331
52,6,0,43,78,Monaco,79.547
53,16,1,32,78,Monaco,79.09
54,15,0,44,78,Monaco,80.477
55,15,2,34,78,Monaco,79.238
56,15,1,41,78,Monaco,79.339
57,18,1,40,78,Monaco,78.98
58,8,1,39,78,Monaco,78.805
59,19,0,42,78,Monaco,78.717
60,8,0,41,78,Monaco,78.516
61,3,0,34,78,Monaco,78.948
62,8,1,42,78,Monaco,78.255
63,19,0,39,78,Monaco,78.297
64,12,0,30,78,Monaco,78.434
65,17,0,32,78,Monaco,78.637
66,19,1,39,78,Monaco,78.497
67,3,1,33,78,Monaco,79.713
68,16,0,42,78,Monaco,78.476
69,9,1,39,78,Monaco,78.439
70,18,0,41,78,Monaco,78.146
71,8,2,30,78,Monaco,78.134
72,3,0,36,78,Monaco,88.268
73,3,1,31,78,Monaco,103.692
74,18,1,43,78,Monaco,81.311
75,1,1,42,78,Monaco,77.741
76,5,2,34,78,Monaco,78.053
77,17,1,31,78,Monaco,78.087
78,17,1,37,78,Monaco,78.407
1,1,1,30,78,Monaco,87.102
2,15,2,44,78,Monaco,79.01
3,10,2,33,78,Monaco,78.84
4,6,2,44,78,Monaco,78.667
5,17,1,30,78,Monaco,78.499
6,12,0,31,78,Monaco,78.64
7,11,1,43,78,Monaco,78.671
8,4,1,43,78,Monaco,78.671
9,14,1,42,78,Monaco,78.904
10,5,0,35,78,Monaco,78.865
11,1,0,41,78,Monaco,79.055
12,10,2,33,78,Monaco,79.218
13,10,1,43,78,Monaco,79.249
14,15,0,31,78,Monaco,80.106
15,13,2,40,78,Monaco,78.702
16,4,2,37,78,Monaco,78.692
17,12,2,36,78,Monaco,78.678
18,3,1,33,78,Monaco,78.792
19,16,1,42,78,Monaco,78.723
20,5,0,30,78,Monaco,79.068
21,19,1,33,78,Monaco,79.378
22,13,1,31,78,Monaco,79.936
23,19,1,38,78,Monaco,98.104
24,2,1,33,78,Monaco,81.698
25,11,0,42,78,Monaco,79.602
26,17,0,35,78,Monaco,79.793
27,17,1,38,78,Monaco,79.594
28,12,2,33,78,Monaco,79.28
29,9,1,40,78,Monaco,79.072
30,7,2,31,78,Monaco,79.261
31,2,0,31,78,Monaco,78.267
32,3,1,37,78,Monaco,78.873
33,9,1,36,78,Monaco,78.47
34,4,2,37,78,Monaco,78.479
35,17,0,36,78,Monaco,78.454
36,6,0,39,78,Monaco,78.683
37,17,0,30,78,Monaco,78.465
38,1,2,40,78,Monaco,78.972
39,6,1,38,78,Monaco,78.826
40,17,2,44,78,Monaco,78.774
41,1,2,36,78,Monaco,78.71
42,12,2,40,78,Monaco,78.655
43,1,0,33,78,Monaco,78.636
44,10,1,39,78,Monaco,78.641
45,10,2,32,78,Monaco,78.148
46,15,0,44,78,Monaco,78.535
47,15,2,41,78,Monaco,78.366
48,16,0,31,78,Monaco,79.587
49,11,1,39,78,Monaco,79.006
50,8,1,37,78,Monaco,79.23
51,3,1,40,78,Monaco,78.823
52,6,1,32,78,Monaco,79.203
53,17,1,42,78,Monaco,79.677
54,14,1,33,78,Monaco,79.583
55,18,1,40,78,Monaco,77.45
56,13,1,33,78,Monaco,77.594
57,17,0,38,78,Monaco,77.5
58,8,0,37,78,Monaco,77.495
59,1,1,39,78,Monaco,77.374
60,19,1,32,78,Monaco,77.463
61,15,1,33,78,Monaco,78.197
62,17,2,44,78,Monaco,77.624
63,16,0,34,78,Monaco,77.027
64,14,0,41,78,Monaco,77.043
65,17,1,43,78,Monaco,77.141
66,19,0,38,78,Monaco,77.354
67,3,2,35,78,Monaco,77.411
68,14,2,37,78,Monaco,77.163
69,17,1,37,78,Monaco,77.092
70,12,2,44,78,Monaco,77.288
71,16,1,41,78,Monaco,77.91
72,14,1,42,78,Monaco,90.832
73,18,2,39,78,Monaco,103.478
74,2,1,39,78,Monaco,79.459
75,8,2,40,78,Monaco,78.824
76,7,0,37,78,Monaco,78.423
77,19,1,35,78,Monaco,78.852
78,10,0,34,78,Monaco,79.547
1,16,1,34,78,Monaco,88.656
2,2,1,41,78,Monaco,79.987
3,5,2,37,78,Monaco,79.79
4,13,2,41,78,Monaco,79.456
5,1,0,42,78,Monaco,79.135
6,12,1,31,78,Monaco,79.162
7,18,2,41,78,Monaco,78.974
8,4,0,42,78,Monaco,79.401
9,14,1,36,78,Monaco,78.773
10,16,1,36,78,Monaco,78.687
11,10,1,33,78,Monaco,78.701
12,1,0,36,78,Monaco,78.837
13,10,2,37,78,Monaco,78.989
14,11,1,40,78,Monaco,79.302
15,7,0,35,78,Monaco,78.991
16,6,2,37,78,Monaco,79.087
17,15,1,30,78,Monaco,79.427
18,14,2,40,78,Monaco,79.32
19,1,0,33,78,Monaco,96.37
20,2,0,36,78,Monaco,82.318
21,2,0,31,78,Monaco,79.578
22,3,2,33,78,Monaco,77.484
23,1,2,35,78,Monaco,77.018
24,17,1,34,78,Monaco,79.443
25,17,0,44,78,Monaco,79.296
26,17,2,44,78,Monaco,79.853
27,3,1,42,78,Monaco,79.601
28,11,1,43,78,Monaco,79.658
29,11,0,31,78,Monaco,79.022
30,1,2,33,78,Monaco,78.819
31,8,2,33,78,Monaco,78.663
32,11,1,33,78,Monaco,78.916
33,13,0,31,78,Monaco,78.653
34,9,0,44,78,Monaco,78.317
35,11,0,39,78,Monaco,78.095
36,7,0,37,78,Monaco,78.69
37,4,1,44,78,Monaco,78.551
38,10,2,41,78,Monaco,79.844
39,7,0,39,78,Monaco,78.883
40,10,1,43,78,Monaco,79.554
41,16,0,40,78,Monaco,79.346
42,14,2,42,78,Monaco,78.186
43,6,2,36,78,Monaco,78.473
44,16,0,42,78,Monaco,78.185
45,8,2,35,78,Monaco,78.897
46,19,0,39,78,Monaco,77.898
47,11,0,39,78,Monaco,78.357
48,15,2,39,78,Monaco,78.915
49,17,1,35,78,Monaco,78.986
50,10,1,35,78,Monaco,81.492
51,15,1,30,78,Monaco,81.376
52,8,1,44,78,Monaco,82.363
1,3,0,38,78,Monaco,89.451
2,12,1,33,78,Monaco,80.492
3,12,1,36,78,Monaco,79.768
4,2,2,30,78,Monaco,79.582
5,10,1,43,78,Monaco,79.676
6,8,1,37,78,Monaco,79.41
7,10,0,37,78,Monaco,79.444
8,13,0,33,78,Monaco,79.398
9,11,1,32,78,Monaco,79.25
10,7,2,31,78,Monaco,78.854
11,6,0,36,78,Monaco,79.38
12,3,0,30,78,Monaco,78.941
13,5,1,36,78,Monaco,79.483
14,16,0,36,78,Monaco,79.98
15,8,1,33,78,Monaco,80.619
16,2,1,33,78,Monaco,97.536
17,16,2,30,78,Monaco,80.395
18,6,0,43,78,Monaco,78.133
19,15,1,36,78,Monaco,77.491
20,1,1,39,78,Monaco,79.356
21,8,2,39,78,Monaco,78.972
22,11,1,44,78,Monaco,78.522
23,7,2,43,78,Monaco,77.938
24,3,2,35,78,Monaco,78.395
25,17,1,30,78,Monaco,78.731
26,15,1,43,78,Monaco,79.432
27,8,1,32,78,Monaco,79.637
28,13,0,34,78,Monaco,79.247
29,9,0,41,78,Monaco,79.461
30,10,1,43,78,Monaco,79.184
31,6,1,34,78,Monaco,79.308
32,18,1,36,78,Monaco,79.268
33,5,1,30,78,Monaco,79.211
34,2,1,42,78,Monaco,79.219
35,16,1,42,78,Monaco,78.981
36,9,1,42,78,Monaco,79.185
37,13,2,41,78,Monaco,79.232
38,2,2,41,78,Monaco,80.791
39,6,0,35,78,Monaco,79.776
40,4,1,34,78,Monaco,79.662
41,8,2,38,78,Monaco,79.52
42,6,2,32,78,Monaco,79.505
43,15,1,33,78,Monaco,79.28
44,6,1,31,78,Monaco,78.853
45,10,0,44,78,Monaco,78.781
46,4,2,36,78,Monaco,78.582
47,5,2,40,78,Monaco,78.186
48,10,2,35,78,Monaco,78.339
49,18,2,38,78,Monaco,78.328
50,1,0,38,78,Monaco,78.055
51,17,0,30,78,Monaco,78.735
52,9,2,34,78,Monaco,78.912
53,19,2,33,78,Monaco,78.791
54,12,0,30,78,Monaco,79.674
55,10,0,30,78,Monaco,80.524
56,9,1,44,78,Monaco,80.017
57,1,1,43,78,Monaco,82.074
58,9,0,30,78,Monaco,78.877
59,4,1,32,78,Monaco,79.064
60,8,0,35,78,Monaco,78.904
61,15,2,30,78,Monaco,78.858
62,4,1,44,78,Monaco,79.116
63,1,2,36,78,Monaco,78.636
64,15,1,33,78,Monaco,78.415
65,9,1,33,78,Monaco,78.686
66,10,1,30,78,Monaco,78.583
67,16,0,35,78,Monaco,78.925
68,9,0,34,78,Monaco,78.626
69,16,2,40,78,Monaco,78.602
70,7,1,36,78,Monaco,79.028
71,16,1,32,78,Monaco,79.575
72,3,1,41,78,Monaco,97.839
73,4,1,43,78,Monaco,95.472
74,17,0,30,78,Monaco,82.581
75,7,0,33,78,Monaco,79.406
76,13,0,34,78,Monaco,79.094
77,7,1,34,78,Monaco,79.048
78,13,2,30,78,Monaco,79.538
1,1,2,37,78,Monaco,90.842
2,1,2,37,78,Monaco,80.609
3,17,2,43,78,Monaco,79.711
4,16,2,37,78,Monaco,79.563
5,4,0,34,78,Monaco,79.376
6,8,1,31,78,Monaco,79.588
7,11,1,36,78,Monaco,79.654
8,12,0,42,78,Monaco,79.475
9,19,0,35,78,Monaco,79.04
10,17,2,40,78,Monaco,78.93
11,1,1,44,78,Monaco,79.175
12,6,2,35,78,Monaco,79.067
13,7,1,36,78,Monaco,79.495
14,1,1,32,78,Monaco,79.668
15,18,0,36,78,Monaco,80.311
16,5,0,32,78,Monaco,80.884
17,18,2,34,78,Monaco,78.682
18,5,0,31,78,Monaco,78.379
19,5,2,33,78,Monaco,79.143
20,1,1,37,78,Monaco,79.263
21,12,2,42,78,Monaco,100.898
22,18,2,34,78,Monaco,81.571
23,6,2,30,78,Monaco,78.373
24,4,0,44,78,Monaco,77.546
25,14,0,39,78,Monaco,77.869
26,7,0,44,78,Monaco,78.157
27,15,0,42,78,Monaco,78.206
28,5,1,35,78,Monaco,78.708
29,4,1,36,78,Monaco,78.896
30,10,2,42,78,Monaco,79.886
31,6,0,37,78,Monaco,80.099
32,18,2,40,78,Monaco,79.879
33,4,0,34,78,Monaco,80.145
34,4,1,39,78,Monaco,79.297
35,19,1,30,78,Monaco,80.077
36,5,0,30,78,Monaco,79.959
37,12,0,39,78,Monaco,79.953
38,15,0,30,78,Monaco,80.168
39,16,0,32,78,Monaco,80.424
40,3,1,41,78,Monaco,80.245
41,3,0,32,78,Monaco,79.137
42,12,1,37,78,Monaco,79.984
43,11,2,43,78,Monaco,79.578
44,2,2,40,78,Monaco,80.346
45,16,1,34,78,Monaco,80.231
46,15,1,43,78,Monaco,80.303
47,1,1,32,78,Monaco,79.284
48,18,0,39,78,Monaco,79.329
49,19,0,37,78,Monaco,78.915
50,9,1,30,78,Monaco,79.219
51,13,1,36,78,Monaco,78.646
52,14,2,32,78,Monaco,79.088
53,13,1,37,78,Monaco,79.282
54,13,0,44,78,Monaco,78.719
55,16,0,38,78,Monaco,78.738
56,1,0,42,78,Monaco,78.892
57,10,0,42,78,Monaco,78.438
58,5,0,38,78,Monaco,78.453
59,2,1,40,78,Monaco,78.209
60,4,2,36,78,Monaco,78.347
61,7,2,43,78,Monaco,77.949
62,19,1,31,78,Monaco,77.942
63,19,2,34,78,Monaco,77.785
64,16,0,30,78,Monaco,78.413
65,16,1,35,78,Monaco,78.591
66,16,0,39,78,Monaco,78.594
67,8,1,44,78,Monaco,78.221
68,6,0,41,78,Monaco,78.808
69,7,2,43,78,Monaco,78.912
70,7,2,35,78,Monaco,78.535
71,12,1,41,78,Monaco,81.871
72,15,1,32,78,Monaco,102.266
73,2,1,36,78,Monaco,90.456
74,6,1,42,78,Monaco,79.063
75,9,2,34,78,Monaco,78.678
76,1,0,41,78,Monaco,77.98
77,17,0,34,78,Monaco,78.11
78,8,1,32,78,Monaco,78.745
1,6,1,41,78,Monaco,91.614
2,13,2,33,78,Monaco,80.619
3,11,2,42,78,Monaco,79.812
4,2,1,40,78,Monaco,79.562
5,9,0,31,78,Monaco,79.4
6,5,1,41,78,Monaco,79.489
7,16,2,36,78,Monaco,79.766
8,2,1,44,78,Monaco,79.497
9,12,1,33,78,Monaco,79.346
10,6,1,39,78,Monaco,79.193
11,5,2,39,78,Monaco,79.714
12,11,0,42,78,Monaco,79.118
13,7,2,40,78,Monaco,79.238
14,8,2,35,78,Monaco,79.738
15,4,1,43,78,Monaco,79.937
16,15,1,36,78,Monaco,80.471
17,17,2,41,78,Monaco,79.54
18,15,2,36,78,Monaco,79.029
19,3,2,39,78,Monaco,79.145
20,15,0,43,78,Monaco,79.182
21,1,0,34,78,Monaco,79.247
22,2,0,31,78,Monaco,78.824
23,18,1,30,78,Monaco,78.431
24,2,0,31,78,Monaco,78.57
25,7,1,36,78,Monaco,78.701
26,16,1,31,78,Monaco,78.405
27,3,1,42,78,Monaco,78.912
28,14,2,32,78,Monaco,78.235
29,7,2,40,78,Monaco,78.09
30,9,1,34,78,Monaco,78.302
31,13,2,33,78,Monaco,78.263
32,12,2,35,78,Monaco,78.63
33,3,2,34,78,Monaco,78.275
34,5,1,42,78,Monaco,78.69
35,19,1,32,78,Monaco,78.59
36,1,0,31,78,Monaco,79.048
37,19,0,39,78,Monaco,96.516
38,5,1,41,78,Monaco,80.582
39,4,0,35,78,Monaco,78.239
40,4,2,35,78,Monaco,77.85
41,13,1,43,78,Monaco,79.021
42,6,2,36,78,Monaco,78.996
43,17,2,37,78,Monaco,79.318
44,1,1,38,78,Monaco,78.772
45,14,1,43,78,Monaco,78.73
46,19,1,42,78,Monaco,78.705
47,14,2,43,78,Monaco,79.13
48,17,1,34,78,Monaco,77.276
49,17,2,37,78,Monaco,77.694
50,11,1,43,78,Monaco,79.016
51,18,2,42,78,Monaco,81.447
52,9,2,35,78,Monaco,79.452
53,16,1,39,78,Monaco,77.758
54,14,1,43,78,Monaco,77.796
55,4,1,43,78,Monaco,77.435
56,4,1,40,78,Monaco,77.278
57,12,0,38,78,Monaco,77.311
58,19,0,43,78,Monaco,77.599
59,14,2,37,78,Monaco,77.254
60,6,1,34,78,Monaco,77.639
61,19,0,37,78,Monaco,77.777
62,13,1,44,78,Monaco,77.432
63,1,2,36,78,Monaco,77.51
64,15,0,39,78,Monaco,77.442
65,13,1,44,78,Monaco,77.136
66,14,1,31,78,Monaco,77.309
67,1,1,37,78,Monaco,77.288
68,8,1,34,78,Monaco,77.099
69,8,0,43,78,Monaco,77.241
70,16,0,44,78,Monaco,77.397
71,12,2,42,78,Monaco,77.659
72,9,1,38,78,Monaco,89.53
73,13,1,43,78,Monaco,102.394
74,15,0,35,78,Monaco,79.673
75,11,1,35,78,Monaco,78.406
76,13,1,33,78,Monaco,78.724
77,17,1,35,78,Monaco,78.505
78,7,1,40,78,Monaco,79.179
1,9,1,31,78,Monaco,91.804
2,13,1,41,78,Monaco,81.091
3,10,2,30,78,Monaco,79.855
4,4,0,40,78,Monaco,79.676
5,2,1,33,78,Monaco,79.539
6,18,2,32,78,Monaco,79.523
7,5,0,38,78,Monaco,79.865
8,15,1,32,78,Monaco,79.455
9,5,1,35,78,Monaco,79.491
10,12,1,32,78,Monaco,78.948
11,13,2,38,78,Monaco,80.184
12,11,0,35,78,Monaco,79.259
13,3,0,32,78,Monaco,78.936
14,15,1,35,78,Monaco,79.537
15,1,1,32,78,Monaco,79.791
16,12,0,43,78,Monaco,80.139
17,16,2,36,78,Monaco,79.951
18,16,0,43,78,Monaco,79.2
19,8,1,36,78,Monaco,79.626
20,18,2,32,78,Monaco,79.61
21,17,2,30,78,Monaco,79.503
22,11,2,40,78,Monaco,79.606
23,8,0,30,78,Monaco,79.733
24,19,1,30,78,Monaco,79.568
25,19,1,37,78,Monaco,79.658
26,2,1,44,78,Monaco,79.81
27,13,2,32,78,Monaco,79.68
28,7,0,38,78,Monaco,79.219
29,5,1,35,78,Monaco,79.412
30,4,1,34,78,Monaco,79.102
31,6,1,37,78,Monaco,78.879
32,14,0,36,78,Monaco,78.684
33,17,2,30,78,Monaco,78.418
34,3,1,43,78,Monaco,78.294
35,16,1,35,78,Monaco,78.679
36,8,1,43,78,Monaco,78.253
37,5,0,42,78,Monaco,78.578
38,14,0,32,78,Monaco,78.458
39,7,1,30,78,Monaco,78.607
40,12,0,39,78,Monaco,78.776
41,16,0,33,78,Monaco,78.528
42,17,0,37,78,Monaco,78.401
43,12,0,38,78,Monaco,78.585
44,12,1,31,78,Monaco,78.528
45,2,2,42,78,Monaco,78.229
46,12,0,30,78,Monaco,78.328
47,16,1,44,78,Monaco,78.875
48,6,1,37,78,Monaco,78.957
49,16,1,38,78,Monaco,79.177
50,8,0,42,78,Monaco,97.055
51,14,2,39,78,Monaco,79.602
52,12,2,38,78,Monaco,76.434
53,8,1,41,78,Monaco,77.925
54,3,0,40,78,Monaco,79.585
55,14,2,36,78,Monaco,76.421
56,14,2,42,78,Monaco,76.123
57,16,1,30,78,Monaco,76.061
58,16,0,35,78,Monaco,76.142
59,1,2,43,78,Monaco,76.502
60,2,1,38,78,Monaco,76.457
61,14,1,43,78,Monaco,77.171
62,14,2,43,78,Monaco,77.57
63,17,2,37,78,Monaco,77.432
64,19,1,38,78,Monaco,77.472
65,13,1,31,78,Monaco,77.261
66,9,1,44,78,Monaco,77.396
67,18,2,39,78,Monaco,77.374
68,6,2,41,78,Monaco,77.101
69,3,1,39,78,Monaco,77.134
70,16,1,37,78,Monaco,77.516
71,4,1,31,78,Monaco,77.615
72,1,0,33,78,Monaco,89.995
73,5,1,36,78,Monaco,102.451
74,1,1,38,78,Monaco,79.09
75,3,1,44,78,Monaco,78.254
76,17,2,43,78,Monaco,78.757
77,7,2,30,78,Monaco,78.591
78,7,2,38,78,Monaco,79.154
1,17,1,37,78,Monaco,92.457
2,6,1,35,78,Monaco,80.928
3,13,1,44,78,Monaco,79.85
4,10,0,32,78,Monaco,79.792
5,11,0,32,78,Monaco,79.889
6,9,1,44,78,Monaco,80.047
7,19,1,41,78,Monaco,104.668
8,14,2,37,78,Monaco,81.699
9,12,1,30,78,Monaco,79.359
10,7,1,31,78,Monaco,78.819
11,14,0,38,78,Monaco,79.247
12,9,1,30,78,Monaco,79.326
13,3,0,32,78,Monaco,80.026
14,3,0,34,78,Monaco,79.768
15,19,0,33,78,Monaco,82.005
16,16,1,42,78,Monaco,81.19
17,13,0,41,78,Monaco,80.713
18,9,1,41,78,Monaco,80.545
19,16,2,33,78,Monaco,98.773
20,17,1,40,78,Monaco,83.07
21,9,1,43,78,Monaco,77.701
22,5,1,35,78,Monaco,78.292
23,3,0,32,78,Monaco,77.73
24,8,0,40,78,Monaco,78.035
25,12,1,38,78,Monaco,78.259
26,1,2,42,78,Monaco,78.288
27,15,2,37,78,Monaco,78.05
28,11,1,32,78,Monaco,79.689
29,6,1,41,78,Monaco,81.027
30,10,0,30,78,Monaco,78.933
31,9,2,39,78,Monaco,79.342
32,2,1,31,78,Monaco,79.905
33,7,1,34,78,Monaco,80.126
34,15,1,39,78,Monaco,79.034
35,12,2,41,78,Monaco,79.284
36,15,2,31,78,Monaco,79.558
37,14,1,33,78,Monaco,79.666
38,15,2,38,78,Monaco,79.54
39,12,2,38,78,Monaco,79.743
40,2,2,33,78,Monaco,79.771
41,5,1,39,78,Monaco,79.983
42,16,2,42,78,Monaco,80.491
43,7,1,40,78,Monaco,80.841
44,18,2,33,78,Monaco,82.78
45,2,0,41,78,Monaco,80.56
46,7,1,37,78,Monaco,80.23
47,18,0,37,78,Monaco,80.24
48,19,2,39,78,Monaco,80.11
49,19,0,32,78,Monaco,98.103
50,17,0,41,78,Monaco,86.077
51,10,2,44,78,Monaco,78.29
52,10,1,39,78,Monaco,77.382
53,5,1,40,78,Monaco,77.554
54,19,1,32,78,Monaco,80.612
55,13,1,31,78,Monaco,80.216
56,6,0,42,78,Monaco,80.459
57,6,1,36,78,Monaco,79.687
58,16,2,41,78,Monaco,77.7
59,1,2,42,78,Monaco,80.136
60,4,0,32,78,Monaco,78.163
61,16,2,40,78,Monaco,78.999
62,18,0,34,78,Monaco,79.189
63,8,0,33,78,Monaco,78.455
64,1,1,37,78,Monaco,78.391
65,12,2,39,78,Monaco,78.576
66,9,0,33,78,Monaco,78.789
67,8,1,33,78,Monaco,78.578
68,10,1,41,78,Monaco,78.523
69,3,1,33,78,Monaco,78.885
70,3,2,34,78,Monaco,79.581
71,10,0,39,78,Monaco,97.867
72,10,1,36,78,Monaco,95.269
73,14,1,34,78,Monaco,79.633
74,17,0,36,78,Monaco,75.738
75,12,1,32,78,Monaco,75.325
76,17,0,30,78,Monaco,75.472
77,4,1,31,78,Monaco,75.4
1,4,1,41,78,Monaco,93.076
2,19,1,37,78,Monaco,80.87
3,1,1,35,78,Monaco,80.007
4,18,2,43,78,Monaco,79.838
5,18,0,30,78,Monaco,79.78
6,2,0,42,78,Monaco,80.203
7,3,0,43,78,Monaco,80.26
8,13,2,35,78,Monaco,78.073
9,4,1,31,78,Monaco,79.278
10,16,2,40,78,Monaco,79.16
11,13,1,38,78,Monaco,80.839
12,2,0,30,78,Monaco,78.959
13,17,1,36,78,Monaco,79.427
14,8,2,42,78,Monaco,79.476
15,15,1,35,78,Monaco,80.252
16,9,0,41,78,Monaco,81.185
17,5,0,39,78,Monaco,80.691
18,3,2,35,78,Monaco,81.189
19,5,0,32,78,Monaco,80.46
20,9,0,43,78,Monaco,101.626
21,12,1,35,78,Monaco,80.194
22,12,1,34,78,Monaco,77.624
23,14,0,30,78,Monaco,78.452
24,3,2,41,78,Monaco,77.151
25,2,2,35,78,Monaco,77.674
26,3,0,30,78,Monaco,77.817
27,8,1,38,78,Monaco,77.472
28,4,0,31,78,Monaco,77.968
29,5,0,36,78,Monaco,79.273
30,5,2,35,78,Monaco,77.674
31,8,2,38,78,Monaco,78.398
32,7,0,44,78,Monaco,78.746
33,7,0,43,78,Monaco,79.629
34,6,1,35,78,Monaco,79.592
35,6,0,38,78,Monaco,79.642
36,3,0,33,78,Monaco,80.633
37,18,0,33,78,Monaco,80.306
38,8,2,39,78,Monaco,79.611
39,15,1,31,78,Monaco,80.366
40,12,2,40,78,Monaco,80.759
41,1,1,33,78,Monaco,78.987
42,11,2,32,78,Monaco,79.41
43,4,2,31,78,Monaco,79.711
44,2,0,32,78,Monaco,80.267
45,10,2,44,78,Monaco,80.129
46,10,1,38,78,Monaco,80.49
47,14,0,32,78,Monaco,80.476
48,13,1,33,78,Monaco,79.41
49,5,2,37,78,Monaco,78.396
50,17,0,33,78,Monaco,79.205
51,15,1,36,78,Monaco,78.764
52,15,1,39,78,Monaco,79.318
53,7,0,38,78,Monaco,79.732
54,13,1,43,78,Monaco,79.077
55,9,1,41,78,Monaco,79.296
56,17,0,31,78,Monaco,79.236
57,11,2,36,78,Monaco,78.341
58,1,2,37,78,Monaco,78.054
59,1,0,39,78,Monaco,78.353
60,14,1,40,78,Monaco,78.033
61,10,2,44,78,Monaco,78.029
62,7,2,34,78,Monaco,78.111
63,17,2,44,78,Monaco,77.989
64,2,1,42,78,Monaco,77.932
65,10,0,42,78,Monaco,78.422
66,11,2,35,78,Monaco,78.258
67,11,1,33,78,Monaco,78.234
68,5,2,31,78,Monaco,78.867
69,16,1,38,78,Monaco,78.8
70,2,0,35,78,Monaco,78.498
71,3,0,41,78,Monaco,80.439
72,8,1,30,78,Monaco,118.392
73,2,2,41,78,Monaco,85.691
74,16,1,38,78,Monaco,77.294
75,14,1,43,78,Monaco,77.273
76,14,1,38,78,Monaco,76.864
77,8,0,33,78,Monaco,77.631
1,5,1,32,78,Monaco,93.625
2,15,0,38,78,Monaco,80.754
3,12,2,39,78,Monaco,80.066
4,1,2,40,78,Monaco,80.655
5,14,0,30,78,Monaco,79.857
6,7,1,40,78,Monaco,79.725
7,18,1,37,78,Monaco,80.31
8,7,1,40,78,Monaco,78.534
9,9,2,40,78,Monaco,78.619
10,15,2,33,78,Monaco,79.324
11,12,1,34,78,Monaco,81.27
12,10,2,36,78,Monaco,79.063
13,5,1,35,78,Monaco,79.134
14,10,1,30,78,Monaco,97.708
15,9,2,41,78,Monaco,80.856
16,1,2,33,78,Monaco,77.748
17,15,0,37,78,Monaco,77.71
18,2,2,40,78,Monaco,78.173
19,13,0,33,78,Monaco,78.471
20,4,0,35,78,Monaco,79.291
21,18,2,40,78,Monaco,78.6
22,10,0,38,78,Monaco,77.907
23,14,1,35,78,Monaco,78.184
24,16,1,38,78,Monaco,78.182
25,3,1,44,78,Monaco,78.577
26,9,2,38,78,Monaco,78.502
27,17,1,33,78,Monaco,79.314
28,17,2,31,78,Monaco,79.535
29,18,1,42,78,Monaco,79.998
30,13,0,38,78,Monaco,79.733
31,3,2,41,78,Monaco,79.438
32,13,2,42,78,Monaco,79.911
33,19,0,32,78,Monaco,80.028
34,11,0,37,78,Monaco,79.863
35,11,1,36,78,Monaco,80.28
36,14,2,33,78,Monaco,80.022
37,11,1,37,78,Monaco,79.662
38,7,0,35,78,Monaco,80.228
39,1,1,41,78,Monaco,79.962
40,11,1,31,78,Monaco,79.966
41,7,2,30,78,Monaco,79.893
42,8,1,40,78,Monaco,79.926
43,11,2,39,78,Monaco,79.675
44,16,0,41,78,Monaco,79.92
45,7,1,32,78,Monaco,79.634
46,1,2,38,78,Monaco,79.512
47,6,1,44,78,Monaco,79.484
48,16,1,38,78,Monaco,79.434
49,7,1,44,78,Monaco,79.062
50,5,2,41,78,Monaco,79.306
51,4,2,30,78,Monaco,78.983
52,11,2,32,78,Monaco,79.016
53,19,2,34,78,Monaco,79.134
54,5,2,44,78,Monaco,78.61
55,10,2,38,78,Monaco,78.503
56,5,0,34,78,Monaco,78.51
57,17,0,40,78,Monaco,78.298
58,3,0,43,78,Monaco,78.69
59,6,0,39,78,Monaco,78.329
60,9,0,30,78,Monaco,78.084
61,15,2,44,78,Monaco,77.832
62,13,1,41,78,Monaco,78.228
63,12,0,35,78,Monaco,78.558
64,3,2,43,78,Monaco,79.002
65,11,1,38,78,Monaco,78.364
66,8,0,40,78,Monaco,78.3
67,16,2,38,78,Monaco,78.695
68,13,1,38,78,Monaco,79.497
69,1,1,37,78,Monaco,78.471
70,5,0,32,78,Monaco,78.517
1,7,1,34,78,Monaco,94.231
2,13,2,36,78,Monaco,80.993
3,9,2,38,78,Monaco,79.844
4,2,1,40,78,Monaco,80.501
5,19,1,30,78,Monaco,79.944
6,9,2,39,78,Monaco,79.757
7,13,0,39,78,Monaco,81.067
8,1,1,30,78,Monaco,79.641
9,16,1,44,78,Monaco,78.636
10,3,1,43,78,Monaco,79.131
11,14,2,39,78,Monaco,80.534
12,8,0,32,78,Monaco,80.057
13,4,2,35,78,Monaco,96.713
14,15,0,42,78,Monaco,79.611
15,14,2,30,78,Monaco,77.172
16,1,1,39,78,Monaco,77.79
17,19,2,44,78,Monaco,78.101
18,8,0,39,78,Monaco,78.072
19,16,0,38,78,Monaco,78.96
20,17,0,32,78,Monaco,78.11
21,13,2,30,78,Monaco,78.462
22,12,1,33,78,Monaco,78.597
23,10,1,43,78,Monaco,78.438
24,16,0,37,78,Monaco,78.4
25,14,0,37,78,Monaco,78.31
26,16,2,38,78,Monaco,78.917
27,8,1,35,78,Monaco,79.448
28,11,1,38,78,Monaco,79.677
29,18,2,35,78,Monaco,79.731
30,8,0,33,78,Monaco,79.566
31,8,2,43,78,Monaco,79.416
32,18,1,40,78,Monaco,80.499
33,10,1,43,78,Monaco,79.594
34,1,1,42,78,Monaco,80.069
35,8,1,33,78,Monaco,80.127
36,1,1,38,78,Monaco,79.711
37,12,0,30,78,Monaco,80.06
38,3,1,41,78,Monaco,80.19
39,5,1,41,78,Monaco,79.926
40,7,1,42,78,Monaco,79.82
41,8,0,31,78,Monaco,79.962
42,7,0,41,78,Monaco,79.688
43,4,0,37,78,Monaco,79.704
44,6,1,30,78,Monaco,79.88
45,19,2,42,78,Monaco,79.844
46,17,1,36,78,Monaco,79.494
47,18,2,33,78,Monaco,79.028
48,4,2,30,78,Monaco,79.985
49,13,1,44,78,Monaco,79.105
50,9,0,38,78,Monaco,79.122
51,18,1,32,78,Monaco,79.069
52,16,0,37,78,Monaco,78.995
53,3,0,38,78,Monaco,78.826
54,19,2,31,78,Monaco,78.562
55,8,2,44,78,Monaco,78.629
56,3,1,37,78,Monaco,78.675
57,1,2,35,78,Monaco,78.544
58,12,1,43,78,Monaco,78.535
59,5,0,30,78,Monaco,77.97
60,5,2,36,78,Monaco,78.179
61,13,0,32,78,Monaco,77.945
62,7,1,43,78,Monaco,78.623
63,8,1,34,78,Monaco,78.64
64,13,1,38,78,Monaco,78.802
65,19,2,41,78,Monaco,78.421
66,9,1,30,78,Monaco,78.343
67,14,0,33,78,Monaco,78.608
68,14,0,43,78,Monaco,78.787
69,16,1,39,78,Monaco,78.428
70,5,0,36,78,Monaco,78.393
1,13,2,31,78,Monaco,94.641
2,12,1,30,78,Monaco,81.061
3,5,1,44,78,Monaco,79.94
4,4,0,40,78,Monaco,80.661
5,3,1,33,78,Monaco,79.856
6,13,1,31,78,Monaco,79.754
7,14,0,32,78,Monaco,81.08
8,12,0,40,78,Monaco,80.516
9,10,2,37,78,Monaco,147.991
10,16,1,37,78,Monaco,94.104
11,5,1,38,78,Monaco,84.329
12,17,2,39,78,Monaco,79.649
13,8,0,36,78,Monaco,79.826
14,19,1,31,78,Monaco,81.405
15,2,2,40,78,Monaco,77.654
16,4,0,41,78,Monaco,78.052
17,12,0,35,78,Monaco,80.24
18,3,2,42,78,Monaco,82.407
19,8,1,32,78,Monaco,78.577
20,9,1,40,78,Monaco,79.968
21,15,0,37,78,Monaco,77.992
22,5,2,34,78,Monaco,77.97
23,16,0,38,78,Monaco,83.528
24,17,1,43,78,Monaco,80.785
25,1,0,39,78,Monaco,78.498
26,9,0,39,78,Monaco,78.229
27,13,2,43,78,Monaco,78.898
28,15,2,38,78,Monaco,81.828
29,19,0,38,78,Monaco,82.723
30,19,0,32,78,Monaco,79.839
31,4,1,43,78,Monaco,79.457
32,3,2,34,78,Monaco,79.449
33,11,2,40,78,Monaco,79.714
34,2,0,38,78,Monaco,118.315
35,18,1,33,78,Monaco,85.189
36,14,0,34,78,Monaco,75.478
37,8,2,39,78,Monaco,75.322
38,13,1,42,78,Monaco,76.335
39,15,2,32,78,Monaco,76.721
40,7,1,33,78,Monaco,77.525
41,14,1,31,78,Monaco,79.596
42,18,2,34,78,Monaco,80.368
43,7,2,38,78,Monaco,79.067
44,18,0,42,78,Monaco,79.87
45,13,0,38,78,Monaco,79.405
46,7,1,42,78,Monaco,79.674
47,14,0,37,78,Monaco,79.425
48,11,1,34,78,Monaco,79.046
49,6,0,31,78,Monaco,79.265
50,4,0,40,78,Monaco,79.124
51,18,1,33,78,Monaco,79.206
52,16,1,32,78,Monaco,80.12
53,13,2,34,78,Monaco,79.31
54,1,2,33,78,Monaco,79.423
55,6,2,39,78,Monaco,79.312
56,16,2,40,78,Monaco,79.545
57,10,2,31,78,Monaco,79.61
58,19,0,38,78,Monaco,79.123
59,2,1,31,78,Monaco,99.354
60,4,0,42,78,Monaco,79.278
61,14,1,36,78,Monaco,74.944
62,14,1,35,78,Monaco,75.52
63,8,0,42,78,Monaco,75.236
64,16,2,35,78,Monaco,75.59
65,17,0,33,78,Monaco,75.984
66,16,1,36,78,Monaco,76.606
67,7,2,40,78,Monaco,76.92
68,9,1,31,78,Monaco,77.763
69,5,0,44,78,Monaco,77.921
70,3,1,44,78,Monaco,90.963
71,4,1,41,78,Monaco,104.409
72,9,2,31,78,Monaco,78.38
73,5,0,36,78,Monaco,77.214
74,16,0,30,78,Monaco,77.252
75,11,1,35,78,Monaco,78.039
76,16,0,30,78,Monaco,80.15
1,11,1,38,78,Monaco,95.152
2,10,2,44,78,Monaco,81.243
3,19,1,42,78,Monaco,79.863
4,16,0,43,78,Monaco,80.578
5,10,2,31,78,Monaco,80.46
6,10,0,43,78,Monaco,79.804
7,9,1,30,78,Monaco,80.445
8,17,0,35,78,Monaco,80.42
9,19,0,43,78,Monaco,80.025
10,14,2,43,78,Monaco,78.066
11,12,2,38,78,Monaco,80.248
12,19,0,44,78,Monaco,79.283
13,18,2,36,78,Monaco,79.581
14,13,1,38,78,Monaco,79.263
15,10,2,44,78,Monaco,79.293
16,12,0,41,78,Monaco,79.837
17,2,1,40,78,Monaco,98.143
18,14,1,40,78,Monaco,80.083
19,3,0,33,78,Monaco,76.936
20,9,0,44,78,Monaco,77.09
21,7,2,35,78,Monaco,77.504
22,5,0,33,78,Monaco,77.981
23,7,0,40,78,Monaco,77.601
24,7,1,30,78,Monaco,77.977
25,12,1,40,78,Monaco,77.619
26,6,0,34,78,Monaco,78.012
27,12,1,30,78,Monaco,78.531
28,4,0,40,78,Monaco,79.411
29,15,1,33,78,Monaco,79.951
30,7,1,31,78,Monaco,79.847
31,2,0,44,78,Monaco,80.405
32,12,2,34,78,Monaco,80.061
33,10,2,30,78,Monaco,79.926
34,5,1,33,78,Monaco,79.322
35,1,2,40,78,Monaco,79.974
36,2,2,42,78,Monaco,79.998
37,17,1,30,78,Monaco,79.972
38,1,0,30,78,Monaco,80.203
39,15,2,38,78,Monaco,79.885
40,13,0,33,78,Monaco,79.785
41,6,1,38,78,Monaco,79.991
42,1,2,37,78,Monaco,79.902
43,8,1,31,78,Monaco,79.781
44,16,1,30,78,Monaco,79.926
45,6,2,42,78,Monaco,80.441
46,12,1,34,78,Monaco,79.682
47,1,0,44,78,Monaco,79.34
48,2,2,40,78,Monaco,79.25
49,13,1,43,78,Monaco,78.962
50,11,1,38,78,Monaco,78.949
51,19,2,37,78,Monaco,79.114
52,3,0,31,78,Monaco,78.954
53,5,0,44,78,Monaco,79.297
54,12,0,32,78,Monaco,78.717
55,12,0,38,78,Monaco,78.732
56,2,2,35,78,Monaco,78.502
57,10,1,35,78,Monaco,78.539
58,10,1,37,78,Monaco,78.325
59,8,2,33,78,Monaco,78.335
60,12,0,40,78,Monaco,78.473
61,2,2,34,78,Monaco,77.935
62,11,1,42,78,Monaco,78.191
63,15,2,30,78,Monaco,78.106
64,4,0,34,78,Monaco,78.483
65,7,0,36,78,Monaco,78.592
66,16,1,34,78,Monaco,78.401
67,7,2,33,78,Monaco,78.328
68,5,2,37,78,Monaco,79.067
69,10,1,36,78,Monaco,78.863
70,15,2,35,78,Monaco,78.593
71,10,2,44,78,Monaco,81.905
72,5,2,41,78,Monaco,101.413
73,12,0,41,78,Monaco,91.333
74,1,1,44,78,Monaco,79.071
75,13,2,39,78,Monaco,78.404
76,14,0,31,78,Monaco,77.848
77,19,2,40,78,Monaco,77.964
78,1,1,44,78,Monaco,79.184
1,2,1,31,78,Monaco,95.69
2,14,1,44,78,Monaco,81.235
3,16,1,42,78,Monaco,79.775
4,13,1,37,78,Monaco,80.396
5,4,0,43,78,Monaco,79.395
6,6,2,39,78,Monaco,79.747
7,17,1,37,78,Monaco,79.861
8,19,2,34,78,Monaco,78.233
9,19,2,44,78,Monaco,78.31
10,5,0,44,78,Monaco,79.376
11,1,2,40,78,Monaco,81.081
12,16,1,32,78,Monaco,79.372
13,19,2,37,78,Monaco,79.016
14,2,0,33,78,Monaco,79.218
15,8,1,33,78,Monaco,79.3
16,14,1,33,78,Monaco,81.211
17,8,2,37,78,Monaco,80.713
18,10,2,39,78,Monaco,81.061
19,10,2,35,78,Monaco,80.572
20,14,0,33,78,Monaco,81.945
21,11,2,33,78,Monaco,78.624
22,2,0,32,78,Monaco,78.558
23,14,0,33,78,Monaco,77.788
24,9,0,30,78,Monaco,78.379
25,3,0,33,78,Monaco,79.124
26,15,2,39,78,Monaco,79.481
27,11,1,37,78,Monaco,79.443
28,5,1,39,78,Monaco,79.25
29,16,2,42,78,Monaco,79.25
30,10,0,44,78,Monaco,78.92
31,10,1,36,78,Monaco,78.92
32,4,0,30,78,Monaco,78.726
33,8,2,44,78,Monaco,78.751
34,11,0,37,78,Monaco,78.81
35,18,0,34,78,Monaco,78.55
36,16,2,33,78,Monaco,78.797
37,18,0,32,78,Monaco,78.47
38,10,0,37,78,Monaco,78.937
39,2,2,39,78,Monaco,79.154
40,2,2,40,78,Monaco,79.276
41,4,2,30,78,Monaco,79.445
42,15,2,30,78,Monaco,79.057
43,2,0,31,78,Monaco,78.873
44,7,2,44,78,Monaco,78.757
45,16,0,31,78,Monaco,78.782
46,5,1,31,78,Monaco,78.821
47,13,1,35,78,Monaco,95.64
48,18,2,30,78,Monaco,80.079
49,9,1,34,78,Monaco,76.414
50,10,1,31,78,Monaco,75.379
51,14,2,44,78,Monaco,77.436
52,14,1,43,78,Monaco,76.501
53,3,2,34,78,Monaco,77.658
54,13,1,41,78,Monaco,79.475
55,6,2,32,78,Monaco,80.041
56,15,1,39,78,Monaco,79.961
57,2,2,41,78,Monaco,79.644
58,1,2,30,78,Monaco,75.965
59,4,2,30,78,Monaco,74.847
60,3,0,35,78,Monaco,74.26
61,5,1,42,78,Monaco,74.747
62,17,0,39,78,Monaco,75.182
63,12,1,42,78,Monaco,75.803
64,13,1,44,78,Monaco,77.089
65,7,2,40,78,Monaco,77.264
66,1,1,33,78,Monaco,77.429
67,11,2,33,78,Monaco,77.252
68,8,2,37,78,Monaco,77.092
69,2,0,38,78,Monaco,77.153
70,3,1,42,78,Monaco,77.504
71,8,1,40,78,Monaco,77.683
72,18,1,36,78,Monaco,90.687
73,17,2,39,78,Monaco,102.558
74,14,2,33,78,Monaco,78.289
75,7,2,33,78,Monaco,78.257
76,18,0,41,78,Monaco,78.651
77,19,1,30,78,Monaco,78.592
78,3,1,30,78,Monaco,79.142
1,13,1,31,78,Monaco,96.698
2,1,0,43,78,Monaco,81.368
3,10,0,43,78,Monaco,79.89
4,12,2,36,78,Monaco,80.394
5,17,2,37,78,Monaco,80.159
6,8,1,37,78,Monaco,80.069
7,17,1,31,78,Monaco,79.954
8,2,2,32,78,Monaco,80.642
9,19,1,42,78,Monaco,81.032
10,13,1,42,78,Monaco,78.571
11,13,1,34,78,Monaco,79.747
12,6,0,38,78,Monaco,79.374
13,2,0,40,78,Monaco,79.213
14,16,2,42,78,Monaco,79.053
15,4,1,30,78,Monaco,79.323
16,18,1,39,78,Monaco,79.66
17,6,1,41,78,Monaco,97.14
18,1,1,32,78,Monaco,82.228
19,14,1,32,78,Monaco,77.669
20,15,0,43,78,Monaco,77.476
21,3,2,37,78,Monaco,77.594
22,12,0,33,78,Monaco,77.858
23,5,2,32,78,Monaco,78.236
24,8,1,35,78,Monaco,78.481
25,6,1,44,78,Monaco,78.038
26,7,0,35,78,Monaco,77.715
27,6,1,40,78,Monaco,77.587
28,2,0,34,78,Monaco,78.224
29,14,0,42,78,Monaco,78.696
30,16,0,44,78,Monaco,79.621
31,4,2,44,78,Monaco,80.625
32,12,1,44,78,Monaco,79.377
33,18,2,41,78,Monaco,80.282
34,5,2,31,78,Monaco,79.486
35,12,1,38,78,Monaco,79.919
36,17,2,41,78,Monaco,80.455
37,15,0,31,78,Monaco,80.048
38,8,2,39,78,Monaco,80.361
39,9,1,44,78,Monaco,80.241
40,15,0,33,78,Monaco,80.017
41,1,1,32,78,Monaco,79.601
42,15,1,36,78,Monaco,79.548
43,5,2,33,78,Monaco,79.686
44,19,2,36,78,Monaco,79.871
45,2,1,40,78,Monaco,80.637
46,19,1,43,78,Monaco,80.37
47,14,1,33,78,Monaco,79.492
48,16,2,32,78,Monaco,79.333
49,1,2,41,78,Monaco,79.048
50,15,1,38,78,Monaco,78.943
51,4,0,31,78,Monaco,79.17
52,2,1,42,78,Monaco,79.213
53,17,2,34,78,Monaco,79.678
54,12,2,43,78,Monaco,79.222
55,12,2,38,78,Monaco,78.88
56,12,1,33,78,Monaco,78.748
57,7,1,30,78,Monaco,78.234
58,11,1,35,78,Monaco,78.192
59,12,0,30,78,Monaco,78.55
60,17,0,38,78,Monaco,78.414
61,5,1,30,78,Monaco,77.921
62,14,2,35,78,Monaco,78.034
63,6,1,37,78,Monaco,77.918
64,3,0,31,78,Monaco,78.141
65,9,1,42,78,Monaco,78.271
66,5,1,42,78,Monaco,78.41
67,10,2,39,78,Monaco,78.288
68,4,0,37,78,Monaco,79.168
69,3,1,44,78,Monaco,78.629
70,8,2,37,78,Monaco,78.483
71,17,1,38,78,Monaco,80.656
72,13,0,37,78,Monaco,102.775
73,9,0,43,78,Monaco,90.72
74,13,2,30,78,Monaco,78.623
75,14,1,31,78,Monaco,79.38
76,17,2,38,78,Monaco,78.686
77,13,0,31,78,Monaco,78.881
78,2,0,35,78,Monaco,79.295
1,4,1,30,78,Monaco,97.066
2,2,1,31,78,Monaco,81.732
3,8,0,41,78,Monaco,79.924
4,6,2,35,78,Monaco,80.333
5,8,1,42,78,Monaco,80.102
6,19,1,34,78,Monaco,80.063
7,15,2,36,78,Monaco,80.132
8,14,1,40,78,Monaco,80.382
9,8,2,40,78,Monaco,81.55
10,10,2,40,78,Monaco,79.187
11,19,0,36,78,Monaco,79.774
12,19,1,33,78,Monaco,80.703
13,7,1,35,78,Monaco,80.349
14,19,1,37,78,Monaco,81.031
15,7,0,33,78,Monaco,99.399
16,3,0,35,78,Monaco,82.266
17,9,0,43,78,Monaco,78.069
18,9,2,37,78,Monaco,78.578
19,3,2,36,78,Monaco,81.101
20,12,1,38,78,Monaco,77.765
21,2,0,30,78,Monaco,77.654
22,18,1,35,78,Monaco,77.715
23,11,0,31,78,Monaco,77.996
24,3,1,30,78,Monaco,77.721
25,17,1,31,78,Monaco,77.651
26,12,1,30,78,Monaco,77.523
27,8,1,40,78,Monaco,77.981
28,7,0,44,78,Monaco,77.973
29,3,1,34,78,Monaco,78.863
30,8,2,41,78,Monaco,80.158
31,16,0,30,78,Monaco,78.648
32,8,0,37,78,Monaco,78.654
33,9,2,38,78,Monaco,79.209
34,13,1,39,78,Monaco,79.671
35,16,2,40,78,Monaco,79.728
36,1,1,39,78,Monaco,79.829
37,13,2,35,78,Monaco,79.949
38,2,1,38,78,Monaco,80.332
39,2,0,31,78,Monaco,79.96
40,10,0,34,78,Monaco,80.628
41,8,1,31,78,Monaco,80.698
42,12,0,37,78,Monaco,80.326
43,14,2,42,78,Monaco,79.737
44,11,2,31,78,Monaco,79.857
45,1,0,35,78,Monaco,79.319
46,12,2,32,78,Monaco,79.352
47,16,2,36,78,Monaco,79.278
48,13,0,31,78,Monaco,79.263
49,8,0,32,78,Monaco,79.135
50,9,0,39,78,Monaco,79.728
51,17,2,33,78,Monaco,79.421
52,5,1,32,78,Monaco,79.268
53,17,2,39,78,Monaco,80.179
54,13,0,37,78,Monaco,79.229
55,8,0,40,78,Monaco,78.882
56,7,2,31,78,Monaco,78.547
57,13,1,30,78,Monaco,78.736
58,8,0,32,78,Monaco,78.812
59,10,1,36,78,Monaco,78.78
60,5,1,32,78,Monaco,78.796
61,18,1,36,78,Monaco,78.561
62,12,1,43,78,Monaco,78.805
63,13,1,32,78,Monaco,78.527
64,8,2,39,78,Monaco,78.756
65,9,0,39,78,Monaco,79.448
66,1,2,42,78,Monaco,79.167
67,12,0,34,78,Monaco,79.62
68,12,2,43,78,Monaco,103.344
69,16,0,34,78,Monaco,80.368
70,13,1,43,78,Monaco,75.191
71,1,1,38,78,Monaco,90.818
72,3,2,36,78,Monaco,104.694
73,13,2,38,78,Monaco,79.0
74,14,1,42,78,Monaco,74.822
75,18,2,36,78,Monaco,78.895
76,3,0,42,78,Monaco,79.133
77,7,1,40,78,Monaco,81.209
1,14,0,43,52,Silverstone,94.886
2,17,2,43,52,Silverstone,92.918
3,16,1,33,52,Silverstone,92.723
4,8,2,44,52,Silverstone,93.108
5,9,2,35,52,Silverstone,92.991
6,10,1,31,52,Silverstone,93.359
7,15,1,31,52,Silverstone,93.315
8,19,1,31,52,Silverstone,93.302
9,18,2,31,52,Silverstone,93.098
10,11,0,42,52,Silverstone,93.356
11,2,2,43,52,Silverstone,93.687
12,19,2,38,52,Silverstone,93.784
13,16,2,35,52,Silverstone,93.98
14,9,1,44,52,Silverstone,93.877
15,2,2,33,52,Silverstone,94.183
16,1,0,42,52,Silverstone,94.418
17,17,0,36,52,Silverstone,94.055
18,11,0,33,52,Silverstone,94.352
19,4,2,36,52,Silverstone,94.368
20,10,0,35,52,Silverstone,93.745
21,14,0,38,52,Silverstone,112.098
22,3,1,41,52,Silverstone,93.033
23,8,0,44,52,Silverstone,92.856
24,2,0,33,52,Silverstone,93.129
25,11,2,33,52,Silverstone,92.745
26,8,2,43,52,Silverstone,93.422
27,17,2,41,52,Silverstone,93.453
28,12,2,42,52,Silverstone,93.033
29,13,2,39,52,Silverstone,93.13
30,14,0,32,52,Silverstone,93.095
31,9,2,34,52,Silverstone,92.889
32,13,0,33,52,Silverstone,93.175
33,17,2,42,52,Silverstone,114.144
34,7,2,31,52,Silverstone,153.964
35,9,1,37,52,Silverstone,151.157
36,11,0,41,52,Silverstone,142.866
37,3,1,36,52,Silverstone,140.191
38,13,0,38,52,Silverstone,91.906
39,6,2,31,52,Silverstone,150.024
40,11,0,35,52,Silverstone,144.933
41,6,1,32,52,Silverstone,142.769
42,19,0,34,52,Silverstone,91.75
43,2,0,35,52,Silverstone,91.534
44,15,2,30,52,Silverstone,93.085
45,14,1,34,52,Silverstone,92.19
46,4,2,34,52,Silverstone,91.93
47,1,0,32,52,Silverstone,90.696
48,15,1,42,52,Silverstone,91.758
49,9,0,37,52,Silverstone,91.193
50,9,0,30,52,Silverstone,91.116
51,7,2,41,52,Silverstone,91.421
52,14,2,33,52,Silverstone,91.594
1,2,0,41,52,Silverstone,96.818
2,13,0,35,52,Silverstone,94.46
3,9,0,44,52,Silverstone,93.267
4,6,1,39,52,Silverstone,93.616
5,5,0,35,52,Silverstone,93.653
6,17,2,37,52,Silverstone,93.494
7,19,2,39,52,Silverstone,93.703
8,2,2,35,52,Silverstone,93.22
9,2,1,43,52,Silverstone,93.307
10,9,2,36,52,Silverstone,93.606
11,7,0,43,52,Silverstone,93.686
12,16,0,43,52,Silverstone,93.528
13,6,0,38,52,Silverstone,93.995
14,16,0,39,52,Silverstone,94.091
15,7,1,42,52,Silverstone,93.96
16,4,2,36,52,Silverstone,93.794
17,6,1,35,52,Silverstone,94.073
18,16,1,38,52,Silverstone,94.016
19,2,1,35,52,Silverstone,93.876
20,10,1,33,52,Silverstone,93.837
21,14,2,43,52,Silverstone,93.608
22,16,2,43,52,Silverstone,111.503
23,4,0,33,52,Silverstone,92.236
24,15,2,31,52,Silverstone,92.671
25,2,2,35,52,Silverstone,92.95
26,2,2,34,52,Silverstone,93.404
27,2,1,37,52,Silverstone,92.792
28,16,0,35,52,Silverstone,93.285
29,8,2,30,52,Silverstone,92.832
30,13,1,38,52,Silverstone,92.632
31,10,2,42,52,Silverstone,92.924
32,3,2,43,52,Silverstone,92.795
33,13,1,34,52,Silverstone,119.767
34,5,2,40,52,Silverstone,145.721
35,4,0,33,52,Silverstone,150.106
36,3,2,39,52,Silverstone,143.463
37,18,0,39,52,Silverstone,140.539
38,8,2,40,52,Silverstone,91.792
39,15,1,31,52,Silverstone,149.372
40,12,2,43,52,Silverstone,145.353
41,7,1,30,52,Silverstone,143.053
42,1,0,40,52,Silverstone,91.873
43,13,0,43,52,Silverstone,91.377
44,10,0,35,52,Silverstone,93.151
45,4,0,42,52,Silverstone,92.233
46,5,0,34,52,Silverstone,91.805
47,10,2,42,52,Silverstone,93.411
48,17,1,42,52,Silverstone,93.203
49,1,1,31,52,Silverstone,94.06
50,3,1,30,52,Silverstone,92.299
51,17,0,38,52,Silverstone,92.209
52,6,0,32,52,Silverstone,92.248
1,6,0,33,52,Silverstone,98.96
2,18,1,41,52,Silverstone,94.366
3,10,0,38,52,Silverstone,93.951
4,6,2,31,52,Silverstone,94.033
5,17,1,44,52,Silverstone,94.094
6,2,1,39,52,Silverstone,93.918
7,14,0,31,52,Silverstone,93.785
8,16,0,43,52,Silverstone,93.747
9,12,1,39,52,Silverstone,93.539
10,15,1,36,52,Silverstone,93.825
11,6,1,41,52,Silverstone,93.824
12,8,1,33,52,Silverstone,93.822
13,4,0,39,52,Silverstone,94.339
14,10,1,36,52,Silverstone,94.283
15,7,0,36,52,Silverstone,94.294
16,17,1,40,52,Silverstone,93.818
17,5,1,36,52,Silverstone,93.468
18,17,0,32,52,Silverstone,113.226
19,5,1,43,52,Silverstone,93.412
20,11,0,36,52,Silverstone,93.624
21,5,0,41,52,Silverstone,93.684
22,7,1,40,52,Silverstone,93.878
23,17,0,34,52,Silverstone,93.492
24,17,1,32,52,Silverstone,93.466
25,8,1,37,52,Silverstone,93.769
26,13,2,34,52,Silverstone,93.581
27,5,2,37,52,Silverstone,93.427
28,18,2,33,52,Silverstone,93.47
29,11,1,43,52,Silverstone,93.084
30,17,1,39,52,Silverstone,93.634
31,9,2,40,52,Silverstone,93.162
32,12,0,43,52,Silverstone,93.513
33,7,0,34,52,Silverstone,119.531
34,14,1,42,52,Silverstone,144.866
35,9,2,31,52,Silverstone,141.854
36,19,0,41,52,Silverstone,143.062
37,3,1,38,52,Silverstone,139.537
38,12,0,42,52,Silverstone,94.275
39,17,0,30,52,Silverstone,148.379
40,1,0,32,52,Silverstone,144.878
41,19,1,36,52,Silverstone,142.252
42,9,1,44,52,Silverstone,92.007
43,14,2,41,52,Silverstone,93.689
44,4,1,42,52,Silverstone,92.18
45,8,1,39,52,Silverstone,92.114
46,14,2,39,52,Silverstone,107.567
1,7,0,34,52,Silverstone,100.019
2,3,0,32,52,Silverstone,94.29
3,5,0,36,52,Silverstone,93.735
4,13,2,31,52,Silverstone,94.025
5,19,2,32,52,Silverstone,94.305
6,9,2,44,52,Silverstone,93.843
7,1,2,31,52,Silverstone,94.208
8,1,1,39,52,Silverstone,93.769
9,2,1,39,52,Silverstone,93.684
10,6,1,43,52,Silverstone,94.084
11,7,1,33,52,Silverstone,94.266
12,12,0,34,52,Silverstone,94.091
13,18,2,32,52,Silverstone,94.071
14,13,1,40,52,Silverstone,122.562
15,7,1,34,52,Silverstone,92.27
16,12,2,40,52,Silverstone,93.048
17,7,0,44,52,Silverstone,93.045
18,17,0,31,52,Silverstone,92.135
19,16,1,31,52,Silverstone,92.588
20,19,0,39,52,Silverstone,93.414
21,6,1,40,52,Silverstone,94.315
22,1,0,41,52,Silverstone,92.736
23,6,0,33,52,Silverstone,93.125
24,3,0,32,52,Silverstone,93.42
25,1,1,32,52,Silverstone,93.223
26,3,1,42,52,Silverstone,93.445
27,14,0,38,52,Silverstone,93.191
28,5,1,40,52,Silverstone,93.279
29,3,0,40,52,Silverstone,92.816
30,2,1,36,52,Silverstone,93.689
31,8,1,44,52,Silverstone,93.079
32,10,2,40,52,Silverstone,93.443
33,3,0,40,52,Silverstone,120.398
34,3,2,35,52,Silverstone,145.707
35,8,1,43,52,Silverstone,140.934
36,8,0,40,52,Silverstone,140.913
37,2,2,36,52,Silverstone,138.465
38,2,2,40,52,Silverstone,95.297
39,15,1,34,52,Silverstone,148.092
40,4,2,38,52,Silverstone,144.701
41,6,1,44,52,Silverstone,141.953
42,5,2,40,52,Silverstone,92.235
43,14,0,33,52,Silverstone,91.289
44,18,1,33,52,Silverstone,92.007
45,17,2,35,52,Silverstone,92.246
46,11,1,38,52,Silverstone,91.843
47,16,1,39,52,Silverstone,92.524
48,3,0,30,52,Silverstone,92.742
49,18,0,31,52,Silverstone,91.376
50,11,1,31,52,Silverstone,91.541
51,6,1,36,52,Silverstone,90.795
52,6,1,31,52,Silverstone,91.165
1,6,1,30,52,Silverstone,100.783
2,15,0,42,52,Silverstone,94.422
3,17,0,40,52,Silverstone,93.976
4,14,1,41,52,Silverstone,94.024
5,15,1,35,52,Silverstone,94.203
6,14,2,36,52,Silverstone,94.11
7,18,1,32,52,Silverstone,93.896
8,5,0,42,52,Silverstone,93.936
9,5,1,44,52,Silverstone,94.0
10,5,2,40,52,Silverstone,94.089
11,10,1,43,52,Silverstone,94.135
12,9,0,31,52,Silverstone,93.881
13,16,2,40,52,Silverstone,94.512
14,3,0,34,52,Silverstone,94.241
15,5,2,33,52,Silverstone,94.384
16,10,2,34,52,Silverstone,93.816
17,15,2,37,52,Silverstone,94.183
18,13,1,37,52,Silverstone,93.433
19,13,2,34,52,Silverstone,113.1
20,1,1,32,52,Silverstone,93.391
21,4,2,35,52,Silverstone,93.385
22,3,1,38,52,Silverstone,93.195
23,16,2,38,52,Silverstone,93.744
24,10,1,38,52,Silverstone,93.268
25,17,0,30,52,Silverstone,93.031
26,4,2,44,52,Silverstone,93.206
27,3,0,33,52,Silverstone,92.934
28,2,0,33,52,Silverstone,93.093
29,13,1,37,52,Silverstone,92.938
30,1,1,38,52,Silverstone,92.64
31,11,0,43,52,Silverstone,111.641
32,7,1,32,52,Silverstone,92.919
33,2,0,41,52,Silverstone,128.933
34,3,1,43,52,Silverstone,131.124
35,4,1,44,52,Silverstone,132.811
36,6,1,40,52,Silverstone,141.249
37,18,1,42,52,Silverstone,137.737
38,11,1,36,52,Silverstone,96.728
39,4,0,34,52,Silverstone,146.903
40,19,1,31,52,Silverstone,144.765
41,18,0,33,52,Silverstone,141.496
42,19,1,37,52,Silverstone,92.592
43,15,2,37,52,Silverstone,92.596
44,17,1,35,52,Silverstone,92.26
45,16,1,43,52,Silverstone,92.326
46,18,2,32,52,Silverstone,91.589
47,16,0,35,52,Silverstone,91.709
48,4,1,33,52,Silverstone,92.106
49,1,2,42,52,Silverstone,93.048
50,6,1,36,52,Silverstone,92.575
51,15,1,32,52,Silverstone,91.945
52,14,1,30,52,Silverstone,92.283
1,2,1,39,52,Silverstone,101.799
2,19,0,42,52,Silverstone,95.432
3,3,1,31,52,Silverstone,94.933
4,12,0,31,52,Silverstone,95.088
5,2,0,33,52,Silverstone,95.303
6,8,0,38,52,Silverstone,95.608
7,19,1,37,52,Silverstone,95.829
8,10,2,30,52,Silverstone,95.417
9,14,1,36,52,Silverstone,95.492
10,7,0,33,52,Silverstone,96.624
11,12,0,35,52,Silverstone,95.421
12,11,1,38,52,Silverstone,95.244
13,16,0,40,52,Silverstone,95.846
14,18,2,34,52,Silverstone,95.615
15,13,2,34,52,Silverstone,95.467
16,4,2,44,52,Silverstone,95.03
17,10,1,32,52,Silverstone,96.283
18,18,1,42,52,Silverstone,95.3
19,3,0,34,52,Silverstone,95.043
20,1,0,34,52,Silverstone,94.272
21,8,1,41,52,Silverstone,115.604
22,14,0,40,52,Silverstone,95.281
23,4,0,35,52,Silverstone,95.443
24,15,1,35,52,Silverstone,95.629
25,15,1,33,52,Silverstone,95.641
26,9,0,30,52,Silverstone,95.217
27,17,0,39,52,Silverstone,95.633
28,8,2,40,52,Silverstone,95.335
29,9,1,41,52,Silverstone,94.997
30,4,0,39,52,Silverstone,94.824
31,7,2,31,52,Silverstone,95.055
32,17,2,33,52,Silverstone,108.493
33,19,0,44,52,Silverstone,127.821
34,5,0,30,52,Silverstone,102.055
35,8,2,40,52,Silverstone,115.063
36,10,1,44,52,Silverstone,141.314
37,2,1,43,52,Silverstone,136.642
38,5,0,38,52,Silverstone,100.012
39,17,2,43,52,Silverstone,144.185
40,3,2,44,52,Silverstone,144.483
41,4,2,43,52,Silverstone,140.951
42,14,1,30,52,Silverstone,94.429
43,11,1,30,52,Silverstone,94.175
44,1,2,38,52,Silverstone,94.191
45,12,2,43,52,Silverstone,93.903
46,3,2,40,52,Silverstone,93.963
47,2,0,33,52,Silverstone,93.777
48,1,2,39,52,Silverstone,93.405
49,7,1,40,52,Silverstone,93.87
50,9,0,42,52,Silverstone,93.902
51,17,2,30,52,Silverstone,93.881
52,2,2,42,52,Silverstone,93.784
1,15,0,40,52,Silverstone,102.64
2,11,0,36,52,Silverstone,95.725
3,6,1,34,52,Silverstone,95.209
4,12,1,42,52,Silverstone,95.261
5,12,2,31,52,Silverstone,95.679
6,15,1,43,52,Silverstone,95.358
7,8,0,44,52,Silverstone,95.699
8,11,1,40,52,Silverstone,95.379
9,9,1,39,52,Silverstone,96.093
10,3,1,44,52,Silverstone,95.913
11,10,1,39,52,Silverstone,95.397
12,2,0,31,52,Silverstone,95.337
13,8,0,34,52,Silverstone,95.685
14,12,1,40,52,Silverstone,95.437
15,8,1,31,52,Silverstone,95.27
16,1,1,34,52,Silverstone,95.306
17,4,1,32,52,Silverstone,96.218
18,1,2,31,52,Silverstone,95.269
1,17,1,37,52,Silverstone,103.209
2,1,2,30,52,Silverstone,96.41
3,8,1,36,52,Silverstone,95.408
4,12,1,38,52,Silverstone,95.405
5,18,0,39,52,Silverstone,95.69
6,7,2,37,52,Silverstone,95.684
7,4,1,42,52,Silverstone,95.509
8,12,1,32,52,Silverstone,96.275
9,10,0,35,52,Silverstone,95.712
10,3,1,41,52,Silverstone,95.717
11,14,1,42,52,Silverstone,95.536
12,7,1,39,52,Silverstone,95.245
13,3,1,33,52,Silverstone,95.727
14,1,1,35,52,Silverstone,95.764
15,17,0,30,52,Silverstone,95.379
16,7,1,31,52,Silverstone,96.158
17,14,0,37,52,Silverstone,95.242
18,1,1,36,52,Silverstone,95.274
19,10,1,39,52,Silverstone,94.382
20,6,2,32,52,Silverstone,114.556
21,2,1,39,52,Silverstone,95.239
22,1,2,43,52,Silverstone,94.772
23,3,0,37,52,Silverstone,95.229
24,15,1,33,52,Silverstone,94.836
25,14,2,37,52,Silverstone,95.234
26,16,0,41,52,Silverstone,95.623
27,19,2,31,52,Silverstone,95.49
28,2,2,34,52,Silverstone,95.009
29,2,0,40,52,Silverstone,95.103
30,1,2,43,52,Silverstone,95.089
31,2,0,31,52,Silverstone,94.992
32,6,0,38,52,Silverstone,109.194
33,17,1,38,52,Silverstone,128.507
34,9,2,34,52,Silverstone,100.724
35,12,0,37,52,Silverstone,114.615
36,8,1,43,52,Silverstone,141.428
37,16,0,44,52,Silverstone,136.223
38,4,2,42,52,Silverstone,101.081
39,13,2,35,52,Silverstone,143.612
40,6,1,36,52,Silverstone,144.982
41,1,1,38,52,Silverstone,139.883
42,3,0,43,52,Silverstone,95.128
43,4,2,31,52,Silverstone,94.444
44,8,0,35,52,Silverstone,94.092
45,11,0,44,52,Silverstone,94.101
46,16,2,42,52,Silverstone,94.147
47,5,2,36,52,Silverstone,93.686
48,11,0,44,52,Silverstone,93.606
49,14,1,44,52,Silverstone,93.975
50,9,2,32,52,Silverstone,93.864
51,10,0,40,52,Silverstone,93.645
52,2,1,43,52,Silverstone,93.879
1,9,0,36,52,Silverstone,103.739
2,6,0,31,52,Silverstone,96.714
3,19,1,42,52,Silverstone,95.366
4,13,0,30,52,Silverstone,95.277
5,17,2,41,52,Silverstone,96.028
6,16,0,36,52,Silverstone,96.168
7,12,0,36,52,Silverstone,96.626
8,10,0,34,52,Silverstone,95.571
9,7,0,37,52,Silverstone,95.619
10,13,0,42,52,Silverstone,95.81
11,18,0,37,52,Silverstone,95.564
12,19,1,36,52,Silverstone,95.552
13,7,1,32,52,Silverstone,95.904
14,4,1,43,52,Silverstone,95.674
15,10,1,43,52,Silverstone,96.482
16,2,1,44,52,Silverstone,95.806
17,8,1,38,52,Silverstone,95.531
18,6,0,31,52,Silverstone,114.994
19,10,0,31,52,Silverstone,94.738
20,11,1,34,52,Silverstone,95.174
21,2,1,43,52,Silverstone,95.564
22,1,1,39,52,Silverstone,95.31
23,3,1,43,52,Silverstone,95.286
24,4,2,36,52,Silverstone,94.774
25,6,1,38,52,Silverstone,94.602
26,5,2,43,52,Silverstone,95.345
27,13,0,34,52,Silverstone,94.788
28,5,1,36,52,Silverstone,95.03
29,18,1,37,52,Silverstone,94.894
30,10,1,32,52,Silverstone,94.667
31,18,1,40,52,Silverstone,95.241
32,6,0,33,52,Silverstone,107.349
33,3,0,32,52,Silverstone,144.822
34,4,1,30,52,Silverstone,105.294
35,13,2,38,52,Silverstone,102.315
36,13,2,31,52,Silverstone,135.993
37,15,1,37,52,Silverstone,133.742
1,5,1,37,52,Silverstone,104.84
2,3,2,42,52,Silverstone,96.991
3,10,0,33,52,Silverstone,95.82
4,13,0,40,52,Silverstone,96.839
5,5,1,44,52,Silverstone,95.83
6,8,0,40,52,Silverstone,96.799
7,6,0,32,52,Silverstone,95.875
8,11,1,31,52,Silverstone,95.754
9,8,2,38,52,Silverstone,95.677
10,12,0,40,52,Silverstone,96.028
11,7,0,36,52,Silverstone,95.72
12,3,1,39,52,Silverstone,95.532
13,6,1,40,52,Silverstone,95.706
14,16,2,41,52,Silverstone,96.359
15,11,1,34,52,Silverstone,95.66
16,4,1,32,52,Silverstone,95.054
17,11,1,30,52,Silverstone,95.228
18,1,0,42,52,Silverstone,95.046
19,13,1,34,52,Silverstone,94.784
20,14,0,31,52,Silverstone,94.775
21,5,2,37,52,Silverstone,94.69
22,16,0,30,52,Silverstone,94.81
23,19,2,32,52,Silverstone,94.481
24,3,1,43,52,Silverstone,94.815
25,11,0,30,52,Silverstone,93.964
26,3,0,34,52,Silverstone,114.467
27,9,0,36,52,Silverstone,94.892
28,17,1,33,52,Silverstone,94.863
29,19,1,34,52,Silverstone,95.204
30,18,2,41,52,Silverstone,95.005
31,12,2,33,52,Silverstone,94.961
32,15,0,44,52,Silverstone,109.846
33,12,2,43,52,Silverstone,129.342
34,8,1,42,52,Silverstone,99.504
35,4,2,35,52,Silverstone,113.576
36,11,2,39,52,Silverstone,141.069
37,11,1,40,52,Silverstone,136.384
38,11,0,41,52,Silverstone,101.993
39,19,1,30,52,Silverstone,142.801
40,19,0,43,52,Silverstone,145.385
41,10,2,32,52,Silverstone,139.588
42,17,1,35,52,Silverstone,95.338
43,7,2,36,52,Silverstone,94.172
44,5,1,32,52,Silverstone,94.148
45,19,1,34,52,Silverstone,94.031
46,17,2,36,52,Silverstone,94.228
47,3,2,44,52,Silverstone,93.8
48,7,1,43,52,Silverstone,93.604
49,6,2,43,52,Silverstone,94.066
50,3,1,37,52,Silverstone,93.816
51,17,2,31,52,Silverstone,93.676
52,9,1,41,52,Silverstone,96.136
1,12,1,43,52,Silverstone,105.688
2,12,2,40,52,Silverstone,96.9
3,8,0,44,52,Silverstone,95.875
4,5,2,43,52,Silverstone,96.474
5,10,0,39,52,Silverstone,96.797
6,1,1,38,52,Silverstone,96.084
7,15,1,31,52,Silverstone,95.956
8,17,2,30,52,Silverstone,95.782
9,10,2,44,52,Silverstone,95.789
10,2,0,40,52,Silverstone,96.137
11,15,2,41,52,Silverstone,95.679
12,16,1,37,52,Silverstone,95.717
13,9,0,31,52,Silverstone,95.481
14,19,0,43,52,Silverstone,114.202
15,6,2,36,52,Silverstone,94.773
16,10,0,37,52,Silverstone,94.775
17,4,0,31,52,Silverstone,95.032
18,8,0,37,52,Silverstone,94.641
19,15,2,33,52,Silverstone,94.679
20,5,0,31,52,Silverstone,95.118
21,2,2,32,52,Silverstone,95.512
22,11,0,32,52,Silverstone,94.752
23,15,1,34,52,Silverstone,94.382
24,16,0,41,52,Silverstone,94.57
25,18,2,34,52,Silverstone,94.621
26,16,1,41,52,Silverstone,95.269
27,14,0,36,52,Silverstone,95.062
28,6,0,40,52,Silverstone,94.997
29,19,0,33,52,Silverstone,94.948
30,17,1,42,52,Silverstone,94.968
31,7,1,37,52,Silverstone,95.001
32,11,2,37,52,Silverstone,105.571
33,13,1,30,52,Silverstone,143.13
34,17,2,39,52,Silverstone,103.559
35,11,0,39,52,Silverstone,107.982
36,13,0,30,52,Silverstone,135.599
37,9,1,32,52,Silverstone,135.002
38,3,2,42,52,Silverstone,103.55
39,14,1,42,52,Silverstone,143.3
40,4,1,39,52,Silverstone,144.432
41,5,1,43,52,Silverstone,137.77
42,8,0,41,52,Silverstone,96.46
43,14,1,30,52,Silverstone,94.2
44,18,1,38,52,Silverstone,94.118
45,1,0,34,52,Silverstone,94.08
46,16,0,42,52,Silverstone,94.27
47,10,0,42,52,Silverstone,93.795
48,18,2,31,52,Silverstone,93.569
49,7,1,42,52,Silverstone,93.907
50,6,2,30,52,Silverstone,93.94
51,12,2,34,52,Silverstone,93.522
52,17,2,43,52,Silverstone,93.482
1,15,0,39,52,Silverstone,106.132
2,16,1,37,52,Silverstone,97.156
3,12,2,39,52,Silverstone,96.052
4,6,1,42,52,Silverstone,96.109
5,19,2,41,52,Silverstone,96.975
6,10,0,31,52,Silverstone,96.118
7,8,0,43,52,Silverstone,96.232
8,14,2,40,52,Silverstone,95.979
9,19,0,32,52,Silverstone,95.992
10,4,1,38,52,Silverstone,96.145
11,17,1,30,52,Silverstone,95.655
12,17,0,43,52,Silverstone,95.808
13,13,1,42,52,Silverstone,96.153
14,11,1,37,52,Silverstone,95.69
15,19,0,33,52,Silverstone,95.635
16,18,1,41,52,Silverstone,95.578
17,14,1,30,52,Silverstone,95.701
18,1,2,39,52,Silverstone,95.163
19,15,1,34,52,Silverstone,95.107
20,1,1,36,52,Silverstone,94.462
21,9,2,42,52,Silverstone,115.401
22,17,0,40,52,Silverstone,94.265
23,3,1,31,52,Silverstone,94.772
24,17,0,41,52,Silverstone,95.095
25,5,1,42,52,Silverstone,95.296
26,14,2,36,52,Silverstone,95.064
27,17,2,39,52,Silverstone,94.784
28,19,2,39,52,Silverstone,94.734
29,2,1,39,52,Silverstone,94.57
30,8,2,40,52,Silverstone,94.512
31,19,0,41,52,Silverstone,94.48
32,2,2,38,52,Silverstone,107.455
33,9,1,37,52,Silverstone,146.732
34,11,1,41,52,Silverstone,104.201
35,8,0,35,52,Silverstone,100.476
36,18,1,30,52,Silverstone,134.737
37,9,2,41,52,Silverstone,133.352
38,3,2,36,52,Silverstone,103.014
39,2,1,30,52,Silverstone,143.315
40,19,2,31,52,Silverstone,144.398
41,6,2,44,52,Silverstone,137.952
42,11,0,39,52,Silverstone,96.701
43,9,2,37,52,Silverstone,94.369
44,1,0,43,52,Silverstone,93.937
45,4,1,33,52,Silverstone,94.21
46,6,1,43,52,Silverstone,94.117
47,11,1,44,52,Silverstone,94.153
48,19,1,34,52,Silverstone,93.465
49,7,1,34,52,Silverstone,93.945
50,14,0,34,52,Silverstone,94.592
51,11,1,36,52,Silverstone,93.596
52,16,1,36,52,Silverstone,94.381
1,14,2,31,52,Silverstone,106.494
2,6,1,30,52,Silverstone,97.831
3,13,1,39,52,Silverstone,96.056
4,19,0,40,52,Silverstone,96.663
5,17,0,44,52,Silverstone,96.167
6,15,2,40,52,Silverstone,96.307
7,5,1,36,52,Silverstone,96.211
8,1,0,35,52,Silverstone,96.088
9,15,0,39,52,Silverstone,96.19
10,3,2,38,52,Silverstone,96.358
11,16,0,36,52,Silverstone,95.889
12,11,2,38,52,Silverstone,96.082
13,2,2,33,52,Silverstone,96.404
14,15,1,36,52,Silverstone,95.946
15,5,1,31,52,Silverstone,95.239
16,10,2,35,52,Silverstone,95.446
17,15,1,38,52,Silverstone,95.071
18,4,1,42,52,Silverstone,95.191
19,17,2,43,52,Silverstone,95.305
20,14,1,32,52,Silverstone,95.396
21,5,2,31,52,Silverstone,95.413
22,10,1,33,52,Silverstone,95.309
23,11,2,43,52,Silverstone,94.907
24,19,0,32,52,Silverstone,95.159
25,6,1,33,52,Silverstone,94.974
26,1,1,39,52,Silverstone,95.07
27,7,0,30,52,Silverstone,115.25
28,13,0,35,52,Silverstone,94.391
29,7,2,37,52,Silverstone,94.556
30,16,0,35,52,Silverstone,94.672
31,13,1,36,52,Silverstone,94.509
32,17,2,38,52,Silverstone,115.414
33,2,1,30,52,Silverstone,129.158
34,3,2,31,52,Silverstone,103.409
35,9,2,39,52,Silverstone,104.015
36,18,2,43,52,Silverstone,136.146
37,11,0,35,52,Silverstone,134.474
1,9,0,42,52,Silverstone,106.89
2,12,0,33,52,Silverstone,97.975
3,12,0,39,52,Silverstone,96.953
4,14,2,43,52,Silverstone,96.287
5,13,1,44,52,Silverstone,96.315
6,1,0,40,52,Silverstone,95.706
7,13,1,44,52,Silverstone,96.277
8,1,1,32,52,Silverstone,96.408
9,3,2,31,52,Silverstone,96.291
10,1,1,39,52,Silverstone,96.418
11,16,0,34,52,Silverstone,96.072
12,14,0,36,52,Silverstone,96.053
13,17,1,37,52,Silverstone,96.184
14,12,2,35,52,Silverstone,95.901
15,6,1,39,52,Silverstone,95.483
16,13,0,30,52,Silverstone,95.69
17,10,1,30,52,Silverstone,95.486
18,1,0,34,52,Silverstone,95.251
19,11,1,36,52,Silverstone,95.001
20,14,0,38,52,Silverstone,95.603
21,19,1,41,52,Silverstone,95.606
22,8,2,33,52,Silverstone,95.406
23,11,1,44,52,Silverstone,95.281
24,17,1,38,52,Silverstone,95.021
25,15,1,42,52,Silverstone,112.796
26,16,2,40,52,Silverstone,93.675
27,4,2,33,52,Silverstone,95.126
28,5,0,42,52,Silverstone,94.659
29,10,2,44,52,Silverstone,94.758
30,14,2,30,52,Silverstone,94.458
31,7,2,34,52,Silverstone,94.77
1,17,0,37,52,Silverstone,107.419
2,2,1,36,52,Silverstone,98.833
3,1,1,39,52,Silverstone,96.697
4,6,2,42,52,Silverstone,96.442
5,5,0,42,52,Silverstone,96.567
6,18,1,37,52,Silverstone,96.05
7,8,2,42,52,Silverstone,96.372
8,14,1,35,52,Silverstone,95.898
9,3,2,30,52,Silverstone,96.205
10,8,1,32,52,Silverstone,96.222
11,9,0,33,52,Silverstone,95.978
12,11,0,44,52,Silverstone,96.19
13,6,2,31,52,Silverstone,96.431
14,1,1,35,52,Silverstone,96.188
15,12,2,31,52,Silverstone,95.89
16,19,2,32,52,Silverstone,95.508
17,5,1,34,52,Silverstone,95.991
18,11,1,37,52,Silverstone,95.189
19,5,0,43,52,Silverstone,95.31
20,13,2,30,52,Silverstone,95.413
21,12,2,30,52,Silverstone,96.554
22,3,2,31,52,Silverstone,114.184
23,12,2,33,52,Silverstone,94.872
24,19,2,35,52,Silverstone,94.606
25,13,1,41,52,Silverstone,95.785
26,13,2,41,52,Silverstone,95.116
27,11,2,33,52,Silverstone,94.857
28,7,0,43,52,Silverstone,94.623
29,6,1,30,52,Silverstone,94.745
30,18,2,39,52,Silverstone,94.685
31,12,1,30,52,Silverstone,94.767
32,3,2,40,52,Silverstone,116.054
33,3,2,42,52,Silverstone,127.313
34,1,2,30,52,Silverstone,121.321
35,13,1,43,52,Silverstone,98.033
36,13,1,43,52,Silverstone,125.341
37,3,1,34,52,Silverstone,130.921
38,9,2,30,52,Silverstone,105.369
39,6,1,44,52,Silverstone,142.129
40,9,1,43,52,Silverstone,145.081
41,15,1,37,52,Silverstone,135.863
42,17,0,39,52,Silverstone,96.691
43,1,1,33,52,Silverstone,94.634
44,16,1,33,52,Silverstone,94.098
45,15,0,37,52,Silverstone,94.239
46,5,2,44,52,Silverstone,94.029
47,7,0,43,52,Silverstone,94.145
48,14,1,37,52,Silverstone,93.551
49,12,2,34,52,Silverstone,93.838
50,19,0,32,52,Silverstone,94.713
51,12,0,30,52,Silverstone,94.952
52,16,1,38,52,Silverstone,93.656
1,14,0,39,52,Silverstone,108.019
2,16,1,38,52,Silverstone,99.349
3,19,2,42,52,Silverstone,97.56
4,3,1,35,52,Silverstone,96.589
5,6,2,35,52,Silverstone,96.472
6,11,0,31,52,Silverstone,96.599
7,4,1,38,52,Silverstone,98.045
8,13,0,30,52,Silverstone,96.348
9,17,2,30,52,Silverstone,96.297
10,18,1,33,52,Silverstone,96.755
11,11,2,38,52,Silverstone,96.984
12,13,0,35,52,Silverstone,97.489
13,1,1,33,52,Silverstone,96.979
14,16,0,32,52,Silverstone,96.992
15,15,2,38,52,Silverstone,98.37
16,3,1,43,52,Silverstone,96.942
17,13,2,34,52,Silverstone,96.494
18,8,0,34,52,Silverstone,96.109
19,8,2,41,52,Silverstone,97.188
20,12,1,33,52,Silverstone,96.291
21,2,1,31,52,Silverstone,95.879
22,1,2,38,52,Silverstone,116.156
23,6,0,30,52,Silverstone,95.587
24,2,2,32,52,Silverstone,95.936
25,15,2,36,52,Silverstone,98.018
26,15,1,41,52,Silverstone,97.983
27,8,1,43,52,Silverstone,95.904
28,11,2,33,52,Silverstone,95.174
29,16,0,34,52,Silverstone,97.281
30,10,2,36,52,Silverstone,97.227
31,5,0,31,52,Silverstone,97.563
32,10,2,33,52,Silverstone,125.445
33,4,0,35,52,Silverstone,129.454
34,10,2,44,52,Silverstone,142.673
35,5,0,41,52,Silverstone,111.063
36,5,0,38,52,Silverstone,98.191
37,8,0,38,52,Silverstone,95.91
38,8,1,36,52,Silverstone,109.741
39,13,1,41,52,Silverstone,128.823
40,12,1,38,52,Silverstone,136.683
41,6,2,38,52,Silverstone,134.805
42,16,2,35,52,Silverstone,99.289
43,5,0,34,52,Silverstone,95.368
44,4,1,43,52,Silverstone,95.318
45,5,1,30,52,Silverstone,95.465
46,5,1,30,52,Silverstone,95.222
47,13,2,40,52,Silverstone,94.906
48,13,1,43,52,Silverstone,94.778
49,14,1,41,52,Silverstone,95.369
50,9,2,37,52,Silverstone,95.149
51,7,0,36,52,Silverstone,95.046
52,15,0,34,52,Silverstone,94.62
1,18,1,42,52,Silverstone,108.599
2,10,0,42,52,Silverstone,96.761
3,8,1,36,52,Silverstone,95.486
4,17,2,31,52,Silverstone,95.173
5,10,0,40,52,Silverstone,94.975
6,18,2,42,52,Silverstone,93.772
7,8,1,44,52,Silverstone,94.131
8,14,1,35,52,Silverstone,93.461
9,17,0,37,52,Silverstone,93.653
10,7,2,34,52,Silverstone,94.523
11,8,2,31,52,Silverstone,93.403
12,4,2,33,52,Silverstone,93.114
13,4,0,32,52,Silverstone,94.233
14,15,1,32,52,Silverstone,93.731
15,3,2,41,52,Silverstone,93.71
16,4,1,30,52,Silverstone,93.287
17,11,2,34,52,Silverstone,93.531
18,12,2,31,52,Silverstone,92.93
19,13,0,39,52,Silverstone,92.821
20,2,0,34,52,Silverstone,93.154
21,14,2,43,52,Silverstone,93.741
22,18,2,43,52,Silverstone,93.913
23,12,1,43,52,Silverstone,95.225
24,3,0,31,52,Silverstone,94.62
25,4,1,41,52,Silverstone,93.916
26,6,1,30,52,Silverstone,113.205
27,4,0,40,52,Silverstone,92.481
28,5,0,38,52,Silverstone,91.682
29,1,1,44,52,Silverstone,91.546
30,13,0,42,52,Silverstone,92.156
31,12,2,43,52,Silverstone,91.81
32,11,0,38,52,Silverstone,93.269
33,19,2,37,52,Silverstone,124.711
34,5,2,36,52,Silverstone,128.219
35,4,1,40,52,Silverstone,144.85
36,10,1,37,52,Silverstone,143.019
37,16,2,36,52,Silverstone,140.116
38,13,0,35,52,Silverstone,92.986
39,12,0,40,52,Silverstone,149.101
40,19,2,38,52,Silverstone,145.335
41,16,1,35,52,Silverstone,142.03
42,10,1,32,52,Silverstone,91.858
43,19,0,30,52,Silverstone,91.871
44,13,2,33,52,Silverstone,92.56
45,5,1,35,52,Silverstone,92.304
46,12,1,33,52,Silverstone,91.985
47,16,0,43,52,Silverstone,92.37
48,2,1,35,52,Silverstone,91.289
49,13,1,43,52,Silverstone,91.269
50,10,2,44,52,Silverstone,91.509
51,16,0,44,52,Silverstone,91.409
52,17,1,34,52,Silverstone,91.245
1,5,0,41,52,Silverstone,109.047
2,12,0,32,52,Silverstone,99.343
3,5,2,44,52,Silverstone,97.575
4,12,0,37,52,Silverstone,96.917
5,10,1,44,52,Silverstone,97.852
6,3,1,40,52,Silverstone,96.907
7,5,0,30,52,Silverstone,97.154
8,12,1,36,52,Silverstone,96.605
9,11,1,32,52,Silverstone,96.38
10,13,2,41,52,Silverstone,96.921
11,14,2,35,52,Silverstone,96.81
12,9,2,39,52,Silverstone,96.852
13,12,1,37,52,Silverstone,97.312
14,17,1,36,52,Silverstone,97.918
15,8,1,31,52,Silverstone,96.449
16,16,0,39,52,Silverstone,97.043
17,12,2,35,52,Silverstone,96.881
18,3,0,38,52,Silverstone,97.468
19,5,1,30,52,Silverstone,96.231
20,1,0,31,52,Silverstone,96.359
21,2,2,30,52,Silverstone,96.986
22,9,0,44,52,Silverstone,97.0
23,12,2,38,52,Silverstone,96.765
24,9,1,43,52,Silverstone,96.494
25,7,1,43,52,Silverstone,96.335
26,9,1,40,52,Silverstone,96.163
27,9,1,41,52,Silverstone,95.975
28,19,2,32,52,Silverstone,96.025
29,14,1,38,52,Silverstone,96.248
30,10,1,34,52,Silverstone,97.719
31,16,2,31,52,Silverstone,115.437
32,8,2,38,52,Silverstone,125.872
33,6,1,39,52,Silverstone,129.764
34,17,0,30,52,Silverstone,142.232
35,18,0,39,52,Silverstone,110.888
36,10,2,37,52,Silverstone,98.514
37,19,1,30,52,Silverstone,95.573
38,5,1,41,52,Silverstone,110.212
39,2,0,40,52,Silverstone,130.305
40,4,2,44,52,Silverstone,134.979
41,6,1,40,52,Silverstone,134.018
42,19,1,42,52,Silverstone,97.088
43,12,2,35,52,Silverstone,94.949
44,11,2,44,52,Silverstone,94.076
45,17,2,40,52,Silverstone,95.075
46,15,1,31,52,Silverstone,94.399
47,8,0,30,52,Silverstone,94.079
48,18,1,35,52,Silverstone,93.869
49,18,0,34,52,Silverstone,94.458
50,4,0,38,52,Silverstone,94.192
51,14,1,40,52,Silverstone,94.22
52,5,0,30,52,Silverstone,93.957
1,17,2,39,52,Silverstone,117.814
2,3,2,42,52,Silverstone,95.283
3,10,1,43,52,Silverstone,94.485
4,10,2,30,52,Silverstone,96.063
5,5,2,31,52,Silverstone,95.632
6,6,2,42,52,Silverstone,96.073
7,11,1,35,52,Silverstone,95.057
8,11,0,43,52,Silverstone,95.191
9,9,2,35,52,Silverstone,95.805
10,18,1,44,52,Silverstone,96.275
11,13,2,33,52,Silverstone,96.01
12,11,1,30,52,Silverstone,96.433
13,8,2,38,52,Silverstone,95.58
14,5,2,37,52,Silverstone,114.144
15,18,1,42,52,Silverstone,94.547
16,14,1,34,52,Silverstone,94.63
17,5,0,37,52,Silverstone,95.834
18,3,1,43,52,Silverstone,94.797
19,1,0,33,52,Silverstone,94.605
20,8,1,37,52,Silverstone,94.175
21,11,1,33,52,Silverstone,95.982
22,3,1,32,52,Silverstone,94.832
23,11,1,42,52,Silverstone,95.512
24,6,1,40,52,Silverstone,94.549
25,15,1,43,52,Silverstone,94.759
26,16,1,44,52,Silverstone,95.243
27,14,1,33,52,Silverstone,95.255
28,10,2,33,52,Silverstone,94.671
29,17,2,33,52,Silverstone,94.637
30,8,2,37,52,Silverstone,94.294
31,7,0,44,52,Silverstone,94.748
32,5,1,32,52,Silverstone,108.64
33,19,1,36,52,Silverstone,144.544
34,7,2,44,52,Silverstone,103.974
35,5,2,36,52,Silverstone,101.669
36,19,1,38,52,Silverstone,133.477
37,16,1,41,52,Silverstone,133.005
38,14,2,38,52,Silverstone,104.084
39,2,0,41,52,Silverstone,142.541
40,18,1,44,52,Silverstone,145.282
41,9,0,38,52,Silverstone,136.142
42,6,2,31,52,Silverstone,96.411
43,12,1,37,52,Silverstone,94.281
44,17,2,39,52,Silverstone,93.968
45,19,2,30,52,Silverstone,94.108
46,16,1,44,52,Silverstone,94.137
47,18,0,31,52,Silverstone,94.085
48,18,0,31,52,Silverstone,93.472
49,17,2,39,52,Silverstone,93.941
50,9,2,34,52,Silverstone,95.285
51,9,1,34,52,Silverstone,94.384
52,13,1,30,52,Silverstone,94.147
1,5,0,35,52,Silverstone,174.472
1,1,0,32,53,Monza,107.025
2,1,0,35,53,Monza,137.567
3,11,1,38,53,Monza,129.263
4,5,1,32,53,Monza,85.439
5,7,1,42,53,Monza,84.871
6,6,0,34,53,Monza,84.859
7,12,1,43,53,Monza,84.538
8,15,2,35,53,Monza,84.631
9,9,2,35,53,Monza,84.5
10,17,0,44,53,Monza,84.686
11,2,2,42,53,Monza,84.782
12,4,0,37,53,Monza,84.978
13,1,0,31,53,Monza,84.648
14,10,1,36,53,Monza,84.512
15,13,0,42,53,Monza,84.582
16,4,1,38,53,Monza,84.956
17,17,0,35,53,Monza,84.742
18,15,1,38,53,Monza,84.839
19,7,1,32,53,Monza,84.516
20,13,0,33,53,Monza,89.105
21,7,0,30,53,Monza,102.54
22,2,1,31,53,Monza,83.953
23,19,2,30,53,Monza,83.535
24,8,0,35,53,Monza,83.84
25,2,1,34,53,Monza,83.586
26,12,1,31,53,Monza,83.67
27,11,2,42,53,Monza,83.733
28,10,1,43,53,Monza,83.515
29,19,1,42,53,Monza,84.002
30,5,2,30,53,Monza,84.097
31,11,2,39,53,Monza,83.777
32,18,1,38,53,Monza,83.86
33,4,2,38,53,Monza,84.837
34,7,0,40,53,Monza,84.537
35,5,1,36,53,Monza,84.257
36,1,2,37,53,Monza,84.236
37,10,1,30,53,Monza,84.239
38,16,1,41,53,Monza,83.854
39,15,1,30,53,Monza,83.936
40,12,2,34,53,Monza,83.97
41,7,2,39,53,Monza,83.897
42,7,0,34,53,Monza,84.652
43,9,1,31,53,Monza,84.249
44,3,2,35,53,Monza,84.583
45,19,1,42,53,Monza,86.019
46,16,0,42,53,Monza,84.985
47,1,2,38,53,Monza,84.722
48,12,1,40,53,Monza,84.857
49,12,2,44,53,Monza,85.298
50,16,0,35,53,Monza,85.351
51,17,1,43,53,Monza,85.075
52,1,2,33,53,Monza,85.655
53,1,2,35,53,Monza,86.833
1,16,0,31,53,Monza,110.478
2,6,2,38,53,Monza,135.751
3,18,2,35,53,Monza,127.904
4,10,2,40,53,Monza,86.009
5,16,2,40,53,Monza,85.027
6,10,1,40,53,Monza,84.827
7,1,2,30,53,Monza,84.751
8,9,0,35,53,Monza,84.557
9,17,1,41,53,Monza,84.349
10,10,1,33,53,Monza,84.918
11,14,1,38,53,Monza,84.823
12,9,1,33,53,Monza,84.839
13,10,0,32,53,Monza,84.709
14,17,2,43,53,Monza,84.666
15,14,1,44,53,Monza,84.747
16,16,1,30,53,Monza,84.674
17,3,2,44,53,Monza,84.545
18,8,1,40,53,Monza,84.825
19,4,0,44,53,Monza,84.56
20,9,0,30,53,Monza,84.448
21,3,0,34,53,Monza,83.611
22,12,2,34,53,Monza,83.996
23,6,0,42,53,Monza,83.974
24,16,1,36,53,Monza,84.847
25,10,2,40,53,Monza,84.634
26,8,0,31,53,Monza,84.892
27,2,1,40,53,Monza,84.272
28,9,1,36,53,Monza,88.176
29,16,2,33,53,Monza,102.82
30,3,2,33,53,Monza,82.497
31,18,0,34,53,Monza,82.718
32,19,0,36,53,Monza,82.839
33,9,0,43,53,Monza,83.807
34,11,1,37,53,Monza,84.755
35,13,2,44,53,Monza,84.456
36,18,1,39,53,Monza,84.322
37,8,0,38,53,Monza,84.24
38,13,2,31,53,Monza,83.894
39,1,0,37,53,Monza,83.757
40,18,1,43,53,Monza,84.116
41,13,1,43,53,Monza,83.768
42,15,2,43,53,Monza,84.423
43,9,0,34,53,Monza,84.31
44,17,0,42,53,Monza,84.392
45,19,0,37,53,Monza,83.711
46,5,1,34,53,Monza,83.512
47,7,1,35,53,Monza,83.759
48,14,0,41,53,Monza,83.776
49,3,0,34,53,Monza,84.251
50,6,1,30,53,Monza,84.534
51,19,1,40,53,Monza,84.525
52,8,2,37,53,Monza,85.368
53,16,2,33,53,Monza,86.125
1,2,2,31,53,Monza,111.041
2,19,2,41,53,Monza,136.204
3,4,1,37,53,Monza,127.53
4,3,2,39,53,Monza,86.555
5,19,2,30,53,Monza,85.615
6,3,1,39,53,Monza,85.475
7,7,1,31,53,Monza,85.116
8,2,2,44,53,Monza,84.976
9,9,1,35,53,Monza,85.145
10,12,2,41,53,Monza,85.04
11,1,1,43,53,Monza,85.295
12,1,0,40,53,Monza,85.189
13,9,2,44,53,Monza,85.21
14,7,0,33,53,Monza,85.135
15,5,0,36,53,Monza,85.08
16,2,1,31,53,Monza,84.966
17,13,1,44,53,Monza,84.904
18,14,0,31,53,Monza,84.98
19,18,2,41,53,Monza,85.159
20,8,0,39,53,Monza,85.356
21,9,2,33,53,Monza,85.027
22,14,2,30,53,Monza,85.31
23,7,2,42,53,Monza,85.021
24,4,1,43,53,Monza,85.018
25,5,0,30,53,Monza,85.718
26,16,0,42,53,Monza,89.839
27,19,0,40,53,Monza,103.711
28,11,1,40,53,Monza,83.93
29,1,1,38,53,Monza,83.682
30,6,1,31,53,Monza,84.414
31,1,1,31,53,Monza,84.174
32,5,2,32,53,Monza,84.058
33,1,1,43,53,Monza,84.266
34,11,2,36,53,Monza,84.103
35,11,2,37,53,Monza,84.242
36,15,1,33,53,Monza,83.888
37,3,0,36,53,Monza,84.084
38,15,0,39,53,Monza,83.781
39,2,1,40,53,Monza,83.633
40,19,1,44,53,Monza,83.691
41,2,2,32,53,Monza,83.609
42,14,1,38,53,Monza,84.171
43,15,0,44,53,Monza,84.083
44,1,1,40,53,Monza,83.762
45,5,0,40,53,Monza,84.774
46,14,1,42,53,Monza,84.297
47,14,0,34,53,Monza,83.927
48,13,1,40,53,Monza,83.982
49,3,0,36,53,Monza,84.337
50,2,2,31,53,Monza,83.705
51,12,1,37,53,Monza,83.767
52,12,0,39,53,Monza,83.836
53,10,1,35,53,Monza,83.881
1,3,1,34,53,Monza,112.24
2,1,2,39,53,Monza,137.044
3,8,0,42,53,Monza,126.167
4,4,0,37,53,Monza,86.776
5,3,2,37,53,Monza,85.763
6,12,0,31,53,Monza,85.538
7,3,0,41,53,Monza,84.981
8,3,2,36,53,Monza,85.07
9,19,0,44,53,Monza,85.163
10,14,0,37,53,Monza,85.176
11,4,2,40,53,Monza,85.203
12,7,1,42,53,Monza,85.065
13,16,1,39,53,Monza,85.224
14,19,1,35,53,Monza,85.024
15,13,0,30,53,Monza,85.284
16,14,2,44,53,Monza,85.014
17,12,2,30,53,Monza,84.915
18,17,0,32,53,Monza,84.582
19,15,2,38,53,Monza,85.291
20,5,2,31,53,Monza,85.08
21,8,2,37,53,Monza,85.169
22,6,2,34,53,Monza,85.271
23,1,1,43,53,Monza,85.325
24,8,2,43,53,Monza,85.076
25,4,0,39,53,Monza,86.181
26,17,1,31,53,Monza,85.473
27,13,1,33,53,Monza,84.199
28,12,0,38,53,Monza,84.359
29,14,1,35,53,Monza,84.551
30,14,1,40,53,Monza,84.37
31,11,1,36,53,Monza,83.847
32,16,1,32,53,Monza,84.157
33,18,2,33,53,Monza,84.762
34,18,2,39,53,Monza,84.56
35,6,0,37,53,Monza,84.09
36,6,2,32,53,Monza,88.735
37,15,1,30,53,Monza,102.981
38,17,1,32,53,Monza,83.062
39,12,0,35,53,Monza,82.907
40,10,2,36,53,Monza,83.082
41,14,2,40,53,Monza,83.038
42,17,0,31,53,Monza,84.116
43,14,0,33,53,Monza,87.893
44,17,0,41,53,Monza,83.26
45,16,1,31,53,Monza,83.174
46,8,2,36,53,Monza,83.042
47,8,0,34,53,Monza,83.525
48,6,1,35,53,Monza,83.908
49,12,0,36,53,Monza,84.545
50,15,1,30,53,Monza,83.665
51,4,1,36,53,Monza,83.734
52,13,2,44,53,Monza,83.637
53,1,1,34,53,Monza,84.256
1,14,1,33,53,Monza,113.393
2,3,2,32,53,Monza,137.281
3,1,0,35,53,Monza,125.602
4,15,2,36,53,Monza,87.285
5,7,1,36,53,Monza,86.163
6,13,2,39,53,Monza,86.251
7,4,0,33,53,Monza,85.981
8,7,0,36,53,Monza,85.982
9,18,0,43,53,Monza,85.955
10,7,1,42,53,Monza,86.249
11,16,0,30,53,Monza,85.985
12,17,0,30,53,Monza,85.92
13,2,1,35,53,Monza,86.028
14,16,0,40,53,Monza,85.949
15,12,0,33,53,Monza,85.976
16,10,2,34,53,Monza,85.919
17,1,2,34,53,Monza,85.921
18,3,2,34,53,Monza,85.956
19,5,1,33,53,Monza,85.803
20,17,1,31,53,Monza,85.763
21,6,0,31,53,Monza,86.097
22,18,2,30,53,Monza,85.604
23,17,0,43,53,Monza,90.276
24,2,2,39,53,Monza,106.129
25,3,1,44,53,Monza,85.732
26,9,1,34,53,Monza,84.998
27,15,0,39,53,Monza,85.026
28,12,2,39,53,Monza,85.132
29,12,1,39,53,Monza,85.11
30,19,2,30,53,Monza,85.406
31,9,1,44,53,Monza,85.103
32,2,1,33,53,Monza,84.836
33,5,0,42,53,Monza,85.605
34,4,1,37,53,Monza,86.238
35,10,0,39,53,Monza,85.779
36,9,1,31,53,Monza,84.947
37,18,1,32,53,Monza,85.204
38,6,1,35,53,Monza,84.874
39,13,0,39,53,Monza,84.898
40,4,2,33,53,Monza,85.047
41,9,2,30,53,Monza,84.926
42,12,1,42,53,Monza,84.902
43,2,2,39,53,Monza,84.656
44,8,2,36,53,Monza,84.623
45,14,2,31,53,Monza,84.568
46,19,0,40,53,Monza,84.421
47,3,1,39,53,Monza,84.559
48,4,2,43,53,Monza,84.243
49,14,1,33,53,Monza,84.745
50,16,0,37,53,Monza,84.436
51,18,1,38,53,Monza,84.765
52,2,1,44,53,Monza,84.244
53,16,1,39,53,Monza,84.313
1,16,0,38,53,Monza,114.63
2,13,0,44,53,Monza,137.249
3,15,2,39,53,Monza,124.452
4,17,2,34,53,Monza,87.748
5,12,2,35,53,Monza,86.379
6,13,1,40,53,Monza,86.288
7,9,0,44,53,Monza,86.275
8,14,2,31,53,Monza,86.019
9,3,2,44,53,Monza,86.265
10,13,1,30,53,Monza,86.272
11,11,1,42,53,Monza,86.354
12,13,2,36,53,Monza,86.128
13,11,2,36,53,Monza,86.665
14,11,0,35,53,Monza,86.885
15,3,0,41,53,Monza,86.329
16,8,0,36,53,Monza,85.909
17,19,1,36,53,Monza,86.263
18,19,1,41,53,Monza,86.405
19,10,1,32,53,Monza,86.238
20,14,0,41,53,Monza,86.854
21,18,1,40,53,Monza,85.981
22,16,2,40,53,Monza,85.938
23,6,0,36,53,Monza,86.666
24,5,2,43,53,Monza,87.331
25,15,2,31,53,Monza,86.353
26,19,0,31,53,Monza,85.983
27,15,1,36,53,Monza,86.127
28,8,1,35,53,Monza,85.935
29,14,1,44,53,Monza,85.942
30,18,0,30,53,Monza,85.956
31,15,2,34,53,Monza,85.963
32,17,2,39,53,Monza,85.612
33,1,1,30,53,Monza,86.179
34,13,0,40,53,Monza,86.489
35,11,1,41,53,Monza,85.643
36,2,1,38,53,Monza,85.794
37,18,1,43,53,Monza,85.827
38,17,1,31,53,Monza,86.142
39,14,1,43,53,Monza,90.536
40,3,0,43,53,Monza,106.333
41,8,0,35,53,Monza,84.725
42,13,2,40,53,Monza,84.921
43,14,2,37,53,Monza,84.758
44,7,1,44,53,Monza,84.531
45,10,1,32,53,Monza,84.565
46,12,2,43,53,Monza,84.563
47,8,1,44,53,Monza,84.553
48,13,1,33,53,Monza,84.612
49,4,0,41,53,Monza,84.502
50,6,1,31,53,Monza,84.674
51,14,0,41,53,Monza,84.804
52,19,1,30,53,Monza,84.056
53,1,0,35,53,Monza,85.023
1,5,0,36,53,Monza,115.726
2,7,2,41,53,Monza,137.3
3,1,1,38,53,Monza,123.928
4,10,2,37,53,Monza,87.876
5,17,1,36,53,Monza,86.967
6,17,1,40,53,Monza,86.198
7,19,0,31,53,Monza,86.151
8,10,2,32,53,Monza,86.071
9,5,1,39,53,Monza,86.046
10,17,2,41,53,Monza,86.076
11,9,1,37,53,Monza,86.31
12,3,1,32,53,Monza,86.096
13,11,1,37,53,Monza,86.448
14,18,1,38,53,Monza,85.598
15,5,1,30,53,Monza,85.613
16,1,2,36,53,Monza,85.387
17,11,1,43,53,Monza,85.777
18,2,0,33,53,Monza,85.8
19,2,2,43,53,Monza,85.93
20,3,0,33,53,Monza,85.649
21,10,1,40,53,Monza,85.886
22,8,1,37,53,Monza,85.708
23,8,0,32,53,Monza,85.505
24,18,2,42,53,Monza,86.964
25,6,2,36,53,Monza,85.891
26,9,0,35,53,Monza,85.604
27,14,2,40,53,Monza,85.312
28,18,2,31,53,Monza,85.317
29,12,1,39,53,Monza,86.373
30,4,1,30,53,Monza,85.438
31,17,0,39,53,Monza,85.301
32,1,1,42,53,Monza,85.137
33,1,1,43,53,Monza,85.592
34,15,0,44,53,Monza,85.125
35,3,1,42,53,Monza,85.27
36,13,1,32,53,Monza,85.2
37,4,2,33,53,Monza,85.273
38,5,0,31,53,Monza,89.408
39,18,1,38,53,Monza,104.944
40,17,0,37,53,Monza,84.438
41,9,1,31,53,Monza,84.469
42,5,1,31,53,Monza,84.416
43,8,2,36,53,Monza,84.338
44,8,2,30,53,Monza,84.179
45,15,0,38,53,Monza,84.313
46,3,0,43,53,Monza,84.411
47,3,2,32,53,Monza,84.472
48,18,1,30,53,Monza,84.305
49,4,1,33,53,Monza,84.461
50,13,1,36,53,Monza,84.258
51,9,2,37,53,Monza,84.87
52,2,1,32,53,Monza,84.444
53,16,1,37,53,Monza,84.676
1,13,1,37,53,Monza,116.515
2,14,2,36,53,Monza,138.021
3,14,1,44,53,Monza,122.718
4,18,1,38,53,Monza,88.269
5,5,2,44,53,Monza,87.012
6,10,1,30,53,Monza,86.43
7,8,1,33,53,Monza,86.346
8,2,0,39,53,Monza,86.684
9,14,1,37,53,Monza,86.437
10,8,1,37,53,Monza,86.31
11,5,0,34,53,Monza,86.513
12,7,1,38,53,Monza,85.713
13,9,2,44,53,Monza,86.657
14,9,2,41,53,Monza,86.273
15,2,0,31,53,Monza,87.608
16,13,2,36,53,Monza,86.905
17,2,0,36,53,Monza,86.113
18,9,0,43,53,Monza,86.406
19,6,1,36,53,Monza,86.019
20,1,0,32,53,Monza,86.101
21,17,2,35,53,Monza,86.569
22,17,0,34,53,Monza,86.329
23,9,2,33,53,Monza,86.544
24,2,1,32,53,Monza,86.5
25,19,1,39,53,Monza,86.534
26,5,0,39,53,Monza,86.489
27,12,0,39,53,Monza,86.527
28,2,0,39,53,Monza,86.47
29,12,2,42,53,Monza,86.394
30,18,1,42,53,Monza,86.278
31,1,2,39,53,Monza,85.805
32,15,0,30,53,Monza,86.39
33,3,1,43,53,Monza,86.085
34,9,1,44,53,Monza,85.907
35,15,0,44,53,Monza,90.407
36,12,2,32,53,Monza,106.822
37,3,0,41,53,Monza,84.608
38,8,0,33,53,Monza,85.107
39,19,1,39,53,Monza,84.58
40,19,1,36,53,Monza,85.225
41,11,2,35,53,Monza,85.031
42,14,2,40,53,Monza,84.988
43,4,0,30,53,Monza,84.743
44,19,1,44,53,Monza,84.67
45,1,2,39,53,Monza,84.656
46,9,0,40,53,Monza,84.686
47,15,1,31,53,Monza,84.616
48,15,0,36,53,Monza,84.982
49,7,0,44,53,Monza,86.719
50,15,1,35,53,Monza,84.91
51,1,1,37,53,Monza,85.148
52,19,1,39,53,Monza,85.456
1,14,1,36,53,Monza,117.454
2,2,1,31,53,Monza,137.479
3,4,2,38,53,Monza,122.9
4,9,0,42,53,Monza,88.099
5,5,1,39,53,Monza,87.234
6,14,1,39,53,Monza,86.8
7,11,0,36,53,Monza,86.539
8,16,2,34,53,Monza,86.509
9,9,1,33,53,Monza,86.537
10,1,1,39,53,Monza,86.261
11,1,0,36,53,Monza,86.262
12,3,1,34,53,Monza,86.078
13,10,2,44,53,Monza,87.427
14,19,2,39,53,Monza,87.396
15,3,0,38,53,Monza,86.506
16,11,0,44,53,Monza,86.004
17,6,0,37,53,Monza,86.244
18,2,1,30,53,Monza,86.342
19,11,1,43,53,Monza,86.272
20,8,0,39,53,Monza,86.162
21,4,1,39,53,Monza,86.365
22,16,0,34,53,Monza,87.244
23,12,0,39,53,Monza,86.515
24,14,2,36,53,Monza,86.666
25,10,2,34,53,Monza,86.983
26,3,1,32,53,Monza,86.212
27,2,1,44,53,Monza,86.122
28,1,1,42,53,Monza,86.122
29,17,1,44,53,Monza,86.148
30,18,1,42,53,Monza,86.283
31,17,1,32,53,Monza,86.973
32,15,0,31,53,Monza,85.803
33,7,0,33,53,Monza,85.866
34,5,1,41,53,Monza,86.132
35,19,0,44,53,Monza,86.134
36,1,2,33,53,Monza,87.066
37,18,2,37,53,Monza,90.478
38,18,1,42,53,Monza,105.918
39,8,1,37,53,Monza,84.788
40,8,2,33,53,Monza,84.693
41,14,1,41,53,Monza,85.792
42,11,1,38,53,Monza,87.108
43,9,2,44,53,Monza,84.734
44,11,0,34,53,Monza,84.909
45,8,2,30,53,Monza,84.79
46,7,2,30,53,Monza,84.708
47,11,1,42,53,Monza,84.679
48,10,2,43,53,Monza,85.053
49,9,2,44,53,Monza,85.438
50,12,0,38,53,Monza,84.899
51,1,1,31,53,Monza,85.762
52,12,1,44,53,Monza,83.768
1,16,1,43,53,Monza,119.468
2,16,1,44,53,Monza,137.507
3,15,0,34,53,Monza,121.731
4,7,0,30,53,Monza,88.817
5,6,1,36,53,Monza,87.095
6,2,1,42,53,Monza,87.009
7,2,2,41,53,Monza,88.291
8,10,0,40,53,Monza,87.534
9,6,0,33,53,Monza,105.377
1,13,1,39,53,Monza,120.688
2,3,2,34,53,Monza,137.371
3,17,1,37,53,Monza,121.011
4,19,1,40,53,Monza,89.166
5,16,1,39,53,Monza,87.245
6,4,0,37,53,Monza,87.275
7,16,1,40,53,Monza,88.096
8,16,0,31,53,Monza,87.99
9,18,1,39,53,Monza,86.915
10,6,2,34,53,Monza,87.492
11,16,0,30,53,Monza,87.798
12,2,2,36,53,Monza,87.819
13,10,1,31,53,Monza,86.353
14,11,2,36,53,Monza,86.705
15,17,2,34,53,Monza,87.193
16,11,1,33,53,Monza,86.71
17,12,2,39,53,Monza,87.895
18,17,1,41,53,Monza,87.358
19,10,1,34,53,Monza,87.027
20,8,1,40,53,Monza,86.614
21,2,2,44,53,Monza,86.417
22,2,0,40,53,Monza,86.457
23,15,2,38,53,Monza,86.376
24,15,1,34,53,Monza,86.448
25,16,1,37,53,Monza,86.303
26,9,0,37,53,Monza,86.176
27,9,0,39,53,Monza,86.076
28,15,0,43,53,Monza,86.773
29,17,2,35,53,Monza,86.498
30,15,0,38,53,Monza,87.056
31,5,1,33,53,Monza,86.349
32,14,2,41,53,Monza,86.229
33,6,2,42,53,Monza,85.976
34,9,1,43,53,Monza,90.692
35,2,1,31,53,Monza,109.652
36,15,0,30,53,Monza,84.92
37,3,0,36,53,Monza,85.082
38,1,0,42,53,Monza,85.131
39,2,1,35,53,Monza,85.396
40,18,1,37,53,Monza,85.556
41,16,0,38,53,Monza,85.356
42,15,2,41,53,Monza,85.278
43,18,2,38,53,Monza,85.177
44,3,1,40,53,Monza,87.183
45,8,0,44,53,Monza,86.839
46,8,1,35,53,Monza,84.767
47,1,0,38,53,Monza,84.88
48,19,0,40,53,Monza,86.035
49,12,0,37,53,Monza,85.753
50,14,1,38,53,Monza,85.008
51,16,1,31,53,Monza,85.18
52,13,0,33,53,Monza,85.293
1,10,2,43,53,Monza,121.435
2,10,2,37,53,Monza,137.918
3,10,1,38,53,Monza,120.736
4,8,1,39,53,Monza,96.469
5,10,2,44,53,Monza,122.479
6,10,1,42,53,Monza,87.155
7,14,0,32,53,Monza,87.942
8,5,0,34,53,Monza,87.028
9,14,1,36,53,Monza,88.106
10,13,1,44,53,Monza,87.163
11,12,0,37,53,Monza,88.595
12,9,0,44,53,Monza,87.199
13,2,1,42,53,Monza,87.242
14,9,0,40,53,Monza,87.099
15,18,1,33,53,Monza,86.764
16,12,2,36,53,Monza,86.659
17,15,1,31,53,Monza,89.016
18,18,1,39,53,Monza,87.097
19,19,1,38,53,Monza,86.995
20,7,2,33,53,Monza,89.218
21,5,1,35,53,Monza,86.733
22,15,1,42,53,Monza,86.569
23,15,0,30,53,Monza,86.917
24,16,2,34,53,Monza,88.159
25,8,1,32,53,Monza,87.071
26,17,2,31,53,Monza,86.818
27,10,1,42,53,Monza,86.761
28,6,0,35,53,Monza,88.453
29,18,2,42,53,Monza,88.097
30,9,0,42,53,Monza,88.032
31,17,0,34,53,Monza,86.999
32,19,2,30,53,Monza,87.615
33,16,0,41,53,Monza,86.882
34,17,0,41,53,Monza,87.7
35,17,1,31,53,Monza,86.356
36,1,0,40,53,Monza,86.285
37,19,0,44,53,Monza,86.235
38,18,0,43,53,Monza,89.379
39,17,1,38,53,Monza,86.532
40,15,0,39,53,Monza,90.857
41,1,1,30,53,Monza,86.425
42,2,1,30,53,Monza,87.235
43,13,2,37,53,Monza,85.919
44,5,2,34,53,Monza,85.805
45,14,2,36,53,Monza,85.738
46,14,1,40,53,Monza,85.692
47,3,1,35,53,Monza,85.903
48,2,1,34,53,Monza,85.938
49,8,1,35,53,Monza,86.795
50,17,1,37,53,Monza,86.587
51,9,0,43,53,Monza,88.017
52,1,0,34,53,Monza,87.303
1,13,0,42,53,Monza,122.352
2,8,1,37,53,Monza,138.145
3,5,2,43,53,Monza,120.366
4,12,1,33,53,Monza,87.999
5,2,0,42,53,Monza,86.712
6,16,2,40,53,Monza,86.526
7,19,2,38,53,Monza,88.13
8,10,0,38,53,Monza,85.642
9,13,1,30,53,Monza,85.514
10,4,1,30,53,Monza,85.635
11,14,0,36,53,Monza,85.482
12,8,1,33,53,Monza,86.249
13,5,2,38,53,Monza,85.943
14,1,1,34,53,Monza,86.015
15,14,1,41,53,Monza,85.966
16,4,1,44,53,Monza,86.031
17,1,0,32,53,Monza,85.939
18,1,0,33,53,Monza,86.802
19,11,1,35,53,Monza,85.75
20,2,1,36,53,Monza,85.638
21,15,0,43,53,Monza,85.876
22,6,1,44,53,Monza,85.564
23,19,1,36,53,Monza,86.496
24,11,0,33,53,Monza,85.753
25,16,2,38,53,Monza,85.91
26,3,0,43,53,Monza,85.579
27,7,0,42,53,Monza,85.551
28,1,2,42,53,Monza,85.185
29,17,0,39,53,Monza,85.378
30,9,1,40,53,Monza,85.031
31,7,1,34,53,Monza,85.249
32,2,1,36,53,Monza,85.036
33,11,2,30,53,Monza,85.184
34,7,1,33,53,Monza,85.018
35,12,1,44,53,Monza,85.008
36,13,0,44,53,Monza,84.875
37,17,2,42,53,Monza,85.039
38,8,1,35,53,Monza,86.205
39,7,1,34,53,Monza,89.927
40,3,1,37,53,Monza,105.488
41,15,0,31,53,Monza,83.704
42,2,0,36,53,Monza,83.738
43,10,2,32,53,Monza,83.529
44,5,1,30,53,Monza,83.656
45,8,0,40,53,Monza,83.946
46,15,2,43,53,Monza,83.81
47,18,1,38,53,Monza,83.861
48,7,1,41,53,Monza,84.212
49,12,0,34,53,Monza,84.499
50,17,0,37,53,Monza,84.476
51,6,0,44,53,Monza,84.407
52,11,0,40,53,Monza,84.511
53,12,0,33,53,Monza,84.625
1,13,2,44,53,Monza,124.247
2,7,1,43,53,Monza,138.357
3,19,1,44,53,Monza,120.528
4,4,2,35,53,Monza,87.415
5,4,1,36,53,Monza,86.579
6,19,1,40,53,Monza,86.556
7,13,1,36,53,Monza,87.222
8,12,2,37,53,Monza,87.467
9,16,1,40,53,Monza,89.165
10,15,2,36,53,Monza,88.021
11,1,0,35,53,Monza,87.515
12,10,1,38,53,Monza,87.248
13,13,1,34,53,Monza,86.931
14,11,0,33,53,Monza,86.776
15,5,0,38,53,Monza,87.006
16,7,0,44,53,Monza,86.781
17,2,1,41,53,Monza,87.188
18,6,1,41,53,Monza,87.014
19,4,0,38,53,Monza,86.805
20,11,1,38,53,Monza,86.594
21,19,1,32,53,Monza,86.581
22,7,0,31,53,Monza,86.764
23,16,0,33,53,Monza,86.92
24,17,1,43,53,Monza,86.648
25,1,1,40,53,Monza,86.472
26,14,0,31,53,Monza,86.492
27,13,1,31,53,Monza,86.229
28,8,1,42,53,Monza,86.42
29,10,1,40,53,Monza,86.261
30,3,1,43,53,Monza,86.36
31,9,0,31,53,Monza,86.215
32,11,2,44,53,Monza,86.461
33,1,1,35,53,Monza,86.472
34,15,1,36,53,Monza,90.43
35,2,1,31,53,Monza,105.465
36,7,1,39,53,Monza,85.184
37,7,0,36,53,Monza,84.843
38,10,1,33,53,Monza,84.588
39,14,2,34,53,Monza,84.859
40,14,0,33,53,Monza,84.759
41,10,0,41,53,Monza,84.82
42,2,1,31,53,Monza,84.824
43,2,2,41,53,Monza,84.757
44,16,2,31,53,Monza,84.821
45,14,0,40,53,Monza,84.63
46,5,1,38,53,Monza,84.995
47,2,2,43,53,Monza,84.642
48,13,1,38,53,Monza,84.669
49,16,0,32,53,Monza,84.623
50,6,2,33,53,Monza,84.506
51,11,2,37,53,Monza,84.619
52,5,2,43,53,Monza,84.504
1,6,0,39,53,Monza,126.746
2,11,2,44,53,Monza,138.314
3,8,0,34,53,Monza,118.785
4,9,1,41,53,Monza,87.761
5,5,1,44,53,Monza,89.445
6,7,1,41,53,Monza,86.808
7,1,0,34,53,Monza,86.851
8,9,1,44,53,Monza,87.104
9,9,1,30,53,Monza,87.809
10,10,0,35,53,Monza,87.347
11,3,2,34,53,Monza,87.123
12,19,2,32,53,Monza,87.179
13,19,1,35,53,Monza,87.006
14,4,0,32,53,Monza,87.37
15,2,1,35,53,Monza,87.079
16,5,0,39,53,Monza,86.972
17,8,0,39,53,Monza,86.812
18,2,0,44,53,Monza,86.613
19,2,2,44,53,Monza,86.825
20,8,0,32,53,Monza,86.708
21,7,1,37,53,Monza,86.586
22,3,2,32,53,Monza,86.92
23,7,2,43,53,Monza,86.669
24,19,2,31,53,Monza,91.036
25,10,0,37,53,Monza,106.18
26,7,0,38,53,Monza,85.598
27,18,1,39,53,Monza,85.83
28,12,0,38,53,Monza,86.105
29,11,2,34,53,Monza,85.959
30,14,0,41,53,Monza,85.944
31,12,0,41,53,Monza,85.977
32,17,2,40,53,Monza,85.79
33,2,0,33,53,Monza,85.537
34,14,2,34,53,Monza,88.726
35,13,0,31,53,Monza,85.629
36,6,1,35,53,Monza,86.879
37,6,0,41,53,Monza,85.437
38,2,0,39,53,Monza,85.132
39,11,0,43,53,Monza,85.361
40,15,1,40,53,Monza,85.377
41,10,1,35,53,Monza,85.371
42,7,2,43,53,Monza,85.192
43,13,1,43,53,Monza,85.172
44,13,2,30,53,Monza,85.234
45,7,2,40,53,Monza,85.352
46,4,2,30,53,Monza,87.209
47,8,0,31,53,Monza,84.772
48,13,0,44,53,Monza,85.061
49,14,2,32,53,Monza,84.954
50,14,1,30,53,Monza,85.777
51,1,2,44,53,Monza,84.873
52,11,1,35,53,Monza,84.899
1,7,1,31,53,Monza,128.144
2,19,2,31,53,Monza,138.181
3,4,1,43,53,Monza,118.295
4,19,1,37,53,Monza,87.04
5,4,2,39,53,Monza,86.843
6,9,1,32,53,Monza,87.977
7,15,2,43,53,Monza,87.006
8,19,1,40,53,Monza,87.362
9,9,1,35,53,Monza,87.891
10,7,1,43,53,Monza,87.166
11,9,2,35,53,Monza,86.713
12,2,0,32,53,Monza,86.896
13,10,0,40,53,Monza,86.476
14,10,2,30,53,Monza,86.809
15,17,2,42,53,Monza,86.912
16,18,2,40,53,Monza,86.671
17,18,2,30,53,Monza,86.63
18,16,1,38,53,Monza,87.335
19,17,1,36,53,Monza,86.597
20,14,1,38,53,Monza,86.769
21,13,0,44,53,Monza,86.428
22,3,0,35,53,Monza,86.566
23,18,2,40,53,Monza,86.31
24,7,1,31,53,Monza,86.554
25,3,2,44,53,Monza,86.347
26,2,0,37,53,Monza,86.147
27,5,1,37,53,Monza,86.252
28,7,1,34,53,Monza,86.757
29,10,2,41,53,Monza,86.578
30,9,0,36,53,Monza,86.945
31,5,1,42,53,Monza,86.162
32,15,0,31,53,Monza,86.176
33,13,0,44,53,Monza,86.229
34,8,1,30,53,Monza,86.663
35,19,0,38,53,Monza,86.483
36,10,1,34,53,Monza,86.414
37,6,1,34,53,Monza,86.481
38,15,0,31,53,Monza,86.504
39,4,0,31,53,Monza,86.314
40,2,2,41,53,Monza,88.236
41,16,0,42,53,Monza,91.629
42,3,2,32,53,Monza,104.79
43,3,2,39,53,Monza,86.693
44,6,2,40,53,Monza,84.306
45,3,1,39,53,Monza,84.54
46,5,1,40,53,Monza,84.209
47,3,2,34,53,Monza,84.059
48,2,2,40,53,Monza,85.64
49,6,2,43,53,Monza,84.403
50,4,2,41,53,Monza,84.315
51,1,0,38,53,Monza,84.533
52,15,2,39,53,Monza,84.987
1,17,1,40,53,Monza,128.859
2,8,2,35,53,Monza,138.448
3,7,0,31,53,Monza,118.235
4,11,1,34,53,Monza,86.824
5,9,1,32,53,Monza,86.771
6,10,1,30,53,Monza,85.598
7,17,0,32,53,Monza,86.484
8,7,0,32,53,Monza,88.186
9,1,0,34,53,Monza,88.696
10,8,0,41,53,Monza,85.767
11,10,2,37,53,Monza,87.703
12,10,2,39,53,Monza,85.76
13,11,1,36,53,Monza,85.93
14,11,1,37,53,Monza,85.729
15,7,0,40,53,Monza,85.64
16,12,0,36,53,Monza,85.424
17,2,1,36,53,Monza,85.276
18,1,1,31,53,Monza,85.229
19,14,1,43,53,Monza,85.732
20,17,2,40,53,Monza,85.399
21,15,0,38,53,Monza,85.844
22,6,0,39,53,Monza,85.301
23,13,2,33,53,Monza,86.235
1,17,0,32,53,Monza,130.568
2,15,1,41,53,Monza,137.828
3,3,0,40,53,Monza,119.157
4,17,1,37,53,Monza,85.442
5,16,1,42,53,Monza,86.672
6,1,1,36,53,Monza,86.288
7,7,1,33,53,Monza,85.975
8,9,1,34,53,Monza,87.526
9,2,1,34,53,Monza,86.853
10,17,0,40,53,Monza,85.463
11,1,0,35,53,Monza,84.933
12,6,1,42,53,Monza,84.854
13,4,1,39,53,Monza,85.088
14,12,1,39,53,Monza,85.551
15,13,0,39,53,Monza,85.738
16,18,2,33,53,Monza,85.257
17,10,0,31,53,Monza,85.979
18,1,2,37,53,Monza,84.954
19,11,0,38,53,Monza,85.34
20,10,1,34,53,Monza,84.564
21,18,1,31,53,Monza,84.905
22,19,0,43,53,Monza,84.566
23,5,1,41,53,Monza,85.055
24,17,0,37,53,Monza,84.794
25,4,0,33,53,Monza,85.296
26,1,0,33,53,Monza,85.108
27,10,2,40,53,Monza,84.566
28,2,0,44,53,Monza,84.47
29,13,2,44,53,Monza,89.444
30,10,2,31,53,Monza,104.145
31,19,2,39,53,Monza,83.663
32,9,1,31,53,Monza,83.068
33,13,2,37,53,Monza,83.472
34,16,1,40,53,Monza,83.199
35,5,1,44,53,Monza,83.538
36,7,0,32,53,Monza,83.255
37,5,1,38,53,Monza,82.952
38,19,0,30,53,Monza,84.271
39,4,1,31,53,Monza,83.6
40,6,1,31,53,Monza,83.473
41,13,2,33,53,Monza,83.174
42,15,1,35,53,Monza,83.542
43,3,2,41,53,Monza,83.27
44,15,0,30,53,Monza,83.311
45,6,1,33,53,Monza,82.884
46,8,2,44,53,Monza,82.927
47,4,1,41,53,Monza,82.702
48,12,1,31,53,Monza,82.828
49,13,0,36,53,Monza,83.405
50,4,1,32,53,Monza,83.187
51,8,1,41,53,Monza,82.505
52,12,2,33,53,Monza,83.116
53,10,2,36,53,Monza,82.914
1,13,1,36,53,Monza,143.966
2,10,0,38,53,Monza,128.119
3,11,1,40,53,Monza,116.316
4,6,2,39,53,Monza,87.089
5,17,1,40,53,Monza,86.981
6,15,1,41,53,Monza,86.881
7,12,2,36,53,Monza,87.068
8,16,0,31,53,Monza,87.066
9,15,1,40,53,Monza,87.119
10,5,1,40,53,Monza,87.234
11,17,1,43,53,Monza,87.157
12,12,1,31,53,Monza,86.902
13,8,2,43,53,Monza,86.944
14,7,2,31,53,Monza,87.708
15,10,1,34,53,Monza,87.331
16,12,2,39,53,Monza,86.942
17,17,2,34,53,Monza,87.028
18,2,0,31,53,Monza,86.738
19,10,2,30,53,Monza,86.739
20,14,2,33,53,Monza,86.546
21,4,1,43,53,Monza,86.719
22,1,1,36,53,Monza,86.718
23,7,1,40,53,Monza,86.743
24,18,2,31,53,Monza,87.156
25,11,0,39,53,Monza,87.058
26,2,2,33,53,Monza,86.357
27,18,2,32,53,Monza,86.492
28,1,1,38,53,Monza,86.34
29,18,1,34,53,Monza,86.289
30,4,2,34,53,Monza,86.236
31,7,0,41,53,Monza,86.143
32,16,0,30,53,Monza,86.373
33,11,0,39,53,Monza,86.26
34,17,1,39,53,Monza,86.266
35,16,2,36,53,Monza,86.337
36,15,1,39,53,Monza,86.375
37,6,2,30,53,Monza,86.366
38,2,0,44,53,Monza,86.406
39,9,1,36,53,Monza,87.353
40,4,1,40,53,Monza,86.569
41,14,2,34,53,Monza,88.87
42,12,0,33,53,Monza,92.048
43,11,1,33,53,Monza,106.962
44,16,1,41,53,Monza,83.768
45,7,2,33,53,Monza,84.171
46,7,0,43,53,Monza,84.276
47,3,1,34,53,Monza,84.221
48,8,1,31,53,Monza,84.444
49,16,2,41,53,Monza,84.366
50,18,2,36,53,Monza,84.448
51,5,0,39,53,Monza,84.317
52,10,2,37,53,Monza,83.827
1,3,1,31,66,Barcelona,86.434
2,2,2,39,66,Barcelona,83.657
3,15,0,34,66,Barcelona,83.183
4,5,2,36,66,Barcelona,82.782
5,14,1,40,66,Barcelona,82.698
6,13,0,41,66,Barcelona,82.31
7,9,0,32,66,Barcelona,82.254
8,4,1,35,66,Barcelona,82.355
9,14,2,40,66,Barcelona,81.972
10,4,0,39,66,Barcelona,81.974
11,16,1,43,66,Barcelona,82.284
12,2,1,34,66,Barcelona,81.998
13,8,0,32,66,Barcelona,81.947
14,2,1,30,66,Barcelona,82.151
15,17,0,39,66,Barcelona,81.766
16,4,0,32,66,Barcelona,81.913
17,8,2,44,66,Barcelona,81.904
18,6,0,38,66,Barcelona,82.741
19,17,0,38,66,Barcelona,82.991
20,4,2,44,66,Barcelona,81.527
21,14,1,44,66,Barcelona,82.386
22,10,2,34,66,Barcelona,82.383
23,10,2,43,66,Barcelona,82.466
24,15,0,30,66,Barcelona,82.26
25,4,0,33,66,Barcelona,82.886
26,13,1,41,66,Barcelona,82.926
27,11,1,38,66,Barcelona,86.194
28,7,2,40,66,Barcelona,101.228
29,13,0,37,66,Barcelona,82.131
30,8,1,40,66,Barcelona,82.3
31,9,2,38,66,Barcelona,81.134
32,17,0,38,66,Barcelona,82.286
33,8,0,42,66,Barcelona,82.341
34,16,1,38,66,Barcelona,82.293
35,2,1,44,66,Barcelona,81.745
36,17,0,42,66,Barcelona,81.844
37,14,2,32,66,Barcelona,81.784
38,5,2,40,66,Barcelona,81.578
39,18,0,40,66,Barcelona,82.137
40,7,1,32,66,Barcelona,81.724
41,10,0,33,66,Barcelona,82.21
42,14,0,37,66,Barcelona,82.206
43,10,0,41,66,Barcelona,81.891
44,9,2,43,66,Barcelona,81.957
45,3,1,36,66,Barcelona,80.953
46,19,1,31,66,Barcelona,93.804
47,10,0,42,66,Barcelona,155.803
48,14,1,44,66,Barcelona,129.746
49,9,0,44,66,Barcelona,134.091
50,19,0,35,66,Barcelona,140.867
51,8,2,41,66,Barcelona,124.405
52,13,0,39,66,Barcelona,127.645
53,14,0,31,66,Barcelona,79.85
54,5,1,38,66,Barcelona,78.492
55,15,1,36,66,Barcelona,80.909
56,7,2,33,66,Barcelona,79.98
57,12,0,35,66,Barcelona,79.858
58,10,2,41,66,Barcelona,80.295
59,7,1,41,66,Barcelona,79.681
60,8,2,35,66,Barcelona,79.774
61,5,2,40,66,Barcelona,79.885
62,14,0,33,66,Barcelona,79.847
63,4,1,42,66,Barcelona,79.928
64,11,2,41,66,Barcelona,79.771
65,14,0,42,66,Barcelona,79.619
66,1,1,39,66,Barcelona,80.109
1,7,0,34,66,Barcelona,88.519
2,2,0,37,66,Barcelona,83.495
3,5,0,33,66,Barcelona,83.021
4,2,2,34,66,Barcelona,83.161
5,16,0,31,66,Barcelona,82.676
6,8,1,31,66,Barcelona,82.536
7,8,0,42,66,Barcelona,82.589
8,3,0,36,66,Barcelona,82.26
9,10,1,39,66,Barcelona,82.296
10,1,1,35,66,Barcelona,82.211
11,8,2,39,66,Barcelona,82.275
12,4,0,42,66,Barcelona,82.3
13,18,2,30,66,Barcelona,82.097
14,15,0,30,66,Barcelona,81.979
15,2,1,40,66,Barcelona,82.094
16,9,1,42,66,Barcelona,82.19
17,4,1,37,66,Barcelona,82.174
18,14,1,31,66,Barcelona,82.415
19,10,2,42,66,Barcelona,83.479
20,8,0,38,66,Barcelona,83.423
21,6,2,36,66,Barcelona,83.41
22,7,2,43,66,Barcelona,82.731
23,4,0,34,66,Barcelona,82.797
24,7,1,35,66,Barcelona,83.405
25,2,2,33,66,Barcelona,83.91
26,13,2,37,66,Barcelona,87.529
27,11,1,40,66,Barcelona,101.045
28,12,0,39,66,Barcelona,81.593
29,6,1,37,66,Barcelona,80.857
30,2,1,34,66,Barcelona,81.719
31,6,0,34,66,Barcelona,81.725
32,2,0,38,66,Barcelona,82.118
33,13,1,35,66,Barcelona,82.41
34,17,0,38,66,Barcelona,81.723
35,3,1,40,66,Barcelona,82.073
36,2,2,36,66,Barcelona,82.003
37,16,1,31,66,Barcelona,82.295
38,3,2,39,66,Barcelona,81.571
39,9,1,42,66,Barcelona,81.834
40,18,0,36,66,Barcelona,81.836
41,15,1,32,66,Barcelona,81.963
42,7,1,36,66,Barcelona,81.56
43,2,1,40,66,Barcelona,82.461
44,14,1,30,66,Barcelona,80.822
45,10,1,32,66,Barcelona,84.69
46,7,1,42,66,Barcelona,130.385
47,19,2,35,66,Barcelona,120.002
48,8,1,32,66,Barcelona,126.263
49,13,0,39,66,Barcelona,132.766
50,4,2,37,66,Barcelona,134.821
51,4,1,30,66,Barcelona,124.197
52,3,2,44,66,Barcelona,127.434
53,2,1,35,66,Barcelona,81.217
54,2,1,42,66,Barcelona,81.362
55,8,0,30,66,Barcelona,78.737
56,12,0,34,66,Barcelona,80.027
57,12,2,37,66,Barcelona,79.708
58,8,2,30,66,Barcelona,79.966
59,4,2,30,66,Barcelona,79.978
60,17,0,30,66,Barcelona,79.91
61,13,2,38,66,Barcelona,79.864
62,16,0,37,66,Barcelona,79.903
63,7,1,40,66,Barcelona,80.151
64,18,1,37,66,Barcelona,79.912
65,3,2,34,66,Barcelona,80.098
66,16,1,41,66,Barcelona,80.546
1,11,2,39,66,Barcelona,89.414
2,6,0,34,66,Barcelona,83.595
3,6,1,44,66,Barcelona,83.359
4,15,2,31,66,Barcelona,83.097
5,5,1,37,66,Barcelona,82.803
6,8,1,43,66,Barcelona,82.817
7,13,1,31,66,Barcelona,82.953
8,6,0,42,66,Barcelona,82.625
9,5,1,39,66,Barcelona,82.709
10,2,2,39,66,Barcelona,82.551
11,14,1,43,66,Barcelona,82.502
12,6,1,42,66,Barcelona,82.535
13,6,2,40,66,Barcelona,82.617
14,12,1,42,66,Barcelona,82.688
15,17,1,32,66,Barcelona,82.85
16,2,0,38,66,Barcelona,82.968
17,9,1,37,66,Barcelona,83.015
18,16,1,44,66,Barcelona,83.041
19,9,1,38,66,Barcelona,83.333
20,15,0,37,66,Barcelona,86.931
21,2,2,30,66,Barcelona,101.126
22,17,1,40,66,Barcelona,82.192
23,19,0,43,66,Barcelona,82.223
24,17,0,39,66,Barcelona,82.283
25,10,2,43,66,Barcelona,82.315
26,3,2,33,66,Barcelona,82.903
27,13,1,40,66,Barcelona,82.7
28,11,1,39,66,Barcelona,82.326
29,13,1,30,66,Barcelona,82.719
30,19,0,43,66,Barcelona,81.567
31,7,1,36,66,Barcelona,82.064
32,11,2,33,66,Barcelona,81.925
33,5,0,34,66,Barcelona,81.844
34,3,2,39,66,Barcelona,81.951
35,19,2,33,66,Barcelona,82.189
36,9,0,36,66,Barcelona,81.779
37,7,2,41,66,Barcelona,81.811
38,5,1,35,66,Barcelona,82.037
39,10,0,30,66,Barcelona,81.827
40,2,1,30,66,Barcelona,82.071
41,14,1,36,66,Barcelona,81.76
42,2,1,40,66,Barcelona,82.271
43,16,2,36,66,Barcelona,85.237
44,13,1,44,66,Barcelona,99.663
45,15,1,31,66,Barcelona,80.208
46,3,1,40,66,Barcelona,113.162
47,17,0,43,66,Barcelona,121.355
48,6,2,35,66,Barcelona,121.51
49,17,0,35,66,Barcelona,131.91
50,11,1,38,66,Barcelona,134.988
51,5,1,38,66,Barcelona,125.229
52,14,2,32,66,Barcelona,126.439
53,6,1,36,66,Barcelona,81.534
54,17,0,31,66,Barcelona,81.126
55,19,1,38,66,Barcelona,80.202
56,11,1,39,66,Barcelona,80.07
57,17,2,38,66,Barcelona,79.769
58,13,1,43,66,Barcelona,80.316
59,13,2,31,66,Barcelona,80.128
60,9,2,39,66,Barcelona,80.045
61,10,0,43,66,Barcelona,80.033
62,1,1,37,66,Barcelona,79.988
63,18,1,44,66,Barcelona,80.287
64,7,0,40,66,Barcelona,79.993
65,1,0,31,66,Barcelona,80.195
66,4,1,38,66,Barcelona,80.449
1,19,0,30,66,Barcelona,90.453
2,7,0,40,66,Barcelona,83.893
3,7,1,43,66,Barcelona,83.455
4,10,1,38,66,Barcelona,83.378
5,1,0,34,66,Barcelona,83.232
6,3,2,34,66,Barcelona,83.146
7,15,1,35,66,Barcelona,82.906
8,7,0,39,66,Barcelona,82.957
9,9,1,38,66,Barcelona,82.975
10,18,0,31,66,Barcelona,83.081
11,19,0,40,66,Barcelona,83.16
12,11,1,42,66,Barcelona,84.65
13,12,2,30,66,Barcelona,83.583
14,6,0,32,66,Barcelona,83.449
15,17,1,35,66,Barcelona,83.358
16,11,2,39,66,Barcelona,83.682
17,11,0,40,66,Barcelona,83.832
18,10,0,35,66,Barcelona,83.483
19,13,2,31,66,Barcelona,87.181
20,9,2,36,66,Barcelona,102.585
21,8,1,32,66,Barcelona,83.219
22,7,1,42,66,Barcelona,81.713
23,6,1,32,66,Barcelona,83.603
24,19,1,35,66,Barcelona,81.333
25,5,2,36,66,Barcelona,82.751
26,17,1,38,66,Barcelona,82.762
27,1,1,40,66,Barcelona,81.938
28,8,2,35,66,Barcelona,82.744
29,19,2,30,66,Barcelona,81.73
30,18,0,39,66,Barcelona,81.962
31,12,1,32,66,Barcelona,82.082
32,13,2,36,66,Barcelona,81.611
33,9,0,40,66,Barcelona,82.657
34,18,0,36,66,Barcelona,81.987
35,7,1,42,66,Barcelona,81.922
36,14,0,31,66,Barcelona,81.787
37,9,2,39,66,Barcelona,81.728
38,11,1,43,66,Barcelona,81.181
39,3,1,39,66,Barcelona,81.499
40,8,2,33,66,Barcelona,85.804
41,12,1,41,66,Barcelona,99.608
42,5,1,30,66,Barcelona,80.065
43,1,2,30,66,Barcelona,80.338
44,14,1,31,66,Barcelona,80.836
45,6,1,32,66,Barcelona,80.691
46,6,1,41,66,Barcelona,115.305
47,8,0,39,66,Barcelona,121.32
48,3,2,41,66,Barcelona,114.962
49,11,1,33,66,Barcelona,132.576
50,4,0,36,66,Barcelona,133.3
51,2,0,30,66,Barcelona,125.07
52,4,1,41,66,Barcelona,125.999
53,19,2,37,66,Barcelona,82.343
54,19,1,43,66,Barcelona,80.892
55,6,1,33,66,Barcelona,80.466
56,3,0,39,66,Barcelona,80.1
57,17,0,37,66,Barcelona,79.971
58,6,1,44,66,Barcelona,80.184
59,17,1,42,66,Barcelona,80.194
60,2,2,31,66,Barcelona,80.145
61,5,1,40,66,Barcelona,80.144
62,17,0,36,66,Barcelona,80.07
63,4,2,31,66,Barcelona,80.472
64,12,0,38,66,Barcelona,79.82
65,10,1,33,66,Barcelona,80.196
66,11,1,38,66,Barcelona,80.091
1,19,1,31,66,Barcelona,91.214
2,18,1,43,66,Barcelona,84.378
3,11,0,34,66,Barcelona,83.549
4,9,2,39,66,Barcelona,83.153
5,18,2,32,66,Barcelona,83.277
6,8,1,30,66,Barcelona,82.933
7,10,1,32,66,Barcelona,82.792
8,9,2,44,66,Barcelona,83.078
9,11,2,38,66,Barcelona,82.749
10,6,2,37,66,Barcelona,83.165
11,10,0,42,66,Barcelona,83.053
12,14,2,42,66,Barcelona,82.188
13,3,0,43,66,Barcelona,82.808
14,18,2,44,66,Barcelona,82.925
15,18,2,44,66,Barcelona,82.869
16,5,2,43,66,Barcelona,83.008
17,17,0,42,66,Barcelona,82.606
18,9,1,38,66,Barcelona,82.572
19,9,0,44,66,Barcelona,82.662
20,10,2,39,66,Barcelona,82.873
21,18,2,40,66,Barcelona,83.0
22,3,0,41,66,Barcelona,83.553
23,7,2,40,66,Barcelona,83.641
24,11,1,31,66,Barcelona,84.412
25,17,2,31,66,Barcelona,86.802
26,17,0,36,66,Barcelona,103.607
27,12,0,38,66,Barcelona,81.433
28,5,1,38,66,Barcelona,83.054
29,15,0,30,66,Barcelona,82.228
30,10,1,34,66,Barcelona,81.644
31,11,0,32,66,Barcelona,82.15
32,2,1,42,66,Barcelona,81.77
33,19,1,38,66,Barcelona,82.549
34,18,1,33,66,Barcelona,81.906
35,18,0,42,66,Barcelona,81.955
36,16,1,43,66,Barcelona,84.372
37,8,1,33,66,Barcelona,82.34
38,6,2,41,66,Barcelona,82.161
39,12,0,36,66,Barcelona,82.297
40,15,1,35,66,Barcelona,82.304
41,6,0,35,66,Barcelona,83.006
42,14,1,41,66,Barcelona,82.143
43,11,0,31,66,Barcelona,82.173
44,1,0,32,66,Barcelona,82.567
45,17,1,38,66,Barcelona,83.099
46,2,1,44,66,Barcelona,112.276
47,12,2,31,66,Barcelona,134.639
48,16,0,38,66,Barcelona,114.064
49,7,0,40,66,Barcelona,133.903
50,5,1,37,66,Barcelona,131.378
51,14,2,35,66,Barcelona,124.822
52,1,2,38,66,Barcelona,126.46
53,11,0,41,66,Barcelona,82.963
54,7,2,39,66,Barcelona,80.914
55,15,1,38,66,Barcelona,81.101
56,11,1,44,66,Barcelona,80.127
57,1,1,33,66,Barcelona,80.002
58,7,2,35,66,Barcelona,80.135
59,5,1,33,66,Barcelona,80.32
60,12,2,31,66,Barcelona,80.165
61,8,2,44,66,Barcelona,80.327
62,7,2,43,66,Barcelona,80.467
63,4,0,43,66,Barcelona,80.317
64,18,1,33,66,Barcelona,80.433
65,12,1,41,66,Barcelona,80.459
66,17,1,34,66,Barcelona,80.514
1,11,0,34,66,Barcelona,91.885
2,4,1,32,66,Barcelona,84.591
3,12,0,33,66,Barcelona,83.795
4,9,2,43,66,Barcelona,83.635
5,19,2,37,66,Barcelona,83.402
6,11,2,32,66,Barcelona,83.408
7,2,0,35,66,Barcelona,83.114
8,16,1,36,66,Barcelona,82.874
9,1,2,36,66,Barcelona,83.84
10,14,1,33,66,Barcelona,83.436
11,4,2,33,66,Barcelona,83.206
12,1,1,35,66,Barcelona,83.257
13,4,1,38,66,Barcelona,83.138
14,19,0,36,66,Barcelona,83.565
15,7,2,43,66,Barcelona,83.636
16,4,0,39,66,Barcelona,83.423
17,13,0,33,66,Barcelona,83.683
18,9,1,33,66,Barcelona,83.928
19,7,1,38,66,Barcelona,83.729
20,11,0,37,66,Barcelona,83.786
21,13,2,44,66,Barcelona,84.138
22,7,2,37,66,Barcelona,87.921
23,2,2,34,66,Barcelona,102.439
24,8,1,41,66,Barcelona,82.897
25,14,0,33,66,Barcelona,83.644
26,14,0,38,66,Barcelona,82.819
27,10,1,36,66,Barcelona,82.767
28,8,0,35,66,Barcelona,82.692
29,11,1,33,66,Barcelona,82.819
30,5,2,40,66,Barcelona,82.944
31,19,0,33,66,Barcelona,83.292
32,18,2,31,66,Barcelona,82.686
33,9,1,37,66,Barcelona,83.212
34,15,2,34,66,Barcelona,82.716
35,14,0,36,66,Barcelona,82.387
36,12,0,43,66,Barcelona,82.524
37,6,1,36,66,Barcelona,82.385
38,15,2,32,66,Barcelona,82.723
39,6,2,34,66,Barcelona,82.755
40,15,0,33,66,Barcelona,82.51
41,3,1,34,66,Barcelona,83.605
42,12,1,30,66,Barcelona,82.589
43,9,1,30,66,Barcelona,82.441
44,16,1,31,66,Barcelona,82.258
45,10,0,34,66,Barcelona,82.469
46,9,2,44,66,Barcelona,121.274
47,13,1,35,66,Barcelona,135.989
48,8,1,35,66,Barcelona,94.495
49,16,0,42,66,Barcelona,129.473
50,17,1,31,66,Barcelona,129.182
51,5,2,38,66,Barcelona,124.71
52,14,1,30,66,Barcelona,125.614
53,17,0,35,66,Barcelona,83.998
54,5,2,40,66,Barcelona,81.28
55,4,2,35,66,Barcelona,81.195
56,17,1,34,66,Barcelona,80.587
57,10,1,31,66,Barcelona,80.536
58,12,0,32,66,Barcelona,80.665
59,8,1,38,66,Barcelona,80.621
60,8,1,30,66,Barcelona,80.843
61,18,1,40,66,Barcelona,80.649
62,1,1,34,66,Barcelona,80.756
63,8,2,33,66,Barcelona,80.853
64,15,2,40,66,Barcelona,80.754
65,5,0,42,66,Barcelona,80.752
66,9,0,30,66,Barcelona,80.83
1,9,1,36,66,Barcelona,92.573
2,8,2,40,66,Barcelona,84.854
3,2,1,31,66,Barcelona,84.4
4,2,0,33,66,Barcelona,84.389
5,8,0,30,66,Barcelona,84.094
6,3,0,35,66,Barcelona,83.786
7,7,2,35,66,Barcelona,83.71
8,1,1,41,66,Barcelona,84.383
9,7,0,38,66,Barcelona,84.171
10,11,2,34,66,Barcelona,84.058
11,19,0,40,66,Barcelona,84.053
12,19,0,39,66,Barcelona,84.106
13,8,0,37,66,Barcelona,83.98
14,15,0,31,66,Barcelona,84.019
15,18,0,39,66,Barcelona,84.148
16,11,1,37,66,Barcelona,83.923
17,6,2,31,66,Barcelona,83.856
18,2,2,30,66,Barcelona,83.862
19,5,1,37,66,Barcelona,83.775
20,14,2,30,66,Barcelona,83.798
21,14,0,40,66,Barcelona,83.84
22,16,0,39,66,Barcelona,83.607
23,1,1,33,66,Barcelona,83.681
24,8,1,37,66,Barcelona,83.466
25,14,0,34,66,Barcelona,83.973
26,5,0,39,66,Barcelona,87.596
27,8,1,39,66,Barcelona,102.507
28,18,0,35,66,Barcelona,82.977
29,19,0,44,66,Barcelona,82.483
30,13,2,42,66,Barcelona,82.546
31,3,0,44,66,Barcelona,82.568
32,8,0,44,66,Barcelona,82.713
33,17,0,30,66,Barcelona,82.58
34,15,1,37,66,Barcelona,82.805
35,1,0,41,66,Barcelona,82.335
36,15,1,34,66,Barcelona,82.888
37,8,0,33,66,Barcelona,82.933
38,3,0,43,66,Barcelona,82.323
39,16,1,38,66,Barcelona,82.516
40,18,1,35,66,Barcelona,82.547
41,11,0,43,66,Barcelona,82.402
42,10,1,33,66,Barcelona,82.699
43,2,2,33,66,Barcelona,82.323
44,5,0,37,66,Barcelona,82.094
45,19,2,32,66,Barcelona,82.623
46,10,1,43,66,Barcelona,124.674
47,12,1,31,66,Barcelona,136.373
48,7,1,34,66,Barcelona,94.775
49,7,0,35,66,Barcelona,116.622
50,7,2,35,66,Barcelona,129.617
51,15,1,37,66,Barcelona,124.566
52,18,0,41,66,Barcelona,124.44
53,15,1,37,66,Barcelona,85.103
54,10,1,30,66,Barcelona,82.031
55,1,2,42,66,Barcelona,81.287
56,10,0,33,66,Barcelona,81.798
57,3,1,40,66,Barcelona,82.708
58,6,0,32,66,Barcelona,83.024
59,7,2,33,66,Barcelona,82.376
60,18,1,37,66,Barcelona,81.699
61,1,2,31,66,Barcelona,82.851
62,5,1,37,66,Barcelona,81.48
63,17,0,31,66,Barcelona,81.501
64,15,1,34,66,Barcelona,81.057
65,16,2,40,66,Barcelona,81.069
66,6,0,31,66,Barcelona,81.07
1,11,2,35,66,Barcelona,93.075
2,12,1,40,66,Barcelona,85.593
3,9,2,36,66,Barcelona,84.883
4,11,1,41,66,Barcelona,84.485
5,9,1,40,66,Barcelona,84.522
6,9,0,33,66,Barcelona,84.349
7,8,1,39,66,Barcelona,84.369
8,19,0,30,66,Barcelona,84.456
9,2,0,33,66,Barcelona,84.382
10,11,2,31,66,Barcelona,83.949
11,9,1,43,66,Barcelona,84.12
12,4,0,35,66,Barcelona,83.994
13,16,0,43,66,Barcelona,83.969
14,6,2,40,66,Barcelona,84.108
15,12,0,41,66,Barcelona,83.988
16,16,2,40,66,Barcelona,84.205
17,18,1,34,66,Barcelona,83.908
18,2,0,30,66,Barcelona,83.914
19,5,1,33,66,Barcelona,83.851
20,10,1,39,66,Barcelona,83.918
21,8,0,42,66,Barcelona,83.867
22,18,0,35,66,Barcelona,84.148
23,1,1,43,66,Barcelona,88.009
24,10,0,40,66,Barcelona,101.623
25,1,0,36,66,Barcelona,83.05
26,11,0,35,66,Barcelona,82.419
27,14,1,39,66,Barcelona,83.379
28,10,1,38,66,Barcelona,83.904
29,16,1,38,66,Barcelona,83.659
30,7,0,42,66,Barcelona,83.673
31,15,2,43,66,Barcelona,83.747
32,10,1,41,66,Barcelona,83.943
33,10,1,33,66,Barcelona,82.678
34,15,2,42,66,Barcelona,83.188
35,7,1,37,66,Barcelona,83.243
36,2,2,33,66,Barcelona,84.577
37,8,1,34,66,Barcelona,83.198
38,10,1,42,66,Barcelona,83.073
39,18,1,40,66,Barcelona,82.697
40,2,0,36,66,Barcelona,82.365
41,9,0,35,66,Barcelona,82.59
42,5,2,37,66,Barcelona,82.659
43,8,0,31,66,Barcelona,82.363
44,15,1,41,66,Barcelona,82.745
45,17,0,37,66,Barcelona,91.081
46,16,0,39,66,Barcelona,135.493
47,10,0,33,66,Barcelona,105.513
48,5,0,32,66,Barcelona,95.231
49,7,2,33,66,Barcelona,116.359
50,19,1,41,66,Barcelona,130.156
51,5,0,42,66,Barcelona,124.242
52,7,1,32,66,Barcelona,123.317
53,13,2,37,66,Barcelona,84.255
54,2,2,44,66,Barcelona,81.791
55,4,1,38,66,Barcelona,81.507
56,14,2,44,66,Barcelona,81.794
57,15,0,33,66,Barcelona,82.373
58,18,1,39,66,Barcelona,81.509
59,18,2,31,66,Barcelona,81.397
60,6,2,44,66,Barcelona,81.339
61,2,0,42,66,Barcelona,81.187
62,4,1,31,66,Barcelona,81.356
63,7,2,44,66,Barcelona,81.069
64,19,1,44,66,Barcelona,81.017
65,17,0,38,66,Barcelona,81.011
66,19,2,41,66,Barcelona,80.77
1,12,2,33,66,Barcelona,93.892
2,7,1,38,66,Barcelona,85.634
3,3,0,43,66,Barcelona,84.954
4,1,2,44,66,Barcelona,84.568
5,3,2,34,66,Barcelona,84.806
6,13,1,43,66,Barcelona,84.499
7,6,1,38,66,Barcelona,84.285
8,1,2,30,66,Barcelona,84.177
9,10,1,42,66,Barcelona,84.339
10,19,2,39,66,Barcelona,84.289
11,15,2,40,66,Barcelona,84.163
12,10,1,39,66,Barcelona,83.798
13,8,1,33,66,Barcelona,84.082
14,10,0,39,66,Barcelona,84.499
15,7,2,36,66,Barcelona,83.979
16,7,1,37,66,Barcelona,84.021
17,14,1,42,66,Barcelona,84.254
18,11,1,35,66,Barcelona,84.015
19,19,2,36,66,Barcelona,84.02
20,11,0,35,66,Barcelona,84.359
21,17,0,30,66,Barcelona,87.854
22,14,0,40,66,Barcelona,102.55
23,5,1,33,66,Barcelona,82.56
24,6,0,43,66,Barcelona,84.412
25,15,0,32,66,Barcelona,83.005
26,11,1,44,66,Barcelona,83.205
27,15,1,36,66,Barcelona,82.569
28,15,1,40,66,Barcelona,83.094
29,7,1,36,66,Barcelona,83.178
30,10,0,32,66,Barcelona,83.39
31,4,2,34,66,Barcelona,83.937
32,13,0,37,66,Barcelona,83.878
33,5,2,42,66,Barcelona,83.149
34,11,0,41,66,Barcelona,83.066
35,1,1,34,66,Barcelona,82.737
36,6,1,36,66,Barcelona,82.073
37,2,0,44,66,Barcelona,82.752
38,1,1,44,66,Barcelona,82.653
39,14,1,42,66,Barcelona,82.699
40,15,2,31,66,Barcelona,82.328
41,18,0,34,66,Barcelona,82.608
42,10,2,35,66,Barcelona,82.206
43,14,2,44,66,Barcelona,82.32
44,7,0,30,66,Barcelona,82.408
45,3,1,40,66,Barcelona,90.505
46,3,0,42,66,Barcelona,147.421
47,2,0,35,66,Barcelona,99.111
48,8,1,44,66,Barcelona,96.197
49,19,1,38,66,Barcelona,115.762
50,9,0,40,66,Barcelona,129.799
51,17,0,40,66,Barcelona,124.426
52,5,1,35,66,Barcelona,122.541
53,16,2,34,66,Barcelona,85.614
54,18,2,41,66,Barcelona,82.368
55,9,0,35,66,Barcelona,81.854
56,14,1,43,66,Barcelona,81.655
57,2,2,41,66,Barcelona,82.237
58,15,1,42,66,Barcelona,82.661
59,5,0,34,66,Barcelona,81.548
60,9,0,40,66,Barcelona,81.736
61,14,0,42,66,Barcelona,81.249
62,18,1,30,66,Barcelona,81.322
63,5,1,30,66,Barcelona,81.158
64,19,1,35,66,Barcelona,80.726
65,1,1,39,66,Barcelona,81.091
66,12,1,43,66,Barcelona,81.254
1,4,0,35,66,Barcelona,94.539
2,16,2,43,66,Barcelona,86.009
3,19,0,34,66,Barcelona,84.971
4,4,2,37,66,Barcelona,84.565
5,11,1,38,66,Barcelona,85.025
6,17,2,39,66,Barcelona,84.732
7,7,1,36,66,Barcelona,84.319
8,7,2,31,66,Barcelona,84.174
9,6,0,34,66,Barcelona,84.415
10,10,1,39,66,Barcelona,84.037
11,13,0,40,66,Barcelona,84.246
12,12,2,33,66,Barcelona,83.981
13,7,1,30,66,Barcelona,84.09
14,3,2,30,66,Barcelona,84.102
15,2,1,41,66,Barcelona,84.235
16,2,2,39,66,Barcelona,84.058
17,10,0,37,66,Barcelona,84.223
18,16,1,38,66,Barcelona,83.904
19,11,0,44,66,Barcelona,84.077
20,19,0,32,66,Barcelona,84.169
21,6,0,32,66,Barcelona,85.397
22,19,1,37,66,Barcelona,83.884
23,11,1,30,66,Barcelona,83.948
24,18,2,43,66,Barcelona,84.233
25,7,0,31,66,Barcelona,87.702
26,19,0,32,66,Barcelona,103.451
27,13,1,41,66,Barcelona,83.17
28,6,1,40,66,Barcelona,82.331
29,18,0,35,66,Barcelona,83.065
30,5,0,36,66,Barcelona,82.763
31,2,0,35,66,Barcelona,83.084
32,18,0,39,66,Barcelona,83.098
33,3,0,43,66,Barcelona,83.152
34,17,1,40,66,Barcelona,83.299
35,4,0,34,66,Barcelona,83.773
36,19,2,44,66,Barcelona,82.671
37,19,1,44,66,Barcelona,82.838
38,17,2,34,66,Barcelona,82.595
39,8,1,33,66,Barcelona,82.623
40,2,0,43,66,Barcelona,82.522
41,12,0,30,66,Barcelona,82.61
42,8,2,43,66,Barcelona,82.743
43,15,1,30,66,Barcelona,82.671
44,13,0,41,66,Barcelona,82.845
45,15,0,42,66,Barcelona,92.128
46,10,0,33,66,Barcelona,166.477
47,6,1,40,66,Barcelona,130.647
48,3,1,43,66,Barcelona,133.289
49,4,0,41,66,Barcelona,109.481
50,16,0,35,66,Barcelona,84.413
51,15,1,41,66,Barcelona,86.11
52,17,2,31,66,Barcelona,116.884
53,15,0,35,66,Barcelona,85.471
54,15,2,41,66,Barcelona,82.712
55,8,1,33,66,Barcelona,81.761
56,19,1,31,66,Barcelona,81.64
57,9,2,38,66,Barcelona,82.098
58,17,2,36,66,Barcelona,82.628
59,1,0,42,66,Barcelona,81.843
60,10,2,39,66,Barcelona,81.568
61,6,2,35,66,Barcelona,82.003
62,8,1,36,66,Barcelona,81.803
63,3,0,40,66,Barcelona,81.233
64,17,2,32,66,Barcelona,81.3
65,11,0,41,66,Barcelona,81.028
66,1,1,44,66,Barcelona,81.032
1,6,0,33,66,Barcelona,95.138
2,17,1,39,66,Barcelona,86.323
3,9,0,35,66,Barcelona,85.21
4,11,0,44,66,Barcelona,84.586
5,17,1,42,66,Barcelona,84.801
6,9,1,33,66,Barcelona,84.856
7,12,1,43,66,Barcelona,84.505
8,4,1,31,66,Barcelona,84.64
9,14,1,32,66,Barcelona,84.448
10,3,2,42,66,Barcelona,84.19
11,7,1,38,66,Barcelona,84.321
12,5,2,33,66,Barcelona,84.142
13,9,1,40,66,Barcelona,84.085
14,19,2,31,66,Barcelona,84.569
15,4,1,40,66,Barcelona,84.381
16,6,0,31,66,Barcelona,83.999
17,11,2,44,66,Barcelona,84.33
18,12,1,35,66,Barcelona,83.987
19,12,2,37,66,Barcelona,84.278
20,19,0,31,66,Barcelona,84.734
21,16,0,38,66,Barcelona,84.382
22,17,2,35,66,Barcelona,84.536
23,6,1,40,66,Barcelona,85.955
24,19,2,41,66,Barcelona,89.857
25,13,1,44,66,Barcelona,101.501
26,8,2,43,66,Barcelona,82.686
27,18,2,41,66,Barcelona,83.273
28,9,0,43,66,Barcelona,83.548
29,11,0,35,66,Barcelona,83.403
30,6,1,42,66,Barcelona,83.581
31,17,1,39,66,Barcelona,83.556
32,2,0,43,66,Barcelona,83.308
33,11,0,40,66,Barcelona,83.608
34,1,0,30,66,Barcelona,83.505
35,9,2,34,66,Barcelona,83.315
36,16,1,37,66,Barcelona,83.346
37,19,1,33,66,Barcelona,83.247
38,3,1,40,66,Barcelona,83.298
39,12,1,33,66,Barcelona,83.202
40,17,0,35,66,Barcelona,83.187
41,17,1,42,66,Barcelona,85.395
42,9,0,42,66,Barcelona,82.877
43,9,1,39,66,Barcelona,83.079
44,13,1,33,66,Barcelona,82.813
45,8,0,32,66,Barcelona,98.145
46,1,2,36,66,Barcelona,121.382
47,18,0,35,66,Barcelona,105.378
48,18,1,44,66,Barcelona,90.542
49,10,2,35,66,Barcelona,114.841
50,1,2,40,66,Barcelona,129.138
51,14,1,30,66,Barcelona,124.568
52,12,1,35,66,Barcelona,121.202
53,4,0,32,66,Barcelona,84.539
54,16,2,43,66,Barcelona,82.452
55,1,1,42,66,Barcelona,81.765
56,17,0,37,66,Barcelona,81.771
57,9,2,40,66,Barcelona,82.092
58,17,2,36,66,Barcelona,82.815
59,12,0,36,66,Barcelona,80.859
60,9,2,31,66,Barcelona,81.438
61,8,1,41,66,Barcelona,81.254
62,19,1,33,66,Barcelona,81.356
63,15,0,30,66,Barcelona,81.384
64,9,0,34,66,Barcelona,81.173
65,13,0,37,66,Barcelona,81.337
66,3,1,44,66,Barcelona,81.373
1,16,2,30,66,Barcelona,95.756
2,12,2,39,66,Barcelona,86.364
3,17,2,44,66,Barcelona,85.278
4,2,1,30,66,Barcelona,84.611
5,5,1,43,66,Barcelona,84.595
6,15,0,41,66,Barcelona,84.993
7,9,2,44,66,Barcelona,84.798
8,17,0,39,66,Barcelona,84.603
9,14,1,33,66,Barcelona,84.482
10,4,2,41,66,Barcelona,83.872
11,2,1,31,66,Barcelona,84.364
12,8,2,35,66,Barcelona,84.221
13,9,1,34,66,Barcelona,83.961
14,9,0,34,66,Barcelona,84.637
15,10,2,37,66,Barcelona,84.624
16,4,1,36,66,Barcelona,84.37
17,16,1,34,66,Barcelona,84.636
18,18,0,37,66,Barcelona,84.228
19,11,1,38,66,Barcelona,84.576
20,4,2,34,66,Barcelona,84.643
21,2,0,30,66,Barcelona,84.031
22,14,2,36,66,Barcelona,84.047
23,17,0,44,66,Barcelona,85.135
24,18,2,42,66,Barcelona,86.875
25,11,2,32,66,Barcelona,103.527
26,4,2,34,66,Barcelona,84.161
27,15,1,42,66,Barcelona,83.458
28,9,0,39,66,Barcelona,83.763
29,16,0,33,66,Barcelona,83.377
30,16,0,38,66,Barcelona,83.646
31,8,0,41,66,Barcelona,83.566
32,3,2,39,66,Barcelona,83.641
33,9,1,44,66,Barcelona,83.87
34,9,2,43,66,Barcelona,83.356
35,13,1,35,66,Barcelona,83.026
36,15,1,31,66,Barcelona,83.201
37,16,1,36,66,Barcelona,83.009
38,1,1,40,66,Barcelona,83.304
39,19,2,40,66,Barcelona,83.191
40,8,0,33,66,Barcelona,84.987
41,1,2,36,66,Barcelona,83.201
42,5,0,43,66,Barcelona,82.929
43,10,0,44,66,Barcelona,82.978
44,1,2,40,66,Barcelona,83.123
45,4,1,33,66,Barcelona,102.169
46,18,0,32,66,Barcelona,143.46
47,9,2,31,66,Barcelona,131.374
48,14,1,33,66,Barcelona,132.943
49,12,2,33,66,Barcelona,110.345
50,9,2,44,66,Barcelona,84.978
51,18,1,33,66,Barcelona,84.611
52,19,1,43,66,Barcelona,115.775
53,15,2,34,66,Barcelona,85.555
54,3,2,32,66,Barcelona,83.149
55,9,1,44,66,Barcelona,82.129
56,19,2,35,66,Barcelona,80.615
57,11,1,39,66,Barcelona,81.834
58,8,1,36,66,Barcelona,82.645
59,5,0,42,66,Barcelona,81.908
60,3,2,44,66,Barcelona,81.556
61,1,2,41,66,Barcelona,81.995
62,18,0,37,66,Barcelona,81.848
63,18,1,42,66,Barcelona,81.51
64,2,2,40,66,Barcelona,81.392
65,11,0,42,66,Barcelona,80.924
66,14,2,33,66,Barcelona,81.472
1,11,0,39,66,Barcelona,96.385
2,19,1,39,66,Barcelona,86.549
3,1,0,39,66,Barcelona,85.829
4,10,0,34,66,Barcelona,85.141
5,7,1,35,66,Barcelona,84.826
6,14,1,31,66,Barcelona,84.721
7,3,1,32,66,Barcelona,84.712
8,1,2,38,66,Barcelona,84.785
9,15,0,41,66,Barcelona,84.701
10,8,2,35,66,Barcelona,84.337
11,1,1,43,66,Barcelona,84.215
12,9,1,42,66,Barcelona,84.193
13,19,0,32,66,Barcelona,83.92
14,10,1,38,66,Barcelona,84.576
15,7,1,34,66,Barcelona,84.2
16,13,1,37,66,Barcelona,84.191
17,10,0,41,66,Barcelona,84.917
18,1,0,38,66,Barcelona,84.419
19,12,0,38,66,Barcelona,84.499
20,17,0,42,66,Barcelona,84.56
21,12,2,38,66,Barcelona,84.309
22,16,2,32,66,Barcelona,84.352
23,3,2,31,66,Barcelona,84.24
24,2,0,35,66,Barcelona,89.2
25,9,0,34,66,Barcelona,103.038
26,8,1,44,66,Barcelona,82.979
27,1,1,43,66,Barcelona,83.347
28,1,0,38,66,Barcelona,83.653
29,18,0,43,66,Barcelona,83.507
30,12,1,34,66,Barcelona,83.858
31,17,2,30,66,Barcelona,83.649
32,14,0,35,66,Barcelona,83.267
33,15,1,32,66,Barcelona,83.907
34,12,2,41,66,Barcelona,83.42
35,6,0,34,66,Barcelona,83.469
36,17,0,37,66,Barcelona,83.489
37,3,1,43,66,Barcelona,84.895
38,3,1,30,66,Barcelona,83.586
39,13,2,31,66,Barcelona,83.483
40,3,2,34,66,Barcelona,82.885
41,18,2,41,66,Barcelona,83.554
42,10,1,39,66,Barcelona,85.012
43,16,1,31,66,Barcelona,83.192
44,1,1,38,66,Barcelona,83.45
45,2,2,44,66,Barcelona,103.422
46,7,0,42,66,Barcelona,136.826
47,7,0,34,66,Barcelona,132.657
48,1,2,41,66,Barcelona,131.89
49,14,2,37,66,Barcelona,111.728
50,4,2,41,66,Barcelona,85.929
51,13,1,42,66,Barcelona,83.428
52,7,1,32,66,Barcelona,113.763
53,16,0,39,66,Barcelona,85.742
54,1,0,44,66,Barcelona,83.806
55,19,0,40,66,Barcelona,82.738
56,1,1,36,66,Barcelona,82.231
57,2,1,35,66,Barcelona,84.37
58,14,0,32,66,Barcelona,82.228
59,2,0,35,66,Barcelona,82.111
60,7,2,33,66,Barcelona,81.993
61,13,2,32,66,Barcelona,82.032
62,8,1,33,66,Barcelona,82.056
63,18,1,35,66,Barcelona,81.975
64,16,0,41,66,Barcelona,82.707
65,12,0,42,66,Barcelona,81.859
66,8,1,44,66,Barcelona,82.412
1,14,1,37,66,Barcelona,96.721
2,11,2,43,66,Barcelona,86.917
3,6,1,31,66,Barcelona,85.962
4,18,1,31,66,Barcelona,85.34
5,2,0,35,66,Barcelona,85.231
6,15,1,30,66,Barcelona,85.193
7,11,0,38,66,Barcelona,85.298
8,6,2,44,66,Barcelona,85.238
9,2,0,42,66,Barcelona,85.518
10,13,1,31,66,Barcelona,84.894
11,19,2,38,66,Barcelona,84.643
12,12,0,33,66,Barcelona,84.514
13,6,2,32,66,Barcelona,84.228
14,9,2,41,66,Barcelona,84.409
15,4,1,39,66,Barcelona,84.516
16,8,0,39,66,Barcelona,84.32
17,6,0,38,66,Barcelona,84.823
18,17,0,31,66,Barcelona,84.263
19,6,1,42,66,Barcelona,84.33
20,16,2,32,66,Barcelona,84.352
21,14,0,31,66,Barcelona,84.249
22,12,0,36,66,Barcelona,87.999
23,9,2,38,66,Barcelona,103.247
24,14,2,41,66,Barcelona,83.497
25,16,1,41,66,Barcelona,83.691
26,6,2,44,66,Barcelona,83.481
27,4,1,32,66,Barcelona,83.315
28,19,1,42,66,Barcelona,83.226
29,8,1,36,66,Barcelona,83.293
30,5,2,30,66,Barcelona,83.343
31,19,2,41,66,Barcelona,83.505
32,3,1,44,66,Barcelona,83.233
33,2,0,31,66,Barcelona,83.78
34,12,2,38,66,Barcelona,83.534
35,2,2,44,66,Barcelona,83.325
36,2,0,36,66,Barcelona,83.263
37,8,2,35,66,Barcelona,84.659
38,9,1,34,66,Barcelona,83.415
39,14,2,31,66,Barcelona,83.667
40,8,2,33,66,Barcelona,83.604
41,18,2,38,66,Barcelona,84.64
42,19,2,36,66,Barcelona,83.338
43,14,2,35,66,Barcelona,83.677
44,13,2,40,66,Barcelona,83.819
1,8,2,40,66,Barcelona,97.251
2,19,1,34,66,Barcelona,87.105
3,16,1,39,66,Barcelona,85.88
4,15,1,41,66,Barcelona,85.567
5,9,2,42,66,Barcelona,85.402
6,18,1,30,66,Barcelona,90.587
7,11,1,32,66,Barcelona,103.822
8,7,0,33,66,Barcelona,84.731
9,19,0,31,66,Barcelona,84.947
10,6,1,33,66,Barcelona,85.012
11,2,2,37,66,Barcelona,84.979
12,8,1,39,66,Barcelona,84.686
13,4,2,32,66,Barcelona,84.933
14,2,2,36,66,Barcelona,85.162
15,5,2,32,66,Barcelona,85.182
16,3,1,36,66,Barcelona,85.156
17,16,0,33,66,Barcelona,87.031
18,18,2,39,66,Barcelona,85.919
19,18,1,39,66,Barcelona,87.574
20,7,1,44,66,Barcelona,84.999
21,6,1,39,66,Barcelona,85.129
22,4,0,32,66,Barcelona,85.868
23,14,1,39,66,Barcelona,86.827
24,16,0,42,66,Barcelona,85.157
25,19,0,30,66,Barcelona,84.642
26,4,2,36,66,Barcelona,84.933
27,18,2,41,66,Barcelona,84.681
28,1,0,42,66,Barcelona,85.449
29,10,0,32,66,Barcelona,85.422
30,6,2,32,66,Barcelona,84.68
31,1,1,33,66,Barcelona,84.59
32,7,0,41,66,Barcelona,87.179
33,11,0,34,66,Barcelona,84.844
34,2,1,41,66,Barcelona,84.648
35,9,1,35,66,Barcelona,84.886
36,3,1,43,66,Barcelona,85.177
37,12,2,30,66,Barcelona,85.207
38,5,0,34,66,Barcelona,86.855
39,16,1,43,66,Barcelona,85.816
40,17,2,42,66,Barcelona,86.107
41,14,0,42,66,Barcelona,91.113
42,13,0,44,66,Barcelona,105.223
43,6,1,30,66,Barcelona,82.931
44,10,1,34,66,Barcelona,97.908
45,18,2,39,66,Barcelona,120.815
46,18,0,30,66,Barcelona,97.352
47,4,1,36,66,Barcelona,96.013
48,9,0,34,66,Barcelona,115.903
49,14,1,44,66,Barcelona,105.095
50,5,0,35,66,Barcelona,85.94
51,12,1,44,66,Barcelona,83.917
52,3,2,40,66,Barcelona,105.188
53,1,1,36,66,Barcelona,84.248
54,9,1,41,66,Barcelona,84.16
55,18,1,36,66,Barcelona,82.99
56,6,0,31,66,Barcelona,82.272
57,5,0,44,66,Barcelona,83.522
58,18,0,31,66,Barcelona,82.404
59,10,1,31,66,Barcelona,82.177
60,6,1,41,66,Barcelona,82.449
61,3,0,36,66,Barcelona,82.139
62,11,0,39,66,Barcelona,82.173
63,3,1,33,66,Barcelona,82.069
64,14,1,44,66,Barcelona,81.833
65,3,2,32,66,Barcelona,82.019
66,18,1,43,66,Barcelona,82.259
1,2,0,42,66,Barcelona,97.604
2,17,2,31,66,Barcelona,87.195
3,17,1,42,66,Barcelona,86.159
4,8,2,30,66,Barcelona,85.283
5,12,0,40,66,Barcelona,85.456
6,4,1,43,66,Barcelona,84.861
7,17,0,30,66,Barcelona,84.94
8,16,0,39,66,Barcelona,84.956
9,14,0,44,66,Barcelona,86.011
10,4,0,31,66,Barcelona,86.0
11,13,2,37,66,Barcelona,84.729
12,1,2,38,66,Barcelona,84.29
13,1,2,32,66,Barcelona,84.538
14,15,0,34,66,Barcelona,84.363
15,16,1,40,66,Barcelona,84.465
16,17,0,34,66,Barcelona,84.503
17,15,2,37,66,Barcelona,84.628
18,6,0,31,66,Barcelona,84.469
19,6,1,34,66,Barcelona,84.538
20,15,2,36,66,Barcelona,84.684
21,5,2,35,66,Barcelona,84.255
22,10,2,39,66,Barcelona,84.3
23,17,0,33,66,Barcelona,83.915
24,12,1,43,66,Barcelona,84.219
25,1,2,34,66,Barcelona,83.854
26,14,2,44,66,Barcelona,88.923
27,14,1,43,66,Barcelona,101.589
28,11,2,43,66,Barcelona,82.561
29,14,2,32,66,Barcelona,82.642
30,2,1,44,66,Barcelona,82.772
31,5,2,36,66,Barcelona,82.862
32,18,1,36,66,Barcelona,82.957
33,1,0,30,66,Barcelona,83.613
34,6,0,40,66,Barcelona,83.359
35,1,1,37,66,Barcelona,83.227
36,7,1,33,66,Barcelona,84.874
37,17,1,38,66,Barcelona,82.994
38,17,1,44,66,Barcelona,83.371
39,6,1,34,66,Barcelona,83.247
40,19,2,44,66,Barcelona,83.566
41,5,2,44,66,Barcelona,85.023
42,12,0,38,66,Barcelona,83.214
43,10,2,35,66,Barcelona,83.213
44,7,1,30,66,Barcelona,83.873
1,11,2,41,66,Barcelona,98.564
2,16,1,38,66,Barcelona,88.746
3,2,0,33,66,Barcelona,87.102
4,10,1,32,66,Barcelona,87.185
5,5,1,37,66,Barcelona,87.13
6,9,2,34,66,Barcelona,86.308
7,7,2,30,66,Barcelona,86.312
8,14,0,42,66,Barcelona,86.074
9,17,1,39,66,Barcelona,86.19
10,18,1,32,66,Barcelona,86.224
11,9,1,42,66,Barcelona,88.315
12,8,0,44,66,Barcelona,86.431
13,10,2,34,66,Barcelona,86.369
14,5,2,35,66,Barcelona,85.84
15,14,0,38,66,Barcelona,85.955
16,13,1,36,66,Barcelona,85.93
17,1,2,38,66,Barcelona,86.235
18,9,0,41,66,Barcelona,87.905
19,7,0,31,66,Barcelona,87.481
20,8,2,32,66,Barcelona,87.593
21,8,1,36,66,Barcelona,87.854
22,3,1,30,66,Barcelona,86.495
23,16,2,31,66,Barcelona,86.406
24,3,0,41,66,Barcelona,86.383
25,12,2,42,66,Barcelona,87.738
26,13,1,35,66,Barcelona,87.423
27,9,2,40,66,Barcelona,88.725
28,19,0,35,66,Barcelona,87.598
29,3,0,40,66,Barcelona,86.688
30,15,1,40,66,Barcelona,88.422
31,15,2,39,66,Barcelona,90.896
32,13,1,32,66,Barcelona,110.949
33,5,1,34,66,Barcelona,86.85
34,16,1,40,66,Barcelona,85.67
35,6,2,36,66,Barcelona,87.051
36,4,2,30,66,Barcelona,86.552
37,18,1,44,66,Barcelona,85.207
38,9,0,39,66,Barcelona,88.541
39,18,2,43,66,Barcelona,87.115
40,16,2,31,66,Barcelona,84.869
41,6,1,34,66,Barcelona,85.565
42,2,0,32,66,Barcelona,86.928
43,15,1,31,66,Barcelona,85.6
44,14,1,37,66,Barcelona,121.716
45,11,2,36,66,Barcelona,136.055
46,8,0,39,66,Barcelona,93.372
47,9,2,35,66,Barcelona,130.583
48,3,2,32,66,Barcelona,109.668
49,2,1,39,66,Barcelona,85.729
50,8,0,31,66,Barcelona,84.811
51,5,1,41,66,Barcelona,105.935
52,16,0,37,66,Barcelona,86.298
53,5,2,34,66,Barcelona,84.864
54,13,0,39,66,Barcelona,84.117
55,5,1,35,66,Barcelona,83.933
56,9,1,40,66,Barcelona,84.012
57,11,0,37,66,Barcelona,84.131
58,19,2,40,66,Barcelona,83.92
59,15,2,38,66,Barcelona,83.562
60,14,1,42,66,Barcelona,83.77
61,16,0,38,66,Barcelona,83.564
62,4,2,36,66,Barcelona,83.772
63,4,1,36,66,Barcelona,83.714
64,12,0,33,66,Barcelona,83.372
65,16,1,44,66,Barcelona,83.202
1,14,1,41,66,Barcelona,98.687
2,5,1,31,66,Barcelona,87.232
3,11,0,37,66,Barcelona,86.311
4,4,0,42,66,Barcelona,85.576
5,19,2,32,66,Barcelona,85.331
6,13,2,30,66,Barcelona,85.273
7,6,1,44,66,Barcelona,84.238
8,16,1,42,66,Barcelona,84.706
9,12,0,30,66,Barcelona,85.666
10,13,1,43,66,Barcelona,84.375
11,1,0,33,66,Barcelona,84.476
12,9,0,44,66,Barcelona,84.273
13,5,0,38,66,Barcelona,84.386
14,11,2,35,66,Barcelona,84.214
15,14,1,40,66,Barcelona,84.512
16,5,2,35,66,Barcelona,84.273
17,14,1,42,66,Barcelona,85.159
18,8,1,40,66,Barcelona,84.459
19,1,2,30,66,Barcelona,84.407
20,5,0,40,66,Barcelona,84.313
21,16,0,35,66,Barcelona,84.406
22,1,0,43,66,Barcelona,84.191
23,15,2,42,66,Barcelona,82.922
24,17,0,42,66,Barcelona,83.725
25,2,1,37,66,Barcelona,83.546
26,3,1,33,66,Barcelona,83.521
27,15,2,34,66,Barcelona,85.215
28,5,1,42,66,Barcelona,84.211
29,19,2,30,66,Barcelona,83.668
30,9,1,37,66,Barcelona,83.668
31,6,0,33,66,Barcelona,83.735
32,18,0,36,66,Barcelona,84.196
33,14,0,40,66,Barcelona,86.354
34,6,1,35,66,Barcelona,84.196
35,7,1,43,66,Barcelona,87.439
36,6,0,33,66,Barcelona,102.09
37,19,1,39,66,Barcelona,84.934
38,16,2,33,66,Barcelona,82.58
39,17,1,35,66,Barcelona,84.742
40,15,0,31,66,Barcelona,82.832
41,1,1,38,66,Barcelona,83.252
42,2,0,36,66,Barcelona,82.924
43,16,1,39,66,Barcelona,82.836
44,8,0,43,66,Barcelona,82.706
45,8,2,30,66,Barcelona,104.635
46,11,1,43,66,Barcelona,127.571
47,13,0,40,66,Barcelona,131.415
48,6,1,33,66,Barcelona,132.761
49,19,1,41,66,Barcelona,110.112
50,15,1,36,66,Barcelona,84.986
51,14,0,37,66,Barcelona,84.226
52,18,0,32,66,Barcelona,116.73
53,5,2,33,66,Barcelona,85.53
54,6,1,36,66,Barcelona,83.106
55,13,2,33,66,Barcelona,82.135
56,2,2,36,66,Barcelona,82.846
57,6,0,39,66,Barcelona,82.247
58,18,0,39,66,Barcelona,82.16
59,18,2,43,66,Barcelona,82.11
60,12,0,30,66,Barcelona,81.594
61,17,2,30,66,Barcelona,81.885
62,2,0,32,66,Barcelona,81.7
63,17,1,35,66,Barcelona,81.93
64,11,0,30,66,Barcelona,81.629
65,14,0,42,66,Barcelona,81.282
66,7,1,41,66,Barcelona,81.338
1,1,0,37,66,Barcelona,99.457
2,14,0,40,66,Barcelona,88.445
3,2,1,34,66,Barcelona,88.553
4,5,1,41,66,Barcelona,86.66
5,11,1,44,66,Barcelona,86.616
6,11,1,41,66,Barcelona,86.713
7,9,2,36,66,Barcelona,86.054
8,7,1,40,66,Barcelona,86.071
9,11,0,36,66,Barcelona,86.191
10,1,1,32,66,Barcelona,85.869
11,2,1,33,66,Barcelona,85.782
12,1,2,35,66,Barcelona,85.724
13,15,1,32,66,Barcelona,85.829
14,3,1,39,66,Barcelona,85.879
15,16,0,44,66,Barcelona,86.117
16,10,0,32,66,Barcelona,86.11
17,16,0,41,66,Barcelona,86.568
18,15,2,38,66,Barcelona,86.242
19,3,0,40,66,Barcelona,86.685
20,12,0,43,66,Barcelona,87.839
21,19,2,34,66,Barcelona,86.255
22,10,1,44,66,Barcelona,86.356
23,15,1,41,66,Barcelona,89.409
24,3,1,44,66,Barcelona,86.386
25,18,2,40,66,Barcelona,86.417
26,4,1,31,66,Barcelona,88.869
27,15,1,30,66,Barcelona,86.021
28,7,2,39,66,Barcelona,86.125
29,11,1,32,66,Barcelona,86.85
30,7,1,37,66,Barcelona,86.346
31,15,1,40,66,Barcelona,86.044
32,4,0,41,66,Barcelona,90.685
33,11,0,42,66,Barcelona,104.192
34,10,2,34,66,Barcelona,84.24
35,8,0,44,66,Barcelona,84.536
36,3,2,35,66,Barcelona,84.479
37,5,2,41,66,Barcelona,87.597
38,2,0,39,66,Barcelona,86.618
39,13,2,42,66,Barcelona,88.974
40,6,0,42,66,Barcelona,86.215
41,13,0,32,66,Barcelona,86.602
42,10,2,30,66,Barcelona,85.247
43,9,0,33,66,Barcelona,85.094
44,3,2,37,66,Barcelona,112.042
45,18,0,40,66,Barcelona,135.923
46,16,2,33,66,Barcelona,115.21
47,4,1,32,66,Barcelona,132.078
48,4,1,42,66,Barcelona,109.489
49,15,2,35,66,Barcelona,85.676
50,11,1,38,66,Barcelona,84.515
51,11,2,40,66,Barcelona,112.072
52,5,2,33,66,Barcelona,86.639
53,7,0,36,66,Barcelona,84.445
54,2,0,37,66,Barcelona,84.009
55,3,0,44,66,Barcelona,83.645
56,6,2,37,66,Barcelona,83.7
57,4,1,44,66,Barcelona,84.139
58,13,1,34,66,Barcelona,83.277
59,11,1,42,66,Barcelona,83.257
60,10,1,42,66,Barcelona,83.152
61,19,0,39,66,Barcelona,83.03
62,11,1,39,66,Barcelona,83.096
63,7,1,33,66,Barcelona,82.801
64,3,0,33,66,Barcelona,82.382
65,16,0,38,66,Barcelona,82.69
1,18,0,32,66,Barcelona,103.029
2,18,1,33,66,Barcelona,85.55
3,12,1,30,66,Barcelona,86.653
4,9,1,33,66,Barcelona,86.605
5,8,1,30,66,Barcelona,84.316
6,18,0,41,66,Barcelona,85.007
7,18,1,33,66,Barcelona,84.866
8,3,1,37,66,Barcelona,84.385
9,18,1,36,66,Barcelona,84.76
10,2,1,30,66,Barcelona,84.716
11,16,2,31,66,Barcelona,84.609
12,15,0,35,66,Barcelona,84.293
13,13,1,35,66,Barcelona,84.569
14,17,0,33,66,Barcelona,84.567
15,15,2,31,66,Barcelona,84.58
16,8,2,31,66,Barcelona,84.633
17,3,1,43,66,Barcelona,84.791
18,11,2,38,66,Barcelona,84.683
19,14,1,42,66,Barcelona,85.024
20,18,1,38,66,Barcelona,84.549
21,14,1,34,66,Barcelona,84.182
22,1,0,39,66,Barcelona,84.437
23,4,1,42,66,Barcelona,84.133
24,9,0,35,66,Barcelona,86.611
25,7,1,32,66,Barcelona,84.671
26,5,0,33,66,Barcelona,84.499
27,10,1,34,66,Barcelona,84.524
28,16,0,32,66,Barcelona,89.118
29,4,1,40,66,Barcelona,102.839
30,4,0,30,66,Barcelona,83.872
31,11,0,44,66,Barcelona,83.646
32,14,1,40,66,Barcelona,85.03
33,8,1,35,66,Barcelona,83.563
34,3,1,42,66,Barcelona,85.178
35,13,1,39,66,Barcelona,83.66
36,4,2,30,66,Barcelona,83.547
37,17,2,42,66,Barcelona,83.246
38,11,1,40,66,Barcelona,83.633
39,13,1,30,66,Barcelona,83.72
40,5,1,33,66,Barcelona,83.365
41,6,0,32,66,Barcelona,83.313
42,15,0,33,66,Barcelona,83.239
43,16,2,42,66,Barcelona,83.246
44,12,0,38,66,Barcelona,85.759
45,6,1,43,66,Barcelona,115.481
46,2,1,30,66,Barcelona,136.444
47,6,1,42,66,Barcelona,109.418
48,14,2,32,66,Barcelona,133.731
49,10,0,36,66,Barcelona,106.26
50,11,2,44,66,Barcelona,84.06
51,15,2,30,66,Barcelona,84.292
52,9,1,35,66,Barcelona,111.56
53,11,1,39,66,Barcelona,84.711
54,4,2,33,66,Barcelona,84.006
55,18,0,35,66,Barcelona,82.817
56,3,0,44,66,Barcelona,82.121
57,9,2,44,66,Barcelona,82.393
58,12,1,31,66,Barcelona,81.953
59,9,1,33,66,Barcelona,81.866
60,16,2,43,66,Barcelona,81.855
61,2,1,43,66,Barcelona,81.851
62,6,1,44,66,Barcelona,81.601
63,12,2,32,66,Barcelona,81.99
64,16,2,32,66,Barcelona,81.667
65,16,0,35,66,Barcelona,81.571
66,18,0,41,66,Barcelona,81.382
1,4,1,33,78,Monaco,81.953
2,7,2,39,78,Monaco,77.129
3,17,0,42,78,Monaco,76.72
4,17,2,31,78,Monaco,76.355
5,8,1,38,78,Monaco,76.711
6,19,0,34,78,Monaco,76.669
7,7,2,38,78,Monaco,76.459
8,6,2,42,78,Monaco,76.298
9,6,0,34,78,Monaco,76.167
10,11,1,43,78,Monaco,77.234
11,5,0,30,78,Monaco,109.838
12,15,0,37,78,Monaco,119.343
13,14,1,44,78,Monaco,112.047
14,11,0,30,78,Monaco,118.037
15,8,2,41,78,Monaco,81.157
16,4,1,32,78,Monaco,79.653
17,7,0,31,78,Monaco,79.297
18,10,2,34,78,Monaco,78.887
19,6,1,32,78,Monaco,78.698
20,1,2,30,78,Monaco,78.464
21,14,2,35,78,Monaco,78.936
22,7,2,43,78,Monaco,78.847
23,15,0,32,78,Monaco,78.518
24,6,2,39,78,Monaco,78.256
25,3,0,37,78,Monaco,78.02
26,5,1,39,78,Monaco,77.803
27,6,2,44,78,Monaco,77.133
28,9,2,31,78,Monaco,77.365
29,16,0,32,78,Monaco,77.533
30,15,0,38,78,Monaco,77.245
31,16,1,38,78,Monaco,77.441
32,5,1,44,78,Monaco,77.399
33,17,1,38,78,Monaco,77.502
34,16,1,42,78,Monaco,77.221
35,19,1,39,78,Monaco,77.675
36,12,1,36,78,Monaco,77.634
37,6,1,34,78,Monaco,77.742
38,17,1,32,78,Monaco,77.762
39,11,0,43,78,Monaco,77.729
40,4,0,35,78,Monaco,78.199
41,12,0,31,78,Monaco,77.874
42,1,1,30,78,Monaco,77.625
43,3,0,41,78,Monaco,77.449
44,16,2,44,78,Monaco,77.574
45,17,1,37,78,Monaco,77.585
46,12,1,37,78,Monaco,77.184
47,11,2,44,78,Monaco,77.514
48,2,1,31,78,Monaco,78.639
49,11,1,39,78,Monaco,77.428
50,11,0,42,78,Monaco,77.292
51,15,1,43,78,Monaco,77.512
52,10,0,30,78,Monaco,77.307
53,16,0,42,78,Monaco,77.215
54,18,2,38,78,Monaco,77.185
55,13,2,30,78,Monaco,77.287
56,12,1,30,78,Monaco,77.797
57,8,0,33,78,Monaco,77.974
58,3,0,32,78,Monaco,77.276
59,15,1,32,78,Monaco,77.566
60,4,2,39,78,Monaco,77.61
61,15,0,41,78,Monaco,77.63
62,7,2,36,78,Monaco,77.12
63,13,1,33,78,Monaco,77.208
64,1,2,42,78,Monaco,77.114
65,4,2,38,78,Monaco,77.199
66,17,2,35,78,Monaco,77.386
67,3,2,32,78,Monaco,77.141
68,13,1,34,78,Monaco,77.295
69,13,1,39,78,Monaco,77.648
70,17,2,43,78,Monaco,77.878
71,12,1,42,78,Monaco,77.557
72,7,1,35,78,Monaco,77.53
73,5,2,32,78,Monaco,77.453
74,9,2,43,78,Monaco,77.584
75,10,2,37,78,Monaco,77.739
76,7,1,32,78,Monaco,77.449
77,12,1,43,78,Monaco,77.97
78,4,0,30,78,Monaco,77.567
1,6,0,41,78,Monaco,82.819
2,5,1,38,78,Monaco,77.436
3,8,2,43,78,Monaco,76.8
4,19,2,31,78,Monaco,76.339
5,15,1,43,78,Monaco,76.776
6,12,2,43,78,Monaco,76.56
7,6,2,42,78,Monaco,76.654
8,17,2,35,78,Monaco,76.307
9,7,2,37,78,Monaco,76.146
10,1,0,33,78,Monaco,76.988
11,7,1,44,78,Monaco,117.137
12,19,2,39,78,Monaco,126.558
13,1,0,33,78,Monaco,100.747
14,17,1,31,78,Monaco,115.774
15,4,1,40,78,Monaco,81.845
16,6,2,34,78,Monaco,79.608
17,15,0,39,78,Monaco,79.112
18,9,1,35,78,Monaco,78.819
19,3,2,36,78,Monaco,78.605
20,8,0,42,78,Monaco,78.364
21,12,1,34,78,Monaco,78.99
22,7,0,32,78,Monaco,78.855
23,8,2,37,78,Monaco,78.372
24,16,1,34,78,Monaco,78.186
25,3,1,33,78,Monaco,78.407
26,2,2,37,78,Monaco,77.464
27,4,0,44,78,Monaco,77.69
28,18,1,35,78,Monaco,77.686
29,4,0,40,78,Monaco,77.553
30,12,1,30,78,Monaco,77.216
31,3,0,37,78,Monaco,77.351
32,14,2,31,78,Monaco,77.378
33,10,0,32,78,Monaco,77.362
34,7,0,37,78,Monaco,78.419
35,17,1,37,78,Monaco,77.991
36,15,2,36,78,Monaco,77.65
37,17,1,32,78,Monaco,77.269
38,15,1,33,78,Monaco,77.943
39,8,2,44,78,Monaco,77.823
40,16,2,34,78,Monaco,78.084
41,2,0,32,78,Monaco,78.105
42,2,2,33,78,Monaco,78.684
43,3,2,39,78,Monaco,77.006
44,4,1,38,78,Monaco,76.832
45,10,1,43,78,Monaco,77.044
46,7,2,34,78,Monaco,76.951
47,2,2,32,78,Monaco,77.538
48,18,2,38,78,Monaco,81.363
49,5,2,42,78,Monaco,76.529
50,1,2,31,78,Monaco,76.312
51,17,2,37,78,Monaco,77.051
52,10,0,39,78,Monaco,77.353
53,18,1,36,78,Monaco,77.149
54,4,0,30,78,Monaco,77.005
55,3,0,35,78,Monaco,77.06
56,15,1,34,78,Monaco,77.95
57,14,1,38,78,Monaco,78.207
58,10,2,38,78,Monaco,77.17
59,1,0,30,78,Monaco,77.362
60,5,0,38,78,Monaco,77.179
61,16,1,30,78,Monaco,77.674
62,7,1,35,78,Monaco,77.83
63,19,2,43,78,Monaco,79.942
64,19,0,36,78,Monaco,77.354
65,15,2,41,78,Monaco,75.163
66,10,2,32,78,Monaco,77.036
67,3,1,36,78,Monaco,76.622
68,19,0,43,78,Monaco,77.066
69,16,2,41,78,Monaco,77.085
70,13,0,33,78,Monaco,77.401
71,2,2,30,78,Monaco,77.547
72,2,1,42,78,Monaco,77.507
73,9,2,44,78,Monaco,77.682
74,6,2,40,78,Monaco,77.521
75,6,1,42,78,Monaco,77.669
76,7,0,38,78,Monaco,78.391
77,7,0,35,78,Monaco,77.8
78,3,0,33,78,Monaco,77.376
1,12,2,33,78,Monaco,83.744
2,5,1,41,78,Monaco,77.686
3,1,0,42,78,Monaco,77.064
4,16,0,42,78,Monaco,76.635
5,10,1,42,78,Monaco,76.672
6,2,2,41,78,Monaco,76.585
7,18,1,31,78,Monaco,76.569
8,7,2,38,78,Monaco,76.377
9,4,1,44,78,Monaco,76.229
10,2,1,39,78,Monaco,76.92
11,13,1,32,78,Monaco,115.101
12,17,2,36,78,Monaco,112.233
13,16,0,41,78,Monaco,112.13
14,1,1,30,78,Monaco,117.879
15,7,1,33,78,Monaco,81.399
16,5,2,36,78,Monaco,79.721
17,5,2,35,78,Monaco,79.112
18,19,2,37,78,Monaco,78.651
19,4,1,35,78,Monaco,78.805
20,10,0,36,78,Monaco,78.408
21,9,0,40,78,Monaco,78.978
22,9,0,41,78,Monaco,78.746
23,12,0,36,78,Monaco,78.474
24,14,2,32,78,Monaco,78.274
25,12,0,44,78,Monaco,77.931
26,17,1,40,78,Monaco,77.497
27,9,0,41,78,Monaco,77.505
28,5,0,31,78,Monaco,77.349
29,17,2,43,78,Monaco,77.472
30,18,1,40,78,Monaco,77.344
31,1,2,33,78,Monaco,77.414
32,12,2,35,78,Monaco,77.462
33,2,1,33,78,Monaco,77.412
34,7,1,41,78,Monaco,77.23
35,5,0,41,78,Monaco,77.628
36,2,1,43,78,Monaco,77.659
37,7,0,33,78,Monaco,77.761
38,4,0,32,78,Monaco,77.917
39,5,2,30,78,Monaco,77.634
40,7,2,39,78,Monaco,77.96
41,1,1,43,78,Monaco,77.967
42,5,2,43,78,Monaco,77.626
43,3,1,37,78,Monaco,77.544
44,7,1,38,78,Monaco,77.518
45,6,2,40,78,Monaco,77.645
46,5,2,40,78,Monaco,77.23
47,2,1,41,78,Monaco,77.568
48,7,2,42,78,Monaco,78.923
49,7,0,34,78,Monaco,77.292
50,17,2,42,78,Monaco,77.099
51,12,0,37,78,Monaco,77.517
52,16,1,31,78,Monaco,77.221
53,7,0,42,78,Monaco,77.235
54,12,0,41,78,Monaco,77.087
55,13,0,40,78,Monaco,77.442
56,3,1,35,78,Monaco,78.285
57,3,0,39,78,Monaco,77.252
58,19,2,43,78,Monaco,77.562
59,8,2,35,78,Monaco,77.335
60,16,1,30,78,Monaco,77.539
61,4,0,41,78,Monaco,77.635
62,12,2,44,78,Monaco,77.235
63,4,0,42,78,Monaco,77.14
64,16,2,39,78,Monaco,77.097
65,10,1,43,78,Monaco,77.155
66,2,1,37,78,Monaco,77.46
67,10,0,41,78,Monaco,77.228
68,17,2,42,78,Monaco,77.312
69,14,1,36,78,Monaco,77.45
70,17,1,42,78,Monaco,78.029
71,15,0,37,78,Monaco,77.79
72,1,2,30,78,Monaco,77.197
73,17,2,35,78,Monaco,77.409
74,13,1,40,78,Monaco,77.663
75,6,0,31,78,Monaco,77.812
76,7,2,42,78,Monaco,78.152
77,11,2,43,78,Monaco,77.287
78,6,2,41,78,Monaco,77.469
1,12,2,43,78,Monaco,85.115
2,10,0,30,78,Monaco,77.831
3,5,2,36,78,Monaco,77.14
4,19,2,40,78,Monaco,76.906
5,19,1,42,78,Monaco,76.59
6,14,0,35,78,Monaco,76.851
7,9,1,39,78,Monaco,76.278
8,2,0,33,78,Monaco,76.541
9,16,2,35,78,Monaco,76.277
10,12,1,30,78,Monaco,76.659
11,12,1,44,78,Monaco,114.374
12,15,2,41,78,Monaco,112.768
13,19,2,31,78,Monaco,113.091
14,7,2,40,78,Monaco,116.039
15,3,0,40,78,Monaco,81.921
16,17,1,35,78,Monaco,79.462
17,3,0,39,78,Monaco,79.075
18,6,2,36,78,Monaco,78.637
19,2,2,32,78,Monaco,78.707
20,14,0,32,78,Monaco,78.388
21,9,1,35,78,Monaco,79.136
22,18,2,36,78,Monaco,78.686
23,11,1,43,78,Monaco,78.454
24,18,2,41,78,Monaco,78.357
25,13,0,30,78,Monaco,77.97
26,19,1,43,78,Monaco,77.495
27,7,0,32,78,Monaco,77.827
28,11,1,31,78,Monaco,77.623
29,1,1,34,78,Monaco,77.386
30,16,1,36,78,Monaco,77.418
31,18,0,43,78,Monaco,77.273
32,7,1,38,78,Monaco,77.477
33,13,2,42,78,Monaco,77.299
34,1,0,43,78,Monaco,77.491
35,4,0,37,78,Monaco,77.723
36,9,0,30,78,Monaco,77.531
37,10,1,31,78,Monaco,77.833
38,3,1,41,78,Monaco,77.857
39,6,1,34,78,Monaco,77.751
40,13,1,44,78,Monaco,78.126
41,12,0,32,78,Monaco,77.776
42,6,0,44,78,Monaco,77.746
43,3,1,44,78,Monaco,77.309
44,14,0,31,78,Monaco,77.472
45,7,1,32,78,Monaco,77.562
46,18,1,39,78,Monaco,77.207
47,15,0,32,78,Monaco,77.455
48,10,0,34,78,Monaco,80.028
49,8,2,33,78,Monaco,77.246
50,8,1,41,78,Monaco,76.417
51,14,0,35,78,Monaco,77.08
52,2,1,41,78,Monaco,77.671
53,6,1,43,78,Monaco,77.117
54,13,1,37,78,Monaco,76.967
55,18,2,32,78,Monaco,77.5
56,18,1,44,78,Monaco,77.636
57,2,0,36,78,Monaco,77.74
58,9,2,39,78,Monaco,77.405
59,16,1,35,78,Monaco,77.49
60,6,1,36,78,Monaco,77.475
61,16,2,41,78,Monaco,77.484
62,10,1,36,78,Monaco,77.553
63,3,0,38,78,Monaco,77.192
64,19,1,37,78,Monaco,77.153
65,16,2,43,78,Monaco,76.898
66,11,2,37,78,Monaco,77.338
67,7,2,38,78,Monaco,77.59
68,19,1,41,78,Monaco,77.606
69,19,0,33,78,Monaco,77.219
70,5,1,41,78,Monaco,77.602
71,17,0,42,78,Monaco,77.712
72,1,0,37,78,Monaco,77.332
73,7,1,44,78,Monaco,77.681
74,15,2,41,78,Monaco,77.529
75,14,0,36,78,Monaco,77.737
76,15,1,34,78,Monaco,78.106
77,12,2,36,78,Monaco,78.196
78,10,1,37,78,Monaco,77.449
1,6,2,32,78,Monaco,86.771
2,12,1,41,78,Monaco,79.901
3,6,0,41,78,Monaco,79.203
4,8,2,39,78,Monaco,79.569
5,12,1,42,78,Monaco,79.458
6,15,1,32,78,Monaco,79.286
7,1,1,33,78,Monaco,79.596
8,2,2,41,78,Monaco,80.113
9,16,1,40,78,Monaco,80.184
10,16,2,38,78,Monaco,83.289
11,2,1,31,78,Monaco,125.595
12,7,1,35,78,Monaco,101.71
13,7,1,41,78,Monaco,94.602
14,9,1,41,78,Monaco,110.674
15,6,1,31,78,Monaco,81.936
16,14,1,40,78,Monaco,80.81
17,18,0,41,78,Monaco,79.96
18,13,2,42,78,Monaco,80.337
19,10,2,38,78,Monaco,80.789
20,8,1,43,78,Monaco,81.084
21,12,1,30,78,Monaco,80.183
22,7,1,36,78,Monaco,81.089
23,9,1,34,78,Monaco,81.002
24,4,2,32,78,Monaco,81.067
25,8,2,35,78,Monaco,79.388
26,1,1,44,78,Monaco,80.05
27,15,1,31,78,Monaco,79.123
28,15,0,39,78,Monaco,79.638
29,5,2,34,78,Monaco,79.617
30,5,1,41,78,Monaco,78.945
31,17,1,38,78,Monaco,79.203
32,17,0,30,78,Monaco,78.727
33,19,2,32,78,Monaco,80.046
34,19,2,43,78,Monaco,79.198
35,5,2,35,78,Monaco,79.031
36,15,0,39,78,Monaco,79.645
37,4,2,34,78,Monaco,79.817
38,1,2,32,78,Monaco,79.572
39,16,1,40,78,Monaco,79.069
40,18,2,34,78,Monaco,78.188
41,3,1,40,78,Monaco,78.446
42,4,1,40,78,Monaco,78.921
43,3,2,31,78,Monaco,79.753
44,11,1,32,78,Monaco,82.318
45,7,1,32,78,Monaco,81.494
46,12,2,31,78,Monaco,82.495
47,7,1,34,78,Monaco,76.178
48,17,0,31,78,Monaco,77.427
49,4,2,44,78,Monaco,77.504
50,18,0,35,78,Monaco,76.726
51,4,1,43,78,Monaco,77.434
52,15,1,43,78,Monaco,78.085
53,4,1,43,78,Monaco,78.047
54,5,0,31,78,Monaco,77.612
55,1,0,41,78,Monaco,77.194
56,14,0,33,78,Monaco,77.443
57,19,2,30,78,Monaco,77.571
58,18,1,32,78,Monaco,77.586
59,12,1,43,78,Monaco,77.181
60,5,0,34,78,Monaco,77.28
61,17,2,32,78,Monaco,77.182
62,17,0,38,78,Monaco,77.08
63,19,1,31,78,Monaco,76.751
64,18,1,37,78,Monaco,77.035
65,19,0,37,78,Monaco,76.988
66,3,1,35,78,Monaco,76.835
67,19,1,41,78,Monaco,77.515
68,3,2,35,78,Monaco,77.326
69,11,2,34,78,Monaco,77.103
70,11,1,31,78,Monaco,77.279
71,18,1,34,78,Monaco,77.544
72,14,0,34,78,Monaco,77.591
73,15,1,34,78,Monaco,77.079
74,1,2,30,78,Monaco,77.831
75,1,2,41,78,Monaco,76.217
76,14,1,32,78,Monaco,76.139
77,15,1,34,78,Monaco,75.979
78,19,0,31,78,Monaco,75.697
1,3,2,37,78,Monaco,87.439
2,17,2,35,78,Monaco,80.076
3,16,0,38,78,Monaco,79.102
4,9,0,30,78,Monaco,79.46
5,13,0,40,78,Monaco,79.75
6,13,0,30,78,Monaco,79.322
7,2,1,44,78,Monaco,79.667
8,5,2,43,78,Monaco,80.155
9,4,2,40,78,Monaco,80.319
10,19,2,34,78,Monaco,83.749
11,9,2,36,78,Monaco,125.58
12,14,0,43,78,Monaco,100.944
13,1,2,44,78,Monaco,94.765
14,10,1,40,78,Monaco,110.206
15,19,0,36,78,Monaco,81.739
16,14,2,38,78,Monaco,81.06
17,8,1,37,78,Monaco,79.705
18,6,1,36,78,Monaco,80.438
19,13,1,44,78,Monaco,80.773
20,7,0,42,78,Monaco,81.047
21,2,2,37,78,Monaco,80.38
22,1,1,36,78,Monaco,81.165
23,10,1,43,78,Monaco,81.018
24,17,2,35,78,Monaco,81.169
25,14,0,32,78,Monaco,79.942
26,18,1,44,78,Monaco,79.799
27,18,0,35,78,Monaco,79.546
28,7,0,34,78,Monaco,79.235
29,2,2,34,78,Monaco,79.579
30,8,0,42,78,Monaco,79.378
31,18,1,30,78,Monaco,79.085
32,15,2,32,78,Monaco,79.322
33,16,0,40,78,Monaco,79.497
34,6,1,38,78,Monaco,79.311
35,9,1,34,78,Monaco,79.0
36,6,2,38,78,Monaco,79.433
37,2,0,41,78,Monaco,79.724
38,16,2,34,78,Monaco,79.628
39,11,2,33,78,Monaco,79.48
40,17,1,36,78,Monaco,79.144
41,14,1,35,78,Monaco,78.56
42,18,2,31,78,Monaco,78.388
43,10,0,41,78,Monaco,78.563
44,1,1,32,78,Monaco,82.071
45,3,1,43,78,Monaco,81.361
46,17,1,41,78,Monaco,82.606
47,9,1,34,78,Monaco,78.154
48,4,2,37,78,Monaco,77.655
49,10,0,39,78,Monaco,77.521
50,4,1,39,78,Monaco,77.125
51,12,2,32,78,Monaco,77.443
52,4,0,36,78,Monaco,77.207
53,3,2,38,78,Monaco,77.744
54,16,1,39,78,Monaco,78.188
55,16,1,36,78,Monaco,78.322
56,14,0,33,78,Monaco,77.74
57,3,1,33,78,Monaco,77.936
58,14,0,42,78,Monaco,77.702
59,8,0,44,78,Monaco,77.631
60,10,2,42,78,Monaco,77.176
61,6,1,38,78,Monaco,76.992
62,8,1,31,78,Monaco,77.035
63,14,2,40,78,Monaco,77.311
64,14,1,31,78,Monaco,77.352
65,7,1,42,78,Monaco,77.339
66,2,2,35,78,Monaco,77.575
67,15,1,40,78,Monaco,77.602
68,5,2,38,78,Monaco,77.685
69,1,0,43,78,Monaco,77.636
70,8,1,31,78,Monaco,77.455
71,5,2,33,78,Monaco,77.582
72,4,1,42,78,Monaco,77.536
73,15,0,40,78,Monaco,77.739
74,11,2,43,78,Monaco,77.775
75,5,1,41,78,Monaco,84.642
76,18,1,41,78,Monaco,78.72
77,7,0,40,78,Monaco,78.754
1,4,2,44,78,Monaco,88.83
2,9,2,35,78,Monaco,79.955
3,15,0,41,78,Monaco,79.309
4,4,0,34,78,Monaco,79.557
5,12,2,43,78,Monaco,79.648
6,9,0,32,78,Monaco,79.66
7,7,2,37,78,Monaco,79.626
8,12,1,32,78,Monaco,79.851
9,11,0,39,78,Monaco,80.539
10,13,1,37,78,Monaco,83.29
11,10,2,39,78,Monaco,110.568
12,15,1,34,78,Monaco,102.321
13,6,1,34,78,Monaco,95.834
14,13,1,34,78,Monaco,114.64
15,10,1,37,78,Monaco,82.15
16,17,0,33,78,Monaco,79.605
17,19,2,36,78,Monaco,79.338
18,11,2,44,78,Monaco,78.941
19,8,1,31,78,Monaco,78.745
20,15,1,37,78,Monaco,78.671
21,11,0,38,78,Monaco,79.03
22,15,0,40,78,Monaco,78.787
23,13,0,42,78,Monaco,78.658
24,14,1,34,78,Monaco,78.513
25,3,0,37,78,Monaco,78.362
26,14,0,43,78,Monaco,77.772
27,6,2,40,78,Monaco,94.305
28,17,0,33,78,Monaco,82.484
29,14,0,31,78,Monaco,77.283
30,4,0,34,78,Monaco,76.846
31,17,1,38,78,Monaco,77.453
32,4,0,32,78,Monaco,76.28
33,14,2,40,78,Monaco,77.561
34,7,1,43,78,Monaco,76.655
35,19,1,38,78,Monaco,76.653
36,4,2,42,78,Monaco,76.447
37,8,2,42,78,Monaco,76.484
38,9,2,44,78,Monaco,76.86
39,13,1,33,78,Monaco,76.84
40,4,0,36,78,Monaco,76.974
41,1,1,35,78,Monaco,77.738
42,3,2,40,78,Monaco,77.433
43,15,1,33,78,Monaco,77.289
44,17,1,40,78,Monaco,77.012
45,7,0,39,78,Monaco,77.016
46,14,1,41,78,Monaco,77.958
47,5,2,43,78,Monaco,76.813
48,8,0,44,78,Monaco,77.226
49,13,0,33,78,Monaco,77.316
50,8,1,42,78,Monaco,77.777
51,14,2,38,78,Monaco,77.387
52,9,1,33,78,Monaco,77.83
53,6,2,36,78,Monaco,78.63
54,3,1,38,78,Monaco,77.804
55,1,0,39,78,Monaco,77.995
56,13,2,42,78,Monaco,77.358
57,1,1,44,78,Monaco,76.934
58,2,0,43,78,Monaco,76.537
59,8,0,40,78,Monaco,77.191
60,17,1,42,78,Monaco,77.364
61,18,1,40,78,Monaco,76.457
62,7,1,34,78,Monaco,93.363
63,6,2,34,78,Monaco,81.704
64,19,0,39,78,Monaco,77.105
65,4,1,44,78,Monaco,77.131
66,16,1,36,78,Monaco,74.567
67,3,0,33,78,Monaco,76.072
68,11,0,30,78,Monaco,77.635
69,13,1,44,78,Monaco,75.352
70,4,1,37,78,Monaco,75.111
71,2,0,31,78,Monaco,74.92
72,8,2,36,78,Monaco,74.279
73,9,2,33,78,Monaco,74.371
74,7,0,43,78,Monaco,74.301
75,3,2,38,78,Monaco,74.788
76,1,1,33,78,Monaco,76.919
77,19,2,32,78,Monaco,76.757
78,8,2,40,78,Monaco,77.618
1,1,1,42,78,Monaco,89.873
2,4,2,41,78,Monaco,79.954
3,13,0,41,78,Monaco,79.483
4,2,0,39,78,Monaco,79.613
5,9,2,34,78,Monaco,79.545
6,15,2,37,78,Monaco,79.638
7,17,2,36,78,Monaco,79.631
8,7,0,40,78,Monaco,79.856
9,14,1,34,78,Monaco,80.589
10,18,1,40,78,Monaco,84.781
11,18,0,34,78,Monaco,108.884
12,10,1,32,78,Monaco,102.277
13,18,1,31,78,Monaco,95.863
14,8,2,42,78,Monaco,114.506
15,9,1,41,78,Monaco,82.233
16,3,0,38,78,Monaco,79.871
17,14,1,32,78,Monaco,79.358
18,9,2,34,78,Monaco,79.079
19,19,2,32,78,Monaco,78.732
20,18,1,36,78,Monaco,78.581
21,12,2,43,78,Monaco,78.992
22,14,0,41,78,Monaco,78.906
23,16,2,38,78,Monaco,79.091
24,15,0,30,78,Monaco,78.574
25,13,0,39,78,Monaco,78.353
26,13,2,43,78,Monaco,78.235
27,18,1,35,78,Monaco,78.207
28,16,0,38,78,Monaco,77.616
29,15,1,44,78,Monaco,77.742
30,18,0,43,78,Monaco,94.373
31,3,0,33,78,Monaco,79.957
32,18,2,32,78,Monaco,75.891
33,8,2,40,78,Monaco,78.441
34,7,2,30,78,Monaco,76.74
35,7,2,37,78,Monaco,77.29
36,4,2,40,78,Monaco,77.259
37,15,1,37,78,Monaco,77.569
38,18,0,31,78,Monaco,77.095
39,4,2,42,78,Monaco,77.41
40,13,0,43,78,Monaco,77.356
41,8,0,33,78,Monaco,77.801
42,15,2,44,78,Monaco,77.794
43,8,2,36,78,Monaco,77.551
44,3,0,41,78,Monaco,77.625
45,13,1,36,78,Monaco,77.401
46,7,0,41,78,Monaco,77.411
47,17,1,38,78,Monaco,77.94
48,16,1,30,78,Monaco,78.208
49,14,1,41,78,Monaco,78.476
50,10,0,34,78,Monaco,78.889
51,12,2,31,78,Monaco,78.96
52,15,2,31,78,Monaco,78.339
53,18,2,37,78,Monaco,78.299
54,19,2,37,78,Monaco,78.389
55,13,2,34,78,Monaco,78.534
56,16,2,33,78,Monaco,78.827
57,17,1,34,78,Monaco,78.769
58,10,2,38,78,Monaco,78.901
59,7,0,34,78,Monaco,78.654
60,9,0,36,78,Monaco,78.217
61,13,0,41,78,Monaco,77.528
62,8,1,36,78,Monaco,77.866
63,19,1,37,78,Monaco,78.396
64,17,1,43,78,Monaco,78.334
65,2,0,31,78,Monaco,78.269
66,7,2,41,78,Monaco,78.298
67,5,0,41,78,Monaco,78.277
68,6,1,44,78,Monaco,78.584
69,18,2,34,78,Monaco,78.798
70,9,0,37,78,Monaco,78.487
71,16,1,35,78,Monaco,78.383
72,1,1,35,78,Monaco,78.615
73,12,2,41,78,Monaco,78.283
74,5,2,36,78,Monaco,78.348
75,10,1,36,78,Monaco,78.405
76,5,0,38,78,Monaco,78.263
77,1,1,42,78,Monaco,78.226
78,6,1,44,78,Monaco,78.102
1,3,1,35,78,Monaco,90.44
2,10,1,44,78,Monaco,80.154
3,19,0,43,78,Monaco,79.694
4,4,2,37,78,Monaco,79.581
5,4,2,44,78,Monaco,79.311
6,7,1,37,78,Monaco,79.792
7,13,0,38,78,Monaco,79.528
8,11,0,33,78,Monaco,79.779
9,8,1,41,78,Monaco,80.821
10,13,0,41,78,Monaco,85.166
11,1,1,43,78,Monaco,109.049
12,1,0,33,78,Monaco,102.864
13,18,0,36,78,Monaco,95.65
14,18,1,43,78,Monaco,113.802
15,19,1,30,78,Monaco,81.743
16,19,2,36,78,Monaco,79.956
17,1,2,39,78,Monaco,80.141
18,5,0,40,78,Monaco,78.962
19,18,1,42,78,Monaco,78.417
20,17,2,36,78,Monaco,78.266
21,14,2,31,78,Monaco,79.179
22,19,2,33,78,Monaco,79.028
23,8,2,36,78,Monaco,78.762
24,11,1,37,78,Monaco,78.865
25,16,0,32,78,Monaco,78.301
26,13,2,41,78,Monaco,78.533
27,19,1,40,78,Monaco,77.831
28,3,0,37,78,Monaco,78.023
29,13,0,34,78,Monaco,77.549
30,10,0,40,78,Monaco,77.608
31,6,1,31,78,Monaco,76.288
32,2,2,43,78,Monaco,93.115
33,8,1,33,78,Monaco,81.712
34,1,2,33,78,Monaco,77.304
35,7,0,34,78,Monaco,76.637
36,12,2,41,78,Monaco,77.35
37,15,2,37,78,Monaco,77.229
38,11,2,31,78,Monaco,77.31
39,7,0,31,78,Monaco,77.329
40,11,2,43,78,Monaco,77.473
41,2,0,39,78,Monaco,77.641
42,17,0,42,78,Monaco,78.014
43,17,1,38,78,Monaco,77.438
44,5,2,40,78,Monaco,77.727
45,7,1,43,78,Monaco,77.206
46,14,1,43,78,Monaco,77.462
47,11,0,42,78,Monaco,77.599
48,1,2,40,78,Monaco,78.368
49,17,1,33,78,Monaco,78.153
50,9,1,44,78,Monaco,78.986
51,13,2,43,78,Monaco,79.289
52,6,0,38,78,Monaco,78.385
53,6,2,34,78,Monaco,78.35
54,15,0,41,78,Monaco,78.237
55,16,2,37,78,Monaco,78.692
56,8,2,39,78,Monaco,79.018
57,6,2,33,78,Monaco,78.936
58,5,1,35,78,Monaco,78.91
59,14,2,33,78,Monaco,78.894
60,13,0,30,78,Monaco,78.088
61,7,1,40,78,Monaco,77.873
62,19,1,39,78,Monaco,77.778
63,11,0,44,78,Monaco,77.966
64,16,0,37,78,Monaco,78.363
65,3,0,40,78,Monaco,78.314
66,12,1,41,78,Monaco,78.0
67,11,0,37,78,Monaco,78.247
68,5,0,42,78,Monaco,78.19
69,8,2,39,78,Monaco,79.191
70,4,0,41,78,Monaco,78.543
71,18,1,36,78,Monaco,78.175
72,6,0,34,78,Monaco,78.552
73,8,2,31,78,Monaco,78.532
74,10,2,30,78,Monaco,78.234
75,16,1,40,78,Monaco,78.516
76,13,0,31,78,Monaco,78.014
77,2,0,30,78,Monaco,78.207
78,17,0,31,78,Monaco,78.381
1,14,1,40,78,Monaco,90.93
2,2,1,43,78,Monaco,80.586
3,11,2,34,78,Monaco,79.335
4,10,1,37,78,Monaco,79.611
5,17,2,32,78,Monaco,79.52
6,19,1,42,78,Monaco,79.515
7,13,2,42,78,Monaco,80.089
8,18,0,36,78,Monaco,80.259
9,16,2,30,78,Monaco,80.702
10,11,1,39,78,Monaco,87.226
11,8,2,44,78,Monaco,107.549
12,3,1,42,78,Monaco,102.453
13,9,0,38,78,Monaco,95.439
14,12,0,30,78,Monaco,112.848
15,17,1,32,78,Monaco,81.821
16,2,2,38,78,Monaco,80.096
17,2,2,32,78,Monaco,80.026
18,13,2,37,78,Monaco,79.539
19,9,2,31,78,Monaco,79.192
20,6,1,42,78,Monaco,78.458
21,15,0,44,78,Monaco,78.432
22,15,1,44,78,Monaco,79.07
23,6,1,40,78,Monaco,79.045
24,19,2,39,78,Monaco,78.833
25,2,0,34,78,Monaco,78.517
26,11,1,38,78,Monaco,78.681
27,2,1,32,78,Monaco,78.427
28,7,2,35,78,Monaco,78.418
29,2,2,40,78,Monaco,78.121
30,16,2,35,78,Monaco,77.701
31,2,1,43,78,Monaco,77.195
32,16,1,33,78,Monaco,77.195
33,7,2,34,78,Monaco,76.921
34,9,2,33,78,Monaco,77.037
35,9,0,36,78,Monaco,77.511
36,5,1,35,78,Monaco,77.585
37,5,1,37,78,Monaco,77.818
38,1,0,38,78,Monaco,78.1
39,19,2,35,78,Monaco,78.34
40,1,0,34,78,Monaco,96.341
41,2,1,41,78,Monaco,78.355
42,1,2,43,78,Monaco,75.907
43,9,1,44,78,Monaco,75.607
44,15,2,30,78,Monaco,76.934
45,9,2,38,78,Monaco,77.0
46,16,2,36,78,Monaco,76.624
47,17,1,37,78,Monaco,77.304
48,14,2,42,78,Monaco,78.879
49,11,2,32,78,Monaco,77.512
50,2,2,34,78,Monaco,79.01
51,2,2,30,78,Monaco,81.051
52,16,1,34,78,Monaco,78.514
53,1,0,33,78,Monaco,77.934
54,17,0,36,78,Monaco,77.799
55,3,2,32,78,Monaco,78.328
56,13,1,42,78,Monaco,78.333
57,9,1,30,78,Monaco,79.315
58,6,0,35,78,Monaco,79.129
59,9,2,32,78,Monaco,78.886
60,9,1,34,78,Monaco,78.563
61,4,1,34,78,Monaco,78.835
62,3,1,36,78,Monaco,78.33
63,16,1,44,78,Monaco,77.938
64,11,0,44,78,Monaco,78.041
65,19,2,42,78,Monaco,77.976
66,7,0,34,78,Monaco,78.033
67,8,2,38,78,Monaco,78.231
68,18,0,42,78,Monaco,77.999
69,4,2,33,78,Monaco,78.108
70,14,0,37,78,Monaco,78.431
71,13,0,43,78,Monaco,77.952
72,19,1,34,78,Monaco,78.504
73,19,2,39,78,Monaco,78.974
74,5,2,42,78,Monaco,78.29
75,14,1,40,78,Monaco,78.214
76,3,0,44,78,Monaco,78.155
77,7,2,32,78,Monaco,78.234
78,19,1,30,78,Monaco,77.926
1,3,1,41,78,Monaco,91.79
2,17,0,44,78,Monaco,80.625
3,18,2,39,78,Monaco,79.133
4,17,0,41,78,Monaco,79.669
5,18,0,42,78,Monaco,79.629
6,2,0,32,78,Monaco,79.501
7,2,2,33,78,Monaco,80.155
8,2,0,38,78,Monaco,80.446
9,17,1,31,78,Monaco,107.635
10,5,1,30,78,Monaco,96.009
11,2,2,32,78,Monaco,104.543
12,19,0,34,78,Monaco,87.614
13,19,1,40,78,Monaco,88.606
14,9,1,40,78,Monaco,107.881
15,1,0,35,78,Monaco,93.973
16,4,0,30,78,Monaco,78.067
17,3,0,43,78,Monaco,76.843
18,3,0,34,78,Monaco,76.745
19,8,2,36,78,Monaco,78.748
20,12,1,43,78,Monaco,79.219
21,14,2,35,78,Monaco,80.36
22,17,0,37,78,Monaco,81.059
23,3,2,41,78,Monaco,80.897
24,9,2,40,78,Monaco,80.974
25,1,2,31,78,Monaco,80.337
26,8,2,31,78,Monaco,80.104
27,18,1,43,78,Monaco,80.075
28,12,1,40,78,Monaco,78.785
29,6,0,33,78,Monaco,79.584
30,9,2,44,78,Monaco,79.471
31,5,1,38,78,Monaco,79.071
32,10,0,42,78,Monaco,78.864
33,8,1,41,78,Monaco,79.305
34,17,2,30,78,Monaco,79.243
35,17,1,32,78,Monaco,79.024
36,15,1,36,78,Monaco,80.726
37,7,1,33,78,Monaco,79.589
38,11,0,35,78,Monaco,79.241
39,18,1,37,78,Monaco,79.263
40,4,0,31,78,Monaco,78.495
41,7,2,41,78,Monaco,78.59
42,18,0,37,78,Monaco,78.783
43,14,0,34,78,Monaco,78.525
44,4,1,39,78,Monaco,81.486
45,8,1,39,78,Monaco,81.339
46,3,0,42,78,Monaco,82.558
47,3,2,32,78,Monaco,79.553
48,16,2,35,78,Monaco,78.061
49,16,1,41,78,Monaco,77.277
50,10,0,43,78,Monaco,77.45
51,13,0,41,78,Monaco,77.149
52,19,0,39,78,Monaco,77.529
53,9,2,31,78,Monaco,77.243
54,11,0,33,78,Monaco,84.06
55,14,1,42,78,Monaco,77.623
56,15,0,33,78,Monaco,79.698
57,15,0,33,78,Monaco,77.589
58,1,0,32,78,Monaco,77.042
59,18,1,42,78,Monaco,77.09
60,13,1,38,78,Monaco,77.124
61,18,2,36,78,Monaco,78.875
62,16,2,32,78,Monaco,77.497
63,2,0,38,78,Monaco,79.032
64,9,2,33,78,Monaco,79.869
65,13,1,38,78,Monaco,76.276
66,16,1,37,78,Monaco,76.479
67,16,1,41,78,Monaco,76.472
68,15,2,42,78,Monaco,76.744
69,7,2,44,78,Monaco,77.002
70,17,1,41,78,Monaco,79.659
71,4,2,37,78,Monaco,76.656
72,18,0,33,78,Monaco,76.509
73,7,2,39,78,Monaco,77.331
74,7,1,41,78,Monaco,78.921
75,16,1,41,78,Monaco,79.272
76,1,1,31,78,Monaco,79.565
77,2,1,38,78,Monaco,76.621
1,3,2,37,78,Monaco,92.507
2,1,0,34,78,Monaco,80.583
3,11,0,39,78,Monaco,79.319
4,17,1,35,78,Monaco,79.45
5,10,0,43,78,Monaco,79.811
6,8,0,30,78,Monaco,79.164
7,2,1,43,78,Monaco,81.658
8,15,2,31,78,Monaco,79.938
9,7,2,41,78,Monaco,79.742
10,8,2,34,78,Monaco,88.29
11,10,0,44,78,Monaco,105.811
12,10,1,40,78,Monaco,103.226
13,5,1,35,78,Monaco,95.523
14,8,1,37,78,Monaco,111.79
15,6,0,34,78,Monaco,81.839
16,11,1,42,78,Monaco,80.329
17,15,1,31,78,Monaco,79.941
18,11,2,32,78,Monaco,80.29
19,15,0,33,78,Monaco,79.232
20,14,1,35,78,Monaco,78.474
21,19,2,36,78,Monaco,78.571
22,13,2,36,78,Monaco,78.41
23,4,1,43,78,Monaco,79.01
24,5,2,33,78,Monaco,78.704
25,3,1,44,78,Monaco,78.755
26,18,0,31,78,Monaco,78.32
27,11,2,34,78,Monaco,79.58
28,15,2,30,78,Monaco,78.483
29,15,1,36,78,Monaco,77.961
30,10,2,42,78,Monaco,78.034
31,12,2,35,78,Monaco,77.42
32,8,2,31,78,Monaco,77.106
33,17,1,39,78,Monaco,76.918
34,1,1,36,78,Monaco,77.061
35,8,2,41,78,Monaco,77.309
36,7,1,43,78,Monaco,77.223
37,19,2,44,78,Monaco,77.451
38,13,0,42,78,Monaco,78.175
39,10,0,30,78,Monaco,78.062
40,5,1,43,78,Monaco,78.24
41,6,2,31,78,Monaco,76.746
42,18,1,30,78,Monaco,76.992
43,13,1,34,78,Monaco,77.095
44,7,2,37,78,Monaco,77.522
45,8,1,33,78,Monaco,77.691
46,12,2,39,78,Monaco,77.476
47,17,1,40,78,Monaco,77.35
48,7,2,33,78,Monaco,77.579
49,16,2,39,78,Monaco,78.43
50,13,2,39,78,Monaco,95.08
51,7,1,33,78,Monaco,80.621
52,6,2,36,78,Monaco,79.345
53,5,0,31,78,Monaco,77.053
54,6,2,41,78,Monaco,77.789
55,9,1,41,78,Monaco,77.895
56,3,1,38,78,Monaco,78.061
57,9,1,32,78,Monaco,79.564
58,3,0,30,78,Monaco,79.083
59,9,1,38,78,Monaco,78.946
60,19,2,33,78,Monaco,79.497
61,2,1,30,78,Monaco,78.826
62,2,2,44,78,Monaco,77.773
63,8,0,43,78,Monaco,77.512
64,19,0,41,78,Monaco,78.388
65,17,2,30,78,Monaco,78.66
66,13,2,30,78,Monaco,78.395
67,17,0,31,78,Monaco,77.196
68,9,2,41,78,Monaco,78.039
69,7,0,30,78,Monaco,78.776
70,16,2,30,78,Monaco,77.79
71,2,2,38,78,Monaco,78.002
72,12,0,44,78,Monaco,78.179
73,12,0,36,78,Monaco,79.102
74,13,0,33,78,Monaco,78.349
75,1,2,37,78,Monaco,78.48
76,2,2,30,78,Monaco,78.068
77,2,2,36,78,Monaco,78.03
78,19,0,34,78,Monaco,77.381
1,8,1,31,78,Monaco,93.112
2,4,0,35,78,Monaco,81.33
3,19,1,31,78,Monaco,79.89
4,1,0,37,78,Monaco,79.536
5,16,1,42,78,Monaco,79.84
6,10,0,33,78,Monaco,79.64
7,19,2,38,78,Monaco,79.977
8,10,0,32,78,Monaco,80.967
9,15,0,44,78,Monaco,85.256
10,15,1,42,78,Monaco,86.784
11,3,1,39,78,Monaco,104.931
12,6,2,36,78,Monaco,99.698
13,8,0,36,78,Monaco,94.978
14,17,2,32,78,Monaco,111.392
15,8,0,42,78,Monaco,81.848
16,3,1,30,78,Monaco,80.499
17,15,1,36,78,Monaco,80.634
18,19,1,37,78,Monaco,80.515
19,13,1,33,78,Monaco,80.856
20,2,2,39,78,Monaco,80.945
21,9,1,39,78,Monaco,80.284
22,14,1,39,78,Monaco,80.712
23,9,1,39,78,Monaco,79.967
24,17,1,31,78,Monaco,79.775
25,10,1,35,78,Monaco,80.037
26,14,1,37,78,Monaco,79.749
27,14,1,42,78,Monaco,79.069
28,18,0,30,78,Monaco,79.412
29,7,1,35,78,Monaco,79.028
30,6,0,32,78,Monaco,78.87
31,16,2,42,78,Monaco,78.832
32,2,2,43,78,Monaco,78.701
33,11,1,31,78,Monaco,78.523
34,4,1,33,78,Monaco,78.361
35,2,1,39,78,Monaco,78.505
36,17,1,35,78,Monaco,78.736
37,13,1,32,78,Monaco,78.668
38,12,0,36,78,Monaco,79.15
39,12,1,43,78,Monaco,78.717
40,3,0,31,78,Monaco,78.712
41,9,1,38,78,Monaco,79.15
42,12,0,31,78,Monaco,79.261
43,19,2,34,78,Monaco,78.817
44,8,0,41,78,Monaco,78.67
45,19,0,37,78,Monaco,78.398
46,10,0,43,78,Monaco,78.638
47,17,2,36,78,Monaco,96.145
48,3,2,30,78,Monaco,79.989
49,2,1,39,78,Monaco,76.969
50,4,2,41,78,Monaco,76.835
51,19,0,41,78,Monaco,77.487
52,13,1,39,78,Monaco,78.748
53,8,0,41,78,Monaco,77.981
54,1,2,38,78,Monaco,77.573
55,2,2,31,78,Monaco,78.362
56,7,0,30,78,Monaco,77.079
57,12,2,36,78,Monaco,77.531
58,14,2,42,78,Monaco,77.694
59,3,1,36,78,Monaco,77.182
60,15,1,37,78,Monaco,77.171
61,17,2,35,78,Monaco,76.413
62,6,2,33,78,Monaco,76.709
63,5,1,30,78,Monaco,77.376
64,3,1,41,78,Monaco,77.982
65,7,1,32,78,Monaco,77.617
66,7,0,36,78,Monaco,77.445
67,2,1,30,78,Monaco,76.914
68,15,2,37,78,Monaco,76.773
69,19,1,41,78,Monaco,76.836
70,14,0,44,78,Monaco,76.866
71,7,0,42,78,Monaco,77.142
72,1,1,34,78,Monaco,77.764
73,4,0,39,78,Monaco,77.297
74,16,0,40,78,Monaco,77.819
75,18,2,31,78,Monaco,76.952
76,12,2,32,78,Monaco,77.217
77,5,1,36,78,Monaco,76.745
78,5,2,30,78,Monaco,77.255
1,15,0,37,78,Monaco,93.485
2,18,1,40,78,Monaco,80.032
3,3,1,44,78,Monaco,79.438
4,17,1,35,78,Monaco,79.35
5,13,2,31,78,Monaco,79.916
6,2,0,35,78,Monaco,79.151
7,3,2,40,78,Monaco,80.218
8,15,0,43,78,Monaco,82.28
9,7,0,33,78,Monaco,117.179
10,15,0,44,78,Monaco,105.588
11,8,0,34,78,Monaco,102.902
12,1,0,37,78,Monaco,86.928
13,18,0,39,78,Monaco,82.646
14,4,0,35,78,Monaco,95.751
15,18,1,30,78,Monaco,102.416
16,8,2,36,78,Monaco,103.124
1,3,2,38,78,Monaco,94.436
2,4,0,34,78,Monaco,81.257
3,18,1,42,78,Monaco,79.884
4,4,2,31,78,Monaco,79.475
5,1,0,31,78,Monaco,79.713
6,1,0,35,78,Monaco,79.739
7,4,0,42,78,Monaco,79.679
8,9,2,33,78,Monaco,80.38
9,5,0,37,78,Monaco,85.549
10,7,2,33,78,Monaco,87.91
11,6,1,40,78,Monaco,104.811
12,9,2,30,78,Monaco,99.282
13,2,2,34,78,Monaco,95.442
14,4,2,32,78,Monaco,110.517
15,12,2,44,78,Monaco,81.779
16,11,1,35,78,Monaco,80.581
17,11,0,31,78,Monaco,80.486
18,3,1,32,78,Monaco,80.717
19,7,0,34,78,Monaco,80.838
20,8,1,34,78,Monaco,80.898
21,18,0,44,78,Monaco,80.343
22,10,0,43,78,Monaco,80.757
23,17,1,33,78,Monaco,80.245
24,6,1,41,78,Monaco,79.801
25,13,1,32,78,Monaco,80.21
26,16,2,41,78,Monaco,80.256
27,14,1,34,78,Monaco,79.539
28,12,0,44,78,Monaco,79.608
29,14,0,41,78,Monaco,79.365
30,3,0,34,78,Monaco,78.991
31,6,0,30,78,Monaco,79.241
32,19,2,39,78,Monaco,78.996
33,5,0,39,78,Monaco,79.457
34,4,0,35,78,Monaco,79.547
35,4,2,39,78,Monaco,79.204
36,17,0,36,78,Monaco,79.997
37,18,2,30,78,Monaco,78.758
38,14,2,33,78,Monaco,79.341
39,7,2,30,78,Monaco,96.398
40,14,1,35,78,Monaco,80.583
41,12,1,31,78,Monaco,77.407
42,11,0,38,78,Monaco,77.5
43,7,2,42,78,Monaco,80.45
44,8,1,33,78,Monaco,80.69
45,16,2,42,78,Monaco,76.379
46,1,1,34,78,Monaco,77.918
47,4,2,42,78,Monaco,86.989
48,2,1,30,78,Monaco,79.505
49,17,0,30,78,Monaco,79.84
50,19,1,43,78,Monaco,79.935
51,12,0,31,78,Monaco,78.141
52,9,1,31,78,Monaco,81.025
53,17,2,43,78,Monaco,78.17
54,5,2,40,78,Monaco,79.481
55,6,0,41,78,Monaco,79.749
56,19,2,40,78,Monaco,78.85
57,10,0,40,78,Monaco,78.151
58,3,2,34,78,Monaco,77.816
59,14,2,31,78,Monaco,77.924
60,16,0,34,78,Monaco,78.294
61,15,1,32,78,Monaco,77.733
62,8,0,30,78,Monaco,77.452
63,3,2,42,78,Monaco,77.73
64,16,2,37,78,Monaco,77.743
65,12,0,43,78,Monaco,77.462
66,9,1,38,78,Monaco,77.533
67,3,2,39,78,Monaco,79.514
68,11,1,33,78,Monaco,80.239
69,13,2,41,78,Monaco,77.671
70,3,2,43,78,Monaco,77.458
71,16,1,30,78,Monaco,77.193
72,19,0,36,78,Monaco,77.299
73,8,1,33,78,Monaco,77.631
74,8,1,39,78,Monaco,77.607
75,2,2,44,78,Monaco,77.346
76,7,0,30,78,Monaco,77.266
77,18,1,37,78,Monaco,78.595
1,5,2,39,78,Monaco,95.251
2,14,0,42,78,Monaco,81.483
3,16,2,36,78,Monaco,80.195
4,12,1,30,78,Monaco,79.139
5,11,1,36,78,Monaco,79.238
6,18,1,32,78,Monaco,79.962
7,16,0,41,78,Monaco,79.698
8,14,0,39,78,Monaco,79.828
9,9,0,30,78,Monaco,86.055
10,3,1,35,78,Monaco,87.824
11,4,2,32,78,Monaco,123.212
12,1,0,38,78,Monaco,93.154
13,3,2,42,78,Monaco,88.95
14,10,0,41,78,Monaco,108.548
15,8,1,31,78,Monaco,89.156
16,6,2,43,78,Monaco,77.818
17,13,2,30,78,Monaco,77.225
18,17,2,41,78,Monaco,78.163
19,10,0,31,78,Monaco,80.087
20,17,0,32,78,Monaco,81.067
21,17,1,31,78,Monaco,80.546
22,4,0,35,78,Monaco,80.959
23,2,1,36,78,Monaco,80.831
24,17,2,36,78,Monaco,81.173
25,2,1,30,78,Monaco,79.99
26,15,2,43,78,Monaco,80.308
27,15,1,37,78,Monaco,79.348
28,12,1,43,78,Monaco,79.128
29,2,2,37,78,Monaco,79.406
30,4,0,30,78,Monaco,79.394
31,12,1,38,78,Monaco,79.098
32,2,0,43,78,Monaco,79.325
33,17,1,43,78,Monaco,79.336
34,16,1,35,78,Monaco,79.344
35,17,2,31,78,Monaco,78.921
36,5,2,42,78,Monaco,79.432
37,15,2,41,78,Monaco,79.709
38,11,1,44,78,Monaco,80.168
39,16,2,32,78,Monaco,79.108
40,2,1,32,78,Monaco,78.945
41,10,1,41,78,Monaco,78.632
42,8,1,43,78,Monaco,78.656
43,6,1,41,78,Monaco,78.378
44,10,0,34,78,Monaco,82.086
45,14,1,30,78,Monaco,81.248
46,8,1,42,78,Monaco,82.604
47,19,1,37,78,Monaco,78.832
48,15,1,40,78,Monaco,77.878
49,9,0,41,78,Monaco,77.576
50,17,0,33,78,Monaco,77.273
51,17,1,31,78,Monaco,77.545
52,16,1,32,78,Monaco,77.102
53,13,0,33,78,Monaco,77.361
54,17,2,39,78,Monaco,78.133
55,19,1,42,78,Monaco,78.652
56,5,1,41,78,Monaco,84.947
57,5,0,44,78,Monaco,77.193
58,13,1,40,78,Monaco,76.825
59,12,0,38,78,Monaco,76.797
60,18,0,31,78,Monaco,77.668
61,7,1,32,78,Monaco,77.76
62,12,0,32,78,Monaco,79.29
63,3,1,41,78,Monaco,78.683
64,3,1,38,78,Monaco,77.539
65,19,1,33,78,Monaco,76.997
66,13,1,44,78,Monaco,76.817
67,18,2,35,78,Monaco,76.613
68,8,2,30,78,Monaco,76.78
69,5,0,41,78,Monaco,78.098
70,16,0,30,78,Monaco,77.399
71,19,0,37,78,Monaco,77.152
72,9,1,35,78,Monaco,76.951
73,12,2,37,78,Monaco,76.941
74,7,1,37,78,Monaco,77.536
75,6,2,31,78,Monaco,78.598
76,1,2,31,78,Monaco,78.847
77,5,1,41,78,Monaco,78.986
1,9,0,43,78,Monaco,95.803
2,7,2,33,78,Monaco,81.477
3,14,1,35,78,Monaco,80.12
4,1,1,40,78,Monaco,79.36
5,8,2,43,78,Monaco,79.187
6,7,1,37,78,Monaco,79.901
7,8,1,37,78,Monaco,79.765
8,1,1,40,78,Monaco,80.547
9,7,2,33,78,Monaco,85.232
10,11,0,41,78,Monaco,88.718
11,6,1,34,78,Monaco,104.42
12,10,2,39,78,Monaco,98.452
13,8,1,38,78,Monaco,95.634
14,8,2,41,78,Monaco,110.501
15,4,0,37,78,Monaco,81.634
16,8,2,44,78,Monaco,80.597
17,6,2,37,78,Monaco,80.333
18,4,2,31,78,Monaco,80.448
19,9,2,30,78,Monaco,80.945
20,14,1,31,78,Monaco,80.91
21,14,0,34,78,Monaco,80.229
22,11,1,32,78,Monaco,80.772
23,10,2,33,78,Monaco,80.313
24,9,2,35,78,Monaco,79.719
25,4,2,37,78,Monaco,80.3
26,7,2,37,78,Monaco,80.134
27,13,2,42,78,Monaco,79.573
28,19,0,40,78,Monaco,79.541
29,19,1,33,78,Monaco,79.472
30,19,2,32,78,Monaco,79.063
31,18,0,44,78,Monaco,79.069
32,1,0,42,78,Monaco,79.038
33,1,0,40,78,Monaco,79.464
34,16,1,44,78,Monaco,79.565
35,1,0,43,78,Monaco,79.049
36,5,0,38,78,Monaco,80.152
37,2,2,43,78,Monaco,79.456
38,15,2,42,78,Monaco,78.95
39,14,1,38,78,Monaco,79.398
40,18,0,33,78,Monaco,78.463
41,15,1,34,78,Monaco,78.709
42,4,0,34,78,Monaco,79.759
43,1,0,33,78,Monaco,80.084
44,2,1,33,78,Monaco,81.917
45,8,0,35,78,Monaco,82.138
46,8,0,40,78,Monaco,100.956
47,17,2,32,78,Monaco,85.226
48,18,1,39,78,Monaco,79.575
49,19,2,35,78,Monaco,77.132
50,4,2,33,78,Monaco,76.436
51,3,1,36,78,Monaco,76.6
52,7,1,37,78,Monaco,76.719
53,11,2,40,78,Monaco,77.876
54,5,2,31,78,Monaco,79.152
55,6,1,42,78,Monaco,80.04
56,16,1,42,78,Monaco,78.878
57,9,1,35,78,Monaco,79.528
58,2,1,30,78,Monaco,79.373
59,7,2,31,78,Monaco,77.324
60,9,0,30,78,Monaco,78.216
61,17,1,32,78,Monaco,78.301
62,16,0,34,78,Monaco,78.477
63,9,2,32,78,Monaco,78.248
64,19,0,37,78,Monaco,80.969
65,7,0,41,78,Monaco,79.146
66,7,0,36,78,Monaco,78.113
67,16,1,41,78,Monaco,78.332
68,12,0,44,78,Monaco,78.326
69,11,0,36,78,Monaco,78.29
70,3,0,35,78,Monaco,78.686
71,6,1,36,78,Monaco,78.965
72,15,1,42,78,Monaco,78.744
73,6,1,41,78,Monaco,78.636
74,4,1,43,78,Monaco,78.366
75,15,1,42,78,Monaco,77.893
76,15,2,43,78,Monaco,77.847
77,8,2,41,78,Monaco,78.398
1,14,1,43,78,Monaco,97.495
2,18,0,35,78,Monaco,82.039
3,5,0,43,78,Monaco,80.355
4,10,2,40,78,Monaco,79.785
5,15,2,30,78,Monaco,79.562
6,12,2,42,78,Monaco,79.777
7,9,0,35,78,Monaco,79.97
8,2,0,35,78,Monaco,79.985
9,1,0,38,78,Monaco,83.336
10,13,1,36,78,Monaco,89.434
11,7,0,35,78,Monaco,104.701
12,8,0,30,78,Monaco,100.11
13,17,0,40,78,Monaco,94.944
14,18,0,41,78,Monaco,109.755
15,3,1,36,78,Monaco,105.434
16,2,0,42,78,Monaco,81.127
17,10,1,40,78,Monaco,78.99
18,15,2,30,78,Monaco,80.176
19,3,2,39,78,Monaco,80.476
20,19,0,38,78,Monaco,81.359
21,10,2,34,78,Monaco,97.659
22,2,2,41,78,Monaco,82.977
23,2,0,32,78,Monaco,79.002
24,10,1,32,78,Monaco,78.163
25,11,2,43,78,Monaco,78.404
26,12,1,30,78,Monaco,78.222
27,7,2,36,78,Monaco,78.235
28,13,1,35,78,Monaco,78.741
29,2,0,35,78,Monaco,79.149
30,6,1,35,78,Monaco,78.934
31,1,1,32,78,Monaco,77.749
32,15,2,40,78,Monaco,77.388
33,6,1,32,78,Monaco,77.394
34,3,1,35,78,Monaco,77.897
35,17,2,34,78,Monaco,77.967
36,8,0,43,78,Monaco,78.326
37,16,1,31,78,Monaco,78.127
38,6,0,32,78,Monaco,78.497
39,1,2,35,78,Monaco,79.156
40,14,2,36,78,Monaco,83.406
41,6,2,31,78,Monaco,82.369
42,5,1,39,78,Monaco,79.399
43,12,1,35,78,Monaco,78.831
44,7,2,32,78,Monaco,81.215
45,15,1,34,78,Monaco,81.55
46,15,1,30,78,Monaco,78.883
47,3,1,44,78,Monaco,79.691
48,4,0,33,78,Monaco,79.986
49,6,2,42,78,Monaco,79.272
50,15,1,39,78,Monaco,83.72
51,19,1,43,78,Monaco,82.079
52,18,1,32,78,Monaco,79.389
53,9,2,31,78,Monaco,78.597
54,15,1,31,78,Monaco,78.711
55,12,1,38,78,Monaco,78.106
56,2,0,34,78,Monaco,79.606
57,15,2,43,78,Monaco,78.943
58,14,2,41,78,Monaco,78.88
59,11,1,39,78,Monaco,78.593
60,7,1,31,78,Monaco,78.438
61,18,1,30,78,Monaco,78.674
62,13,1,42,78,Monaco,78.871
63,6,1,37,78,Monaco,78.683
64,12,0,40,78,Monaco,79.06
65,18,0,41,78,Monaco,78.953
66,2,2,40,78,Monaco,79.263
67,2,0,33,78,Monaco,79.144
68,5,2,37,78,Monaco,78.653
69,6,2,32,78,Monaco,78.472
70,15,2,37,78,Monaco,78.44
71,10,0,31,78,Monaco,78.76
72,13,1,40,78,Monaco,78.768
73,6,1,35,78,Monaco,84.057
74,12,1,31,78,Monaco,79.215
75,14,0,37,78,Monaco,78.888
76,5,2,37,78,Monaco,78.777
77,17,1,42,78,Monaco,80.366
1,8,1,35,78,Monaco,97.837
2,17,1,40,78,Monaco,81.966
3,3,2,43,78,Monaco,80.322
4,9,0,41,78,Monaco,79.883
5,15,1,38,78,Monaco,80.972
6,3,0,33,78,Monaco,78.481
7,5,0,42,78,Monaco,80.276
8,18,1,41,78,Monaco,79.968
9,2,1,41,78,Monaco,83.078
10,15,1,31,78,Monaco,89.751
11,10,2,36,78,Monaco,104.693
12,2,2,39,78,Monaco,100.039
13,3,1,41,78,Monaco,94.965
14,3,0,37,78,Monaco,109.711
15,16,1,42,78,Monaco,105.507
16,18,1,34,78,Monaco,80.718
17,13,1,42,78,Monaco,78.964
18,4,1,31,78,Monaco,80.093
19,6,0,44,78,Monaco,80.546
20,18,1,40,78,Monaco,81.274
21,7,1,34,78,Monaco,81.21
22,11,2,44,78,Monaco,77.33
23,4,2,33,78,Monaco,77.771
24,14,0,41,78,Monaco,77.581
25,14,0,31,78,Monaco,77.856
26,10,1,38,78,Monaco,77.974
27,17,2,42,78,Monaco,78.682
28,19,0,35,78,Monaco,78.374
29,12,1,32,78,Monaco,78.582
30,6,0,33,78,Monaco,79.0
31,6,2,38,78,Monaco,79.515
32,19,1,39,78,Monaco,79.311
33,3,1,42,78,Monaco,79.68
34,17,2,37,78,Monaco,79.342
35,1,1,42,78,Monaco,79.136
36,8,1,41,78,Monaco,78.898
37,1,0,39,78,Monaco,79.489
38,6,0,39,78,Monaco,79.528
39,16,2,42,78,Monaco,80.003
40,15,1,34,78,Monaco,79.929
41,12,2,38,78,Monaco,79.825
42,15,1,41,78,Monaco,80.113
43,15,0,36,78,Monaco,81.099
44,16,0,35,78,Monaco,108.861
45,15,2,42,78,Monaco,80.975
46,12,0,40,78,Monaco,76.299
47,7,1,43,78,Monaco,76.952
48,8,0,44,78,Monaco,77.412
49,7,2,31,78,Monaco,78.446
50,4,1,36,78,Monaco,81.256
51,11,1,42,78,Monaco,82.072
52,7,2,41,78,Monaco,79.454
53,9,1,44,78,Monaco,78.643
54,1,2,38,78,Monaco,80.791
55,10,1,38,78,Monaco,77.414
56,17,1,33,78,Monaco,79.684
57,18,2,37,78,Monaco,78.532
58,12,0,38,78,Monaco,78.826
59,7,2,32,78,Monaco,78.988
60,13,0,36,78,Monaco,79.561
61,3,0,32,78,Monaco,78.638
62,2,1,36,78,Monaco,78.514
63,4,0,42,78,Monaco,78.475
64,4,2,39,78,Monaco,78.609
65,14,2,42,78,Monaco,78.876
66,8,0,34,78,Monaco,79.064
67,16,1,32,78,Monaco,79.393
68,18,1,30,78,Monaco,79.213
69,8,2,33,78,Monaco,78.708
70,7,0,41,78,Monaco,78.526
71,1,1,33,78,Monaco,82.649
72,17,1,32,78,Monaco,78.463
73,2,2,34,78,Monaco,78.652
74,16,2,30,78,Monaco,79.353
75,9,2,42,78,Monaco,84.251
76,2,2,31,78,Monaco,79.575
1,15,0,43,78,Monaco,98.529
2,13,1,36,78,Monaco,82.439
3,14,1,38,78,Monaco,80.57
4,13,2,33,78,Monaco,79.894
5,3,1,33,78,Monaco,80.278
6,16,1,44,78,Monaco,79.542
7,16,2,30,78,Monaco,80.498
8,4,2,34,78,Monaco,80.243
9,4,0,34,78,Monaco,82.651
10,2,2,40,78,Monaco,110.285
11,18,2,39,78,Monaco,105.404
12,15,1,33,78,Monaco,87.644
13,13,1,44,78,Monaco,89.225
14,2,2,43,78,Monaco,107.009
15,6,0,35,78,Monaco,94.806
16,6,2,32,78,Monaco,80.694
17,4,1,40,78,Monaco,78.904
18,12,0,40,78,Monaco,78.159
19,16,1,43,78,Monaco,77.608
20,18,2,41,78,Monaco,77.599
21,19,1,40,78,Monaco,78.168
22,15,2,43,78,Monaco,79.644
23,5,2,35,78,Monaco,80.682
24,5,1,37,78,Monaco,81.16
25,6,2,38,78,Monaco,80.774
26,5,0,33,78,Monaco,80.021
27,8,0,34,78,Monaco,79.692
28,10,1,34,78,Monaco,79.784
29,7,0,41,78,Monaco,79.498
30,4,0,32,78,Monaco,79.335
31,11,0,33,78,Monaco,79.308
32,18,1,41,78,Monaco,79.724
33,6,0,30,78,Monaco,79.861
34,17,0,40,78,Monaco,79.602
35,17,0,41,78,Monaco,79.275
36,5,2,41,78,Monaco,79.347
37,18,0,43,78,Monaco,79.514
38,12,1,32,78,Monaco,79.164
39,14,0,34,78,Monaco,79.171
40,14,1,35,78,Monaco,79.73
41,1,1,35,78,Monaco,80.433
42,15,1,38,78,Monaco,78.982
43,13,1,43,78,Monaco,78.644
44,2,1,31,78,Monaco,78.388
45,16,2,42,78,Monaco,79.873
46,9,0,37,78,Monaco,81.957
47,8,2,38,78,Monaco,85.35
48,11,1,30,78,Monaco,81.485
49,13,2,37,78,Monaco,79.768
50,11,2,38,78,Monaco,78.53
51,17,1,37,78,Monaco,78.794
52,3,1,34,78,Monaco,79.058
53,11,1,43,78,Monaco,78.193
54,12,2,36,78,Monaco,82.311
55,17,1,37,78,Monaco,79.451
56,10,0,40,78,Monaco,78.455
57,2,2,41,78,Monaco,78.252
58,19,2,38,78,Monaco,77.688
59,14,0,34,78,Monaco,77.51
60,7,1,44,78,Monaco,77.596
61,18,1,38,78,Monaco,77.294
62,17,2,33,78,Monaco,77.445
63,5,2,30,78,Monaco,77.589
64,9,2,38,78,Monaco,77.584
65,15,1,40,78,Monaco,77.538
66,13,1,30,78,Monaco,77.65
67,8,2,37,78,Monaco,77.703
68,16,2,34,78,Monaco,77.508
69,7,0,30,78,Monaco,77.088
70,11,1,43,78,Monaco,80.182
71,10,2,35,78,Monaco,77.771
72,1,0,37,78,Monaco,77.231
73,15,1,41,78,Monaco,77.08
74,7,1,32,78,Monaco,77.089
75,14,1,30,78,Monaco,77.168
76,14,1,30,78,Monaco,77.038
77,6,1,32,78,Monaco,77.66
1,18,2,44,52,Silverstone,94.461
2,16,1,41,52,Silverstone,91.644
3,4,1,44,52,Silverstone,91.985
4,10,2,35,52,Silverstone,91.603
5,16,2,37,52,Silverstone,91.013
6,18,2,30,52,Silverstone,91.437
7,2,2,44,52,Silverstone,90.938
8,17,0,38,52,Silverstone,90.891
9,5,1,31,52,Silverstone,91.41
10,3,0,35,52,Silverstone,90.725
11,2,1,40,52,Silverstone,90.901
12,1,1,34,52,Silverstone,90.872
13,5,1,40,52,Silverstone,90.741
14,16,2,34,52,Silverstone,90.866
15,14,0,32,52,Silverstone,90.631
16,12,1,40,52,Silverstone,90.63
17,16,0,38,52,Silverstone,110.04
18,2,1,39,52,Silverstone,90.344
19,4,1,37,52,Silverstone,90.624
20,17,1,44,52,Silverstone,107.865
21,9,1,32,52,Silverstone,142.673
22,18,0,31,52,Silverstone,140.905
23,8,1,42,52,Silverstone,140.43
24,17,0,34,52,Silverstone,90.318
25,12,1,39,52,Silverstone,90.071
26,2,2,41,52,Silverstone,89.958
27,18,1,37,52,Silverstone,89.849
28,3,0,44,52,Silverstone,89.649
29,2,1,31,52,Silverstone,89.42
30,5,0,41,52,Silverstone,89.536
31,15,0,39,52,Silverstone,89.727
32,3,1,31,52,Silverstone,89.701
33,13,0,42,52,Silverstone,89.333
34,10,1,37,52,Silverstone,89.219
35,7,1,35,52,Silverstone,89.192
36,14,1,38,52,Silverstone,89.127
37,14,2,34,52,Silverstone,89.473
38,16,0,31,52,Silverstone,89.287
39,18,1,39,52,Silverstone,89.401
40,18,1,42,52,Silverstone,88.971
41,6,0,37,52,Silverstone,88.936
42,15,0,39,52,Silverstone,88.784
43,15,0,33,52,Silverstone,89.001
44,3,2,37,52,Silverstone,89.016
45,15,1,39,52,Silverstone,88.545
46,12,0,40,52,Silverstone,108.864
47,9,1,32,52,Silverstone,87.406
48,1,2,31,52,Silverstone,88.68
49,9,2,31,52,Silverstone,88.399
50,14,0,44,52,Silverstone,89.243
51,2,1,30,52,Silverstone,89.796
52,4,1,36,52,Silverstone,90.849
1,8,2,34,52,Silverstone,94.895
2,15,0,44,52,Silverstone,91.923
3,1,0,34,52,Silverstone,91.635
4,14,0,31,52,Silverstone,92.058
5,4,1,41,52,Silverstone,91.54
6,1,2,31,52,Silverstone,90.967
7,1,2,40,52,Silverstone,90.94
8,11,2,34,52,Silverstone,90.85
9,7,2,38,52,Silverstone,91.14
10,9,0,37,52,Silverstone,90.972
11,6,1,40,52,Silverstone,90.987
12,16,1,42,52,Silverstone,90.904
13,11,2,35,52,Silverstone,90.807
14,5,1,35,52,Silverstone,90.771
15,5,2,43,52,Silverstone,90.877
16,13,2,43,52,Silverstone,91.006
17,14,1,36,52,Silverstone,90.236
18,14,0,38,52,Silverstone,90.979
19,1,0,41,52,Silverstone,90.784
20,5,1,36,52,Silverstone,97.561
21,1,2,33,52,Silverstone,169.629
22,2,1,43,52,Silverstone,140.041
23,2,1,35,52,Silverstone,141.237
24,7,0,38,52,Silverstone,89.973
25,8,0,41,52,Silverstone,90.009
26,10,1,33,52,Silverstone,89.99
27,6,0,43,52,Silverstone,89.601
28,18,2,43,52,Silverstone,89.504
29,2,2,30,52,Silverstone,89.19
30,11,0,36,52,Silverstone,89.759
31,7,1,31,52,Silverstone,89.263
32,10,1,33,52,Silverstone,89.509
33,2,1,32,52,Silverstone,89.529
34,1,1,36,52,Silverstone,89.16
35,2,2,33,52,Silverstone,89.258
36,8,1,39,52,Silverstone,89.19
37,18,2,39,52,Silverstone,89.656
38,7,0,39,52,Silverstone,89.039
39,8,1,41,52,Silverstone,89.271
40,19,0,34,52,Silverstone,88.985
41,1,1,38,52,Silverstone,88.568
42,2,1,41,52,Silverstone,88.634
43,14,1,43,52,Silverstone,88.622
44,14,2,41,52,Silverstone,88.827
45,14,0,33,52,Silverstone,88.841
46,4,2,44,52,Silverstone,88.91
47,10,0,32,52,Silverstone,89.063
48,12,1,34,52,Silverstone,88.698
49,2,1,36,52,Silverstone,88.676
50,9,1,33,52,Silverstone,88.908
51,9,1,39,52,Silverstone,89.711
52,2,2,30,52,Silverstone,87.369
1,18,1,38,52,Silverstone,96.045
2,7,2,40,52,Silverstone,92.158
3,15,0,38,52,Silverstone,91.883
4,17,1,30,52,Silverstone,91.639
5,8,0,40,52,Silverstone,91.888
6,3,1,40,52,Silverstone,91.506
7,13,1,38,52,Silverstone,91.306
8,3,1,44,52,Silverstone,91.375
9,5,1,34,52,Silverstone,91.581
10,6,1,39,52,Silverstone,92.272
11,19,0,38,52,Silverstone,92.213
12,3,1,42,52,Silverstone,91.657
13,13,0,34,52,Silverstone,91.242
14,10,0,34,52,Silverstone,111.982
15,6,0,31,52,Silverstone,91.108
16,19,2,35,52,Silverstone,91.46
17,1,1,43,52,Silverstone,91.792
18,17,2,41,52,Silverstone,91.67
19,6,1,33,52,Silverstone,90.997
20,19,1,43,52,Silverstone,113.443
21,6,2,41,52,Silverstone,127.379
22,10,1,43,52,Silverstone,140.835
23,19,1,42,52,Silverstone,138.618
24,6,2,39,52,Silverstone,93.675
25,10,0,41,52,Silverstone,92.406
26,12,2,31,52,Silverstone,90.581
27,18,1,42,52,Silverstone,90.467
28,14,1,36,52,Silverstone,90.305
29,10,2,41,52,Silverstone,90.575
30,16,0,34,52,Silverstone,90.285
31,11,0,39,52,Silverstone,90.071
32,16,1,31,52,Silverstone,90.157
33,9,1,34,52,Silverstone,89.841
34,1,2,31,52,Silverstone,89.836
35,13,1,43,52,Silverstone,89.574
36,4,2,37,52,Silverstone,89.592
37,5,1,41,52,Silverstone,90.806
38,14,0,30,52,Silverstone,90.303
39,2,1,35,52,Silverstone,89.743
40,11,2,36,52,Silverstone,89.796
41,12,1,35,52,Silverstone,90.093
42,15,1,39,52,Silverstone,89.581
43,3,1,36,52,Silverstone,89.783
44,4,1,44,52,Silverstone,89.353
45,3,2,37,52,Silverstone,89.426
46,16,2,44,52,Silverstone,89.491
47,19,1,32,52,Silverstone,89.313
48,7,2,31,52,Silverstone,89.72
49,13,2,41,52,Silverstone,89.414
50,7,1,32,52,Silverstone,89.435
51,18,1,32,52,Silverstone,89.449
52,5,0,44,52,Silverstone,89.449
1,5,2,38,52,Silverstone,96.721
2,13,2,31,52,Silverstone,92.195
3,16,0,32,52,Silverstone,91.929
4,14,1,44,52,Silverstone,91.616
5,6,0,32,52,Silverstone,91.924
6,18,0,36,52,Silverstone,91.39
7,6,1,44,52,Silverstone,91.358
8,15,1,31,52,Silverstone,91.374
9,17,2,38,52,Silverstone,91.658
10,11,2,44,52,Silverstone,91.964
11,10,2,37,52,Silverstone,92.753
12,7,1,39,52,Silverstone,91.322
13,11,2,30,52,Silverstone,91.138
14,11,1,30,52,Silverstone,112.071
15,14,1,43,52,Silverstone,90.911
16,2,1,34,52,Silverstone,91.639
17,16,2,43,52,Silverstone,91.578
18,15,0,34,52,Silverstone,91.852
19,8,1,30,52,Silverstone,90.921
20,19,0,43,52,Silverstone,111.639
21,5,2,33,52,Silverstone,144.124
22,14,1,35,52,Silverstone,124.472
23,13,2,41,52,Silverstone,138.979
24,18,2,35,52,Silverstone,94.143
25,1,2,42,52,Silverstone,90.74
26,5,0,31,52,Silverstone,90.983
27,4,0,37,52,Silverstone,89.939
28,12,2,33,52,Silverstone,89.825
29,1,2,35,52,Silverstone,90.028
30,12,2,31,52,Silverstone,89.857
31,4,1,38,52,Silverstone,90.081
32,16,2,42,52,Silverstone,89.695
33,19,2,30,52,Silverstone,89.68
34,11,0,37,52,Silverstone,89.45
35,17,1,39,52,Silverstone,89.524
36,7,1,32,52,Silverstone,89.277
37,16,0,41,52,Silverstone,102.905
38,7,1,36,52,Silverstone,91.509
39,9,0,40,52,Silverstone,89.951
40,11,2,41,52,Silverstone,89.717
41,14,1,39,52,Silverstone,89.653
42,6,1,32,52,Silverstone,89.775
43,10,0,44,52,Silverstone,89.409
44,13,2,43,52,Silverstone,89.532
45,7,1,43,52,Silverstone,89.272
46,7,0,33,52,Silverstone,89.343
47,15,0,35,52,Silverstone,89.291
48,19,1,30,52,Silverstone,89.734
49,16,0,41,52,Silverstone,89.903
50,7,1,43,52,Silverstone,89.716
51,18,0,39,52,Silverstone,89.595
52,9,1,44,52,Silverstone,89.855
1,8,2,43,52,Silverstone,97.36
2,4,1,41,52,Silverstone,92.383
3,10,1,37,52,Silverstone,91.816
4,2,1,36,52,Silverstone,91.77
5,6,1,34,52,Silverstone,91.6
6,16,1,43,52,Silverstone,91.674
7,4,0,44,52,Silverstone,91.745
8,5,2,42,52,Silverstone,91.497
9,12,0,33,52,Silverstone,91.457
10,6,0,43,52,Silverstone,91.484
11,5,2,42,52,Silverstone,92.792
12,10,0,34,52,Silverstone,92.858
13,19,2,43,52,Silverstone,91.228
14,16,1,41,52,Silverstone,91.808
15,5,1,32,52,Silverstone,91.792
16,15,1,37,52,Silverstone,91.747
17,3,2,31,52,Silverstone,91.413
18,8,2,33,52,Silverstone,91.486
19,18,2,38,52,Silverstone,91.766
20,11,2,30,52,Silverstone,104.337
21,4,2,41,52,Silverstone,149.502
22,17,1,36,52,Silverstone,140.887
23,5,0,43,52,Silverstone,140.146
24,11,1,31,52,Silverstone,92.651
25,1,2,43,52,Silverstone,90.981
26,7,2,42,52,Silverstone,90.438
27,5,2,30,52,Silverstone,90.484
28,11,1,37,52,Silverstone,90.253
29,11,0,39,52,Silverstone,90.387
30,8,1,35,52,Silverstone,90.008
31,9,0,40,52,Silverstone,89.777
32,12,1,42,52,Silverstone,89.964
33,4,2,35,52,Silverstone,89.89
34,1,1,33,52,Silverstone,89.63
35,12,2,40,52,Silverstone,89.54
36,10,2,30,52,Silverstone,89.615
37,14,2,31,52,Silverstone,99.11
38,17,1,40,52,Silverstone,124.456
39,17,1,40,52,Silverstone,125.448
40,14,0,32,52,Silverstone,91.084
41,6,2,30,52,Silverstone,91.068
42,14,2,34,52,Silverstone,90.884
43,18,0,33,52,Silverstone,89.405
44,11,0,37,52,Silverstone,89.081
45,1,2,34,52,Silverstone,89.876
46,11,2,38,52,Silverstone,88.733
47,9,2,35,52,Silverstone,90.786
48,10,0,42,52,Silverstone,88.76
49,9,1,32,52,Silverstone,90.191
50,15,1,33,52,Silverstone,89.107
51,4,2,33,52,Silverstone,88.758
1,15,2,42,52,Silverstone,98.238
2,4,1,34,52,Silverstone,92.305
3,15,2,35,52,Silverstone,91.847
4,6,1,40,52,Silverstone,91.656
5,14,2,41,52,Silverstone,91.844
6,6,0,34,52,Silverstone,91.709
7,1,1,31,52,Silverstone,91.625
8,16,2,33,52,Silverstone,91.54
9,15,1,35,52,Silverstone,91.41
10,13,1,37,52,Silverstone,91.593
11,15,0,44,52,Silverstone,92.182
12,9,2,44,52,Silverstone,91.409
13,1,2,39,52,Silverstone,111.564
14,18,2,40,52,Silverstone,92.588
15,1,1,36,52,Silverstone,92.166
16,6,0,31,52,Silverstone,91.948
17,7,0,35,52,Silverstone,92.368
18,17,0,32,52,Silverstone,91.74
19,3,1,32,52,Silverstone,91.605
20,4,1,41,52,Silverstone,117.329
21,5,2,43,52,Silverstone,128.598
22,2,0,44,52,Silverstone,128.134
23,6,2,42,52,Silverstone,139.705
24,16,1,32,52,Silverstone,93.192
25,2,2,33,52,Silverstone,91.381
26,3,2,35,52,Silverstone,90.844
27,19,2,30,52,Silverstone,91.765
28,18,1,41,52,Silverstone,90.482
29,19,0,43,52,Silverstone,90.617
30,6,0,30,52,Silverstone,90.188
31,5,1,40,52,Silverstone,90.201
32,14,1,33,52,Silverstone,90.024
33,15,1,39,52,Silverstone,89.941
34,13,1,34,52,Silverstone,89.837
35,10,1,36,52,Silverstone,89.743
36,10,2,33,52,Silverstone,91.01
37,19,0,43,52,Silverstone,90.622
38,3,1,32,52,Silverstone,90.495
39,1,1,35,52,Silverstone,90.147
40,18,1,44,52,Silverstone,89.905
41,11,1,35,52,Silverstone,89.98
42,6,0,40,52,Silverstone,89.872
43,4,1,36,52,Silverstone,89.795
44,6,1,41,52,Silverstone,89.814
45,17,1,33,52,Silverstone,89.875
46,8,1,37,52,Silverstone,89.682
47,15,1,43,52,Silverstone,89.579
48,17,0,44,52,Silverstone,89.544
49,8,2,40,52,Silverstone,89.83
50,18,2,32,52,Silverstone,89.692
51,1,1,34,52,Silverstone,90.009
52,1,1,39,52,Silverstone,89.975
1,6,2,44,52,Silverstone,99.321
2,10,0,41,52,Silverstone,93.18
3,5,1,38,52,Silverstone,92.498
4,14,2,42,52,Silverstone,92.903
5,6,0,39,52,Silverstone,92.317
6,2,0,42,52,Silverstone,93.019
7,17,0,42,52,Silverstone,92.745
8,11,1,34,52,Silverstone,92.436
9,1,2,42,52,Silverstone,92.738
10,13,1,38,52,Silverstone,92.369
11,16,0,34,52,Silverstone,92.304
12,2,1,40,52,Silverstone,92.578
13,10,1,43,52,Silverstone,91.816
14,19,1,34,52,Silverstone,113.161
15,18,1,33,52,Silverstone,92.51
16,15,1,37,52,Silverstone,92.67
17,17,0,43,52,Silverstone,91.872
18,3,1,40,52,Silverstone,92.122
19,18,1,39,52,Silverstone,92.382
20,10,1,36,52,Silverstone,123.482
21,16,2,40,52,Silverstone,127.675
22,13,2,36,52,Silverstone,113.688
23,7,1,37,52,Silverstone,136.583
24,18,1,41,52,Silverstone,94.374
25,9,1,35,52,Silverstone,93.239
26,5,0,40,52,Silverstone,91.627
27,1,0,43,52,Silverstone,91.342
28,14,1,30,52,Silverstone,91.609
29,14,1,44,52,Silverstone,91.544
30,8,2,42,52,Silverstone,91.503
31,8,1,30,52,Silverstone,91.723
32,18,1,43,52,Silverstone,91.119
33,14,2,40,52,Silverstone,91.083
34,6,0,32,52,Silverstone,90.929
35,12,1,36,52,Silverstone,90.565
36,5,1,38,52,Silverstone,111.417
37,7,0,35,52,Silverstone,90.596
38,4,1,30,52,Silverstone,90.951
39,19,1,36,52,Silverstone,90.424
40,18,0,30,52,Silverstone,90.41
41,8,2,37,52,Silverstone,90.783
42,18,0,38,52,Silverstone,90.424
43,5,2,38,52,Silverstone,90.491
44,4,2,41,52,Silverstone,90.263
45,14,0,30,52,Silverstone,89.932
46,14,2,38,52,Silverstone,90.237
47,14,0,35,52,Silverstone,89.854
48,18,2,30,52,Silverstone,89.74
49,17,1,39,52,Silverstone,89.774
50,19,1,32,52,Silverstone,89.636
51,17,1,40,52,Silverstone,90.163
52,2,1,35,52,Silverstone,90.612
1,3,1,31,52,Silverstone,99.643
2,16,1,32,52,Silverstone,93.528
3,10,2,43,52,Silverstone,92.519
4,16,2,41,52,Silverstone,92.945
5,2,0,35,52,Silverstone,92.449
6,17,1,41,52,Silverstone,92.853
7,3,1,31,52,Silverstone,92.869
8,16,1,43,52,Silverstone,92.468
9,2,1,36,52,Silverstone,92.638
10,9,2,38,52,Silverstone,92.429
11,17,2,44,52,Silverstone,92.379
12,14,1,32,52,Silverstone,91.81
13,2,1,32,52,Silverstone,111.807
14,1,0,31,52,Silverstone,91.941
15,18,1,40,52,Silverstone,92.142
16,6,0,44,52,Silverstone,92.096
17,4,1,39,52,Silverstone,91.86
18,9,1,37,52,Silverstone,91.681
19,16,0,34,52,Silverstone,92.237
20,17,2,33,52,Silverstone,117.69
21,12,2,34,52,Silverstone,146.118
22,6,0,38,52,Silverstone,108.018
23,15,2,42,52,Silverstone,133.275
24,10,1,32,52,Silverstone,94.373
25,7,0,37,52,Silverstone,92.79
26,6,0,42,52,Silverstone,91.725
27,8,1,30,52,Silverstone,91.37
28,6,2,32,52,Silverstone,91.474
29,4,0,39,52,Silverstone,91.581
30,12,1,33,52,Silverstone,91.412
31,10,1,40,52,Silverstone,91.827
32,11,2,30,52,Silverstone,91.312
33,7,2,43,52,Silverstone,90.995
34,4,0,44,52,Silverstone,90.881
35,7,1,38,52,Silverstone,90.504
36,12,2,30,52,Silverstone,90.447
37,5,1,44,52,Silverstone,90.826
38,14,1,39,52,Silverstone,90.565
39,3,0,41,52,Silverstone,90.3
40,14,1,30,52,Silverstone,90.498
41,18,1,42,52,Silverstone,90.553
42,13,1,38,52,Silverstone,90.692
43,17,0,32,52,Silverstone,90.473
44,17,0,34,52,Silverstone,90.281
45,6,1,33,52,Silverstone,89.929
46,5,1,44,52,Silverstone,90.609
47,10,1,32,52,Silverstone,90.53
48,18,0,32,52,Silverstone,90.173
49,1,0,44,52,Silverstone,89.9
50,16,2,37,52,Silverstone,89.624
51,15,2,30,52,Silverstone,89.911
52,9,1,34,52,Silverstone,89.903
1,4,2,33,52,Silverstone,100.192
2,3,2,31,52,Silverstone,93.79
3,13,2,32,52,Silverstone,92.671
4,12,2,42,52,Silverstone,92.902
5,3,0,31,52,Silverstone,92.596
6,18,1,32,52,Silverstone,92.913
7,1,2,35,52,Silverstone,93.089
8,10,1,40,52,Silverstone,92.917
9,16,2,38,52,Silverstone,92.865
10,14,2,33,52,Silverstone,92.695
11,2,2,39,52,Silverstone,92.705
12,12,0,36,52,Silverstone,94.081
13,5,2,44,52,Silverstone,93.174
14,1,0,37,52,Silverstone,113.883
15,18,1,39,52,Silverstone,92.295
16,4,1,44,52,Silverstone,91.525
17,3,2,44,52,Silverstone,91.645
18,5,0,35,52,Silverstone,91.683
19,1,2,34,52,Silverstone,92.588
20,7,0,44,52,Silverstone,125.204
21,8,2,37,52,Silverstone,128.209
22,15,2,44,52,Silverstone,108.537
23,12,0,41,52,Silverstone,134.712
24,2,2,36,52,Silverstone,96.038
25,12,1,44,52,Silverstone,94.011
26,6,1,42,52,Silverstone,92.057
27,7,1,44,52,Silverstone,91.915
28,16,2,30,52,Silverstone,91.674
29,4,2,35,52,Silverstone,91.748
30,12,1,43,52,Silverstone,91.257
31,1,2,41,52,Silverstone,91.42
32,19,2,40,52,Silverstone,91.423
33,1,2,41,52,Silverstone,91.492
34,11,2,31,52,Silverstone,90.973
35,11,0,31,52,Silverstone,91.028
36,17,2,32,52,Silverstone,91.144
37,10,2,42,52,Silverstone,91.495
38,1,1,35,52,Silverstone,91.495
39,5,1,41,52,Silverstone,91.592
40,13,1,36,52,Silverstone,91.176
41,15,2,44,52,Silverstone,90.914
42,16,0,38,52,Silverstone,91.188
43,17,1,39,52,Silverstone,95.688
44,19,2,36,52,Silverstone,91.343
45,8,2,32,52,Silverstone,90.691
46,17,2,41,52,Silverstone,90.578
47,12,1,42,52,Silverstone,90.647
48,8,2,32,52,Silverstone,90.649
49,2,0,44,52,Silverstone,90.31
50,16,0,33,52,Silverstone,90.132
51,6,0,36,52,Silverstone,89.949
52,1,2,37,52,Silverstone,90.287
1,8,0,44,52,Silverstone,100.608
2,3,1,42,52,Silverstone,94.078
3,12,1,39,52,Silverstone,92.646
4,17,2,43,52,Silverstone,92.766
5,6,0,31,52,Silverstone,92.701
6,2,1,40,52,Silverstone,92.893
7,17,1,33,52,Silverstone,93.155
8,4,1,30,52,Silverstone,93.143
9,18,1,39,52,Silverstone,92.752
10,11,2,40,52,Silverstone,92.576
11,7,2,44,52,Silverstone,92.725
12,14,1,43,52,Silverstone,92.657
13,19,2,35,52,Silverstone,93.003
14,7,0,35,52,Silverstone,112.935
15,14,1,33,52,Silverstone,92.044
16,4,1,44,52,Silverstone,91.719
17,11,1,42,52,Silverstone,91.777
18,7,2,44,52,Silverstone,92.01
19,12,1,36,52,Silverstone,92.159
20,13,2,39,52,Silverstone,125.106
21,7,0,39,52,Silverstone,129.724
22,11,1,43,52,Silverstone,107.851
23,16,2,39,52,Silverstone,135.467
24,14,2,30,52,Silverstone,94.712
25,19,0,44,52,Silverstone,93.768
26,12,0,41,52,Silverstone,91.906
27,19,0,33,52,Silverstone,91.765
28,13,2,35,52,Silverstone,91.447
29,5,1,42,52,Silverstone,91.784
30,3,2,30,52,Silverstone,91.745
31,1,0,40,52,Silverstone,91.687
32,14,0,41,52,Silverstone,91.632
33,12,0,38,52,Silverstone,91.529
34,4,2,32,52,Silverstone,91.071
35,17,1,42,52,Silverstone,91.182
36,12,1,33,52,Silverstone,90.973
37,3,2,33,52,Silverstone,91.338
38,8,2,37,52,Silverstone,91.353
39,16,2,40,52,Silverstone,91.317
40,3,0,33,52,Silverstone,91.264
41,13,1,39,52,Silverstone,91.44
42,1,2,30,52,Silverstone,91.335
43,7,0,33,52,Silverstone,91.625
44,17,1,34,52,Silverstone,90.878
45,19,1,34,52,Silverstone,92.039
46,1,2,36,52,Silverstone,90.872
47,11,0,31,52,Silverstone,91.308
48,8,2,33,52,Silverstone,91.109
49,7,1,33,52,Silverstone,91.14
50,12,2,39,52,Silverstone,91.195
51,7,2,39,52,Silverstone,91.945
52,6,0,36,52,Silverstone,92.215
1,18,2,41,52,Silverstone,101.311
2,2,0,37,52,Silverstone,94.057
3,14,0,32,52,Silverstone,92.843
4,19,1,35,52,Silverstone,93.17
5,17,0,40,52,Silverstone,93.078
6,7,0,43,52,Silverstone,93.08
7,6,0,30,52,Silverstone,92.942
8,12,0,38,52,Silverstone,92.718
9,17,2,34,52,Silverstone,92.89
10,9,2,36,52,Silverstone,92.744
11,8,1,33,52,Silverstone,92.536
12,2,1,43,52,Silverstone,92.688
13,15,1,32,52,Silverstone,92.898
14,18,0,38,52,Silverstone,93.903
15,6,2,40,52,Silverstone,92.215
16,9,2,44,52,Silverstone,91.974
17,17,1,37,52,Silverstone,92.176
18,17,2,40,52,Silverstone,91.724
19,3,1,37,52,Silverstone,91.805
20,8,1,41,52,Silverstone,113.334
21,8,1,41,52,Silverstone,144.703
22,7,1,39,52,Silverstone,119.626
23,12,2,36,52,Silverstone,137.815
24,4,1,42,52,Silverstone,93.689
25,16,2,44,52,Silverstone,93.248
26,3,0,37,52,Silverstone,91.516
27,16,1,37,52,Silverstone,91.422
28,18,1,37,52,Silverstone,91.476
29,4,0,33,52,Silverstone,91.31
30,11,1,34,52,Silverstone,91.008
31,10,0,39,52,Silverstone,91.248
32,19,2,35,52,Silverstone,91.183
33,11,1,39,52,Silverstone,91.102
34,6,0,35,52,Silverstone,91.126
35,14,2,35,52,Silverstone,90.73
36,18,0,44,52,Silverstone,90.796
37,5,2,32,52,Silverstone,91.027
38,11,1,40,52,Silverstone,90.861
39,6,2,35,52,Silverstone,90.828
40,6,0,31,52,Silverstone,90.589
41,13,0,38,52,Silverstone,90.759
42,6,1,41,52,Silverstone,90.634
43,17,0,33,52,Silverstone,90.507
44,17,0,44,52,Silverstone,90.104
45,3,0,37,52,Silverstone,90.047
46,7,1,35,52,Silverstone,90.793
47,8,1,44,52,Silverstone,90.417
48,13,2,40,52,Silverstone,90.188
49,13,1,44,52,Silverstone,89.766
50,12,1,41,52,Silverstone,89.757
51,8,2,37,52,Silverstone,89.863
52,4,1,39,52,Silverstone,89.867
1,1,2,41,52,Silverstone,102.014
2,9,0,35,52,Silverstone,94.231
3,18,2,38,52,Silverstone,93.467
4,16,1,35,52,Silverstone,93.44
5,2,1,42,52,Silverstone,94.252
6,7,1,30,52,Silverstone,93.479
7,9,0,35,52,Silverstone,93.53
8,17,0,44,52,Silverstone,92.922
9,12,2,35,52,Silverstone,93.098
10,19,1,38,52,Silverstone,92.671
11,14,1,31,52,Silverstone,92.484
12,15,2,33,52,Silverstone,92.665
13,18,1,39,52,Silverstone,92.968
14,13,2,42,52,Silverstone,93.055
15,5,1,41,52,Silverstone,92.431
16,3,1,41,52,Silverstone,92.447
17,12,0,37,52,Silverstone,92.193
18,8,0,39,52,Silverstone,112.707
19,19,0,38,52,Silverstone,94.478
20,15,1,43,52,Silverstone,127.615
21,1,1,35,52,Silverstone,128.462
22,10,1,36,52,Silverstone,102.584
23,15,1,31,52,Silverstone,130.914
24,1,0,38,52,Silverstone,94.221
25,13,0,40,52,Silverstone,93.206
26,18,1,34,52,Silverstone,92.054
27,19,1,31,52,Silverstone,91.953
28,7,2,31,52,Silverstone,92.006
29,14,1,33,52,Silverstone,91.859
30,8,0,38,52,Silverstone,91.362
31,8,0,31,52,Silverstone,91.481
32,3,0,41,52,Silverstone,91.352
33,8,0,37,52,Silverstone,91.448
34,18,2,32,52,Silverstone,91.126
35,17,2,36,52,Silverstone,91.157
36,8,2,32,52,Silverstone,91.078
37,9,0,43,52,Silverstone,91.386
38,3,2,39,52,Silverstone,91.293
39,8,0,35,52,Silverstone,91.499
40,5,0,36,52,Silverstone,91.145
41,1,1,44,52,Silverstone,91.294
42,3,0,33,52,Silverstone,91.217
43,9,1,37,52,Silverstone,90.299
44,1,2,44,52,Silverstone,90.395
45,17,0,33,52,Silverstone,90.515
46,11,0,37,52,Silverstone,90.594
47,15,0,40,52,Silverstone,90.579
48,17,0,40,52,Silverstone,90.394
49,11,2,30,52,Silverstone,90.468
50,1,2,41,52,Silverstone,90.434
51,9,0,35,52,Silverstone,90.034
52,8,2,32,52,Silverstone,90.036
1,7,0,30,52,Silverstone,102.302
2,6,1,42,52,Silverstone,94.84
3,17,0,33,52,Silverstone,95.218
4,7,0,33,52,Silverstone,95.001
5,3,1,37,52,Silverstone,93.717
6,14,0,35,52,Silverstone,93.398
7,1,1,33,52,Silverstone,93.483
8,17,1,43,52,Silverstone,93.147
9,12,2,40,52,Silverstone,93.53
10,16,2,32,52,Silverstone,93.058
11,3,0,36,52,Silverstone,93.159
12,2,2,33,52,Silverstone,93.036
13,5,0,33,52,Silverstone,92.893
14,2,1,42,52,Silverstone,92.936
15,2,1,38,52,Silverstone,92.732
16,15,0,43,52,Silverstone,92.734
17,6,2,33,52,Silverstone,92.464
18,14,2,32,52,Silverstone,93.139
1,6,1,41,52,Silverstone,102.803
2,17,0,44,52,Silverstone,94.738
3,10,0,36,52,Silverstone,93.173
4,17,1,31,52,Silverstone,93.194
5,11,1,33,52,Silverstone,92.748
6,11,1,34,52,Silverstone,93.465
7,7,2,37,52,Silverstone,93.256
8,19,1,31,52,Silverstone,93.063
9,12,2,38,52,Silverstone,93.021
10,5,0,31,52,Silverstone,92.661
11,8,1,30,52,Silverstone,92.58
12,7,1,36,52,Silverstone,92.669
13,10,0,43,52,Silverstone,93.023
14,9,1,41,52,Silverstone,92.859
15,8,0,35,52,Silverstone,92.55
16,3,0,43,52,Silverstone,91.702
17,8,1,41,52,Silverstone,92.064
18,13,0,43,52,Silverstone,91.442
19,18,0,41,52,Silverstone,115.542
20,13,0,41,52,Silverstone,125.102
21,14,0,41,52,Silverstone,130.176
22,2,0,44,52,Silverstone,104.256
23,8,1,36,52,Silverstone,131.855
24,1,2,35,52,Silverstone,106.538
25,3,0,41,52,Silverstone,123.438
26,1,0,32,52,Silverstone,93.261
27,10,0,36,52,Silverstone,92.59
28,2,1,41,52,Silverstone,91.815
29,3,1,32,52,Silverstone,92.086
30,13,1,38,52,Silverstone,91.324
31,2,1,40,52,Silverstone,91.367
32,7,2,39,52,Silverstone,90.986
33,12,0,34,52,Silverstone,90.714
34,18,0,40,52,Silverstone,90.642
35,9,0,38,52,Silverstone,90.202
36,11,1,34,52,Silverstone,90.458
37,1,0,40,52,Silverstone,90.812
38,15,1,42,52,Silverstone,91.458
39,11,2,32,52,Silverstone,91.008
40,15,0,32,52,Silverstone,90.818
41,8,2,35,52,Silverstone,90.915
42,13,2,42,52,Silverstone,92.42
43,9,1,37,52,Silverstone,92.35
44,8,2,32,52,Silverstone,90.781
45,5,1,32,52,Silverstone,90.673
46,13,0,34,52,Silverstone,90.531
47,4,2,42,52,Silverstone,111.063
48,7,2,34,52,Silverstone,89.747
49,13,2,43,52,Silverstone,89.84
50,7,0,31,52,Silverstone,89.456
51,13,0,43,52,Silverstone,89.54
1,12,1,37,52,Silverstone,103.173
2,7,1,40,52,Silverstone,94.761
3,6,1,37,52,Silverstone,93.651
4,4,1,33,52,Silverstone,93.481
5,11,1,30,52,Silverstone,93.049
6,9,1,36,52,Silverstone,93.534
7,6,0,30,52,Silverstone,93.43
8,12,1,34,52,Silverstone,93.014
9,14,1,33,52,Silverstone,93.111
10,17,0,36,52,Silverstone,92.649
11,6,1,41,52,Silverstone,92.623
12,1,2,44,52,Silverstone,92.751
13,19,1,44,52,Silverstone,92.289
14,17,1,38,52,Silverstone,114.844
15,9,0,43,52,Silverstone,92.629
16,6,1,38,52,Silverstone,92.328
17,14,0,31,52,Silverstone,92.143
18,15,2,32,52,Silverstone,92.423
19,12,1,31,52,Silverstone,93.095
20,4,1,43,52,Silverstone,129.397
21,11,1,32,52,Silverstone,128.395
22,9,2,42,52,Silverstone,102.008
23,11,1,43,52,Silverstone,129.784
24,11,1,30,52,Silverstone,94.855
25,9,2,32,52,Silverstone,93.66
26,12,1,40,52,Silverstone,92.749
27,15,0,31,52,Silverstone,92.058
28,1,2,31,52,Silverstone,91.911
29,2,2,34,52,Silverstone,91.578
30,10,0,42,52,Silverstone,91.59
31,8,0,37,52,Silverstone,91.523
32,18,1,42,52,Silverstone,91.314
33,11,0,35,52,Silverstone,91.45
34,7,1,33,52,Silverstone,91.132
35,11,2,41,52,Silverstone,91.091
36,3,2,37,52,Silverstone,91.009
37,4,1,35,52,Silverstone,91.62
38,2,2,37,52,Silverstone,91.832
39,19,1,33,52,Silverstone,91.528
40,12,2,32,52,Silverstone,112.524
41,19,2,33,52,Silverstone,91.028
42,17,0,43,52,Silverstone,90.133
43,13,2,36,52,Silverstone,89.851
44,3,2,38,52,Silverstone,89.729
45,13,0,35,52,Silverstone,89.687
46,12,2,44,52,Silverstone,89.635
47,19,2,42,52,Silverstone,89.591
48,5,1,33,52,Silverstone,89.404
49,14,1,37,52,Silverstone,89.39
50,6,0,34,52,Silverstone,89.467
51,6,1,41,52,Silverstone,89.531
52,17,0,44,52,Silverstone,90.106
1,5,1,41,52,Silverstone,103.641
2,16,1,33,52,Silverstone,94.766
3,10,1,44,52,Silverstone,94.286
4,14,1,34,52,Silverstone,93.599
5,7,1,41,52,Silverstone,93.139
6,16,2,38,52,Silverstone,93.671
7,3,0,43,52,Silverstone,93.084
8,13,0,40,52,Silverstone,93.227
9,12,1,35,52,Silverstone,93.118
10,12,2,30,52,Silverstone,92.539
11,6,1,40,52,Silverstone,93.023
12,7,1,36,52,Silverstone,92.213
13,3,2,42,52,Silverstone,112.748
14,11,2,44,52,Silverstone,92.098
15,5,1,33,52,Silverstone,92.34
16,6,0,32,52,Silverstone,92.396
17,11,2,34,52,Silverstone,91.755
18,18,0,36,52,Silverstone,92.892
19,4,0,30,52,Silverstone,93.027
20,17,2,38,52,Silverstone,126.997
21,3,1,41,52,Silverstone,126.018
22,16,2,34,52,Silverstone,116.846
23,9,0,37,52,Silverstone,121.702
24,11,2,39,52,Silverstone,94.839
25,11,2,30,52,Silverstone,93.389
26,11,2,41,52,Silverstone,92.89
27,14,1,40,52,Silverstone,92.098
28,19,2,38,52,Silverstone,92.015
29,17,1,41,52,Silverstone,91.926
30,9,0,35,52,Silverstone,91.78
31,18,2,41,52,Silverstone,91.74
32,19,0,44,52,Silverstone,91.704
33,15,1,44,52,Silverstone,91.311
34,7,0,41,52,Silverstone,91.02
35,5,2,36,52,Silverstone,90.979
36,19,1,44,52,Silverstone,90.935
37,1,1,40,52,Silverstone,91.312
38,2,1,30,52,Silverstone,91.767
39,15,0,31,52,Silverstone,90.448
40,15,2,42,52,Silverstone,90.902
41,6,1,38,52,Silverstone,90.861
42,14,0,31,52,Silverstone,90.632
43,4,1,35,52,Silverstone,91.086
44,1,0,34,52,Silverstone,90.429
45,14,1,36,52,Silverstone,90.052
46,17,1,39,52,Silverstone,90.57
47,15,2,35,52,Silverstone,90.361
48,2,0,39,52,Silverstone,90.336
49,3,0,38,52,Silverstone,90.406
50,16,0,34,52,Silverstone,90.088
51,18,2,44,52,Silverstone,89.91
52,16,1,40,52,Silverstone,90.261
1,4,0,33,52,Silverstone,104.462
2,18,1,38,52,Silverstone,95.036
3,2,1,40,52,Silverstone,94.376
4,1,2,33,52,Silverstone,94.58
5,3,1,33,52,Silverstone,93.621
6,17,2,41,52,Silverstone,93.648
7,19,1,38,52,Silverstone,94.095
8,15,2,38,52,Silverstone,93.921
9,12,1,32,52,Silverstone,94.315
10,9,1,44,52,Silverstone,93.891
11,7,0,31,52,Silverstone,93.999
12,11,2,33,52,Silverstone,93.536
13,5,1,40,52,Silverstone,93.702
14,9,1,39,52,Silverstone,93.801
15,15,1,42,52,Silverstone,94.757
16,2,1,30,52,Silverstone,94.63
17,4,2,39,52,Silverstone,93.32
18,5,2,33,52,Silverstone,93.657
19,16,2,30,52,Silverstone,95.063
20,19,1,34,52,Silverstone,128.167
21,16,2,32,52,Silverstone,126.769
22,16,2,34,52,Silverstone,123.122
23,18,1,33,52,Silverstone,113.238
24,13,1,35,52,Silverstone,95.743
25,19,2,37,52,Silverstone,94.217
26,9,0,33,52,Silverstone,93.235
27,7,0,40,52,Silverstone,92.96
28,17,2,44,52,Silverstone,93.143
29,16,0,40,52,Silverstone,93.074
30,9,1,42,52,Silverstone,92.975
31,2,2,38,52,Silverstone,92.914
32,10,2,35,52,Silverstone,92.84
33,10,0,39,52,Silverstone,92.791
34,13,0,38,52,Silverstone,92.053
35,6,2,32,52,Silverstone,91.988
36,1,2,32,52,Silverstone,92.994
37,5,0,42,52,Silverstone,92.803
38,14,1,41,52,Silverstone,92.365
39,13,2,42,52,Silverstone,92.617
40,18,0,39,52,Silverstone,92.413
41,13,0,31,52,Silverstone,93.586
42,19,1,38,52,Silverstone,92.062
43,13,2,44,52,Silverstone,91.997
44,13,2,37,52,Silverstone,91.758
45,12,0,35,52,Silverstone,91.737
46,9,1,37,52,Silverstone,92.267
47,8,0,42,52,Silverstone,93.14
48,2,0,31,52,Silverstone,91.834
49,5,0,44,52,Silverstone,91.683
50,5,2,35,52,Silverstone,91.013
51,15,2,33,52,Silverstone,91.95
1,9,1,39,52,Silverstone,105.665
2,17,2,31,52,Silverstone,95.258
3,11,1,35,52,Silverstone,95.087
4,4,0,34,52,Silverstone,94.89
5,6,0,40,52,Silverstone,94.469
6,5,0,39,52,Silverstone,94.282
7,17,1,34,52,Silverstone,94.675
8,5,0,36,52,Silverstone,94.079
9,6,2,33,52,Silverstone,94.151
10,9,1,39,52,Silverstone,94.105
11,3,0,39,52,Silverstone,93.711
12,18,2,41,52,Silverstone,94.005
13,6,1,30,52,Silverstone,93.799
14,1,2,40,52,Silverstone,94.394
15,15,1,40,52,Silverstone,94.118
16,9,0,39,52,Silverstone,95.221
17,9,2,30,52,Silverstone,94.666
18,19,1,36,52,Silverstone,94.104
19,2,2,38,52,Silverstone,94.342
20,14,0,38,52,Silverstone,128.267
21,3,0,34,52,Silverstone,143.526
22,1,1,42,52,Silverstone,101.215
23,19,2,34,52,Silverstone,112.064
24,4,0,36,52,Silverstone,96.611
25,15,2,34,52,Silverstone,94.981
26,5,2,39,52,Silverstone,93.877
27,4,2,44,52,Silverstone,93.462
28,8,0,38,52,Silverstone,93.264
29,10,0,38,52,Silverstone,92.883
30,13,2,40,52,Silverstone,92.723
31,9,1,43,52,Silverstone,92.97
32,13,0,38,52,Silverstone,92.917
33,8,2,37,52,Silverstone,92.872
34,2,2,42,52,Silverstone,92.229
35,18,0,44,52,Silverstone,92.261
36,11,2,37,52,Silverstone,92.55
37,9,1,31,52,Silverstone,92.803
38,1,1,44,52,Silverstone,92.557
39,18,0,35,52,Silverstone,92.596
40,11,1,33,52,Silverstone,93.055
41,14,2,42,52,Silverstone,93.068
42,1,2,33,52,Silverstone,92.508
43,1,1,42,52,Silverstone,92.668
44,14,2,44,52,Silverstone,92.543
45,6,1,37,52,Silverstone,94.006
46,10,1,35,52,Silverstone,92.734
47,4,0,37,52,Silverstone,92.087
48,5,0,35,52,Silverstone,92.01
49,13,1,35,52,Silverstone,93.164
50,10,2,44,52,Silverstone,91.509
51,2,2,30,52,Silverstone,93.637
1,17,1,40,52,Silverstone,129.704
2,3,1,31,52,Silverstone,124.009
3,14,1,33,52,Silverstone,97.851
4,7,0,33,52,Silverstone,94.35
5,5,0,32,52,Silverstone,94.711
6,5,1,31,52,Silverstone,94.696
7,5,1,37,52,Silverstone,94.458
8,5,0,44,52,Silverstone,94.953
9,11,2,36,52,Silverstone,102.949
1,16,2,39,52,Silverstone,159.14
2,14,1,44,52,Silverstone,124.944
3,11,1,34,52,Silverstone,109.883
4,7,2,30,52,Silverstone,93.954
5,4,0,34,52,Silverstone,93.425
6,8,1,34,52,Silverstone,96.152
1,7,0,32,53,Monza,86.573
2,9,0,30,53,Monza,85.194
3,5,0,35,53,Monza,84.954
4,9,0,32,53,Monza,84.949
5,15,1,31,53,Monza,84.907
6,9,1,30,53,Monza,84.9
7,1,2,31,53,Monza,85.062
8,19,0,30,53,Monza,85.024
9,7,1,30,53,Monza,84.987
10,15,0,40,53,Monza,85.01
11,10,1,37,53,Monza,84.926
12,6,1,31,53,Monza,84.682
13,14,1,39,53,Monza,84.907
14,15,0,33,53,Monza,84.975
15,14,1,39,53,Monza,84.938
16,10,0,30,53,Monza,84.896
17,2,1,30,53,Monza,84.935
18,6,0,43,53,Monza,84.9
19,4,1,43,53,Monza,85.289
20,7,2,42,53,Monza,88.847
21,2,0,34,53,Monza,104.216
22,1,2,42,53,Monza,84.499
23,17,0,32,53,Monza,84.659
24,1,0,39,53,Monza,84.121
25,16,0,34,53,Monza,84.497
26,6,2,34,53,Monza,83.532
27,11,1,40,53,Monza,83.858
28,16,1,36,53,Monza,83.739
29,2,2,32,53,Monza,99.724
30,18,2,40,53,Monza,83.848
31,1,0,40,53,Monza,107.237
32,10,2,37,53,Monza,83.865
33,15,2,35,53,Monza,84.076
34,9,0,36,53,Monza,83.614
35,13,1,33,53,Monza,83.779
36,9,0,40,53,Monza,84.046
37,1,2,37,53,Monza,84.023
38,4,0,32,53,Monza,83.705
39,7,1,40,53,Monza,83.402
40,2,0,36,53,Monza,83.777
41,17,2,43,53,Monza,83.295
42,15,1,43,53,Monza,83.723
43,13,1,37,53,Monza,83.27
44,8,1,39,53,Monza,83.273
45,11,0,38,53,Monza,83.331
46,13,2,44,53,Monza,83.349
47,9,1,43,53,Monza,83.009
48,12,2,33,53,Monza,83.205
49,4,2,37,53,Monza,83.166
50,11,0,44,53,Monza,83.679
51,6,0,39,53,Monza,83.145
52,12,1,35,53,Monza,83.426
53,10,0,38,53,Monza,83.722
1,7,0,43,53,Monza,87.298
2,1,0,36,53,Monza,85.433
3,18,2,33,53,Monza,85.0
4,17,2,32,53,Monza,85.151
5,15,2,32,53,Monza,85.234
6,15,0,33,53,Monza,84.713
7,18,0,30,53,Monza,84.915
8,7,1,39,53,Monza,84.892
9,2,1,37,53,Monza,85.122
10,5,0,42,53,Monza,84.857
11,6,1,33,53,Monza,84.999
12,19,1,44,53,Monza,84.814
13,18,1,43,53,Monza,85.021
14,14,2,35,53,Monza,85.156
15,5,1,37,53,Monza,84.972
16,7,1,41,53,Monza,84.769
17,6,2,30,53,Monza,84.888
18,19,2,44,53,Monza,85.041
19,13,0,43,53,Monza,89.456
20,8,1,34,53,Monza,103.243
21,5,0,41,53,Monza,84.723
22,1,1,31,53,Monza,84.196
23,3,0,30,53,Monza,84.924
24,4,0,41,53,Monza,84.258
25,5,0,42,53,Monza,84.22
26,6,0,41,53,Monza,83.915
27,9,1,33,53,Monza,83.724
28,5,0,35,53,Monza,83.834
29,17,1,43,53,Monza,99.524
30,11,1,30,53,Monza,84.425
31,13,2,38,53,Monza,106.845
32,19,2,36,53,Monza,83.592
33,4,2,44,53,Monza,84.164
34,6,2,32,53,Monza,83.711
35,2,1,36,53,Monza,83.659
36,13,0,35,53,Monza,84.127
37,7,2,43,53,Monza,84.027
38,17,2,41,53,Monza,83.51
39,7,1,31,53,Monza,83.756
40,13,1,43,53,Monza,83.891
41,12,2,40,53,Monza,83.36
42,16,2,33,53,Monza,86.028
43,3,0,42,53,Monza,83.813
44,7,2,44,53,Monza,83.961
45,8,1,34,53,Monza,83.574
46,11,2,37,53,Monza,83.796
47,5,1,42,53,Monza,84.125
48,2,2,43,53,Monza,84.101
49,4,1,32,53,Monza,88.687
50,2,1,31,53,Monza,104.537
51,10,2,38,53,Monza,81.779
52,4,0,42,53,Monza,84.122
53,11,0,35,53,Monza,85.982
1,6,2,38,53,Monza,88.001
2,4,2,34,53,Monza,85.586
3,3,0,38,53,Monza,85.135
4,10,0,34,53,Monza,85.158
5,11,1,35,53,Monza,85.315
6,15,1,35,53,Monza,84.999
7,17,2,40,53,Monza,85.063
8,4,1,42,53,Monza,85.21
9,16,1,39,53,Monza,84.941
10,11,1,42,53,Monza,84.642
11,18,0,36,53,Monza,84.818
12,7,0,40,53,Monza,84.973
13,12,2,33,53,Monza,84.971
14,5,1,39,53,Monza,85.193
15,2,2,35,53,Monza,85.284
16,11,0,30,53,Monza,85.069
17,19,1,30,53,Monza,84.673
18,17,0,40,53,Monza,84.915
19,6,2,44,53,Monza,84.989
20,17,2,32,53,Monza,85.014
21,6,0,40,53,Monza,85.128
22,8,1,33,53,Monza,84.929
23,10,0,38,53,Monza,84.847
24,15,0,36,53,Monza,84.97
25,7,1,32,53,Monza,85.115
26,7,1,37,53,Monza,85.199
27,15,1,32,53,Monza,89.671
28,14,0,32,53,Monza,103.415
29,19,2,36,53,Monza,98.335
30,7,0,31,53,Monza,82.896
31,15,0,38,53,Monza,106.262
32,18,2,36,53,Monza,84.019
33,4,2,31,53,Monza,83.537
34,17,0,41,53,Monza,83.651
35,6,0,44,53,Monza,83.494
36,8,1,39,53,Monza,83.115
37,10,1,32,53,Monza,83.371
38,13,1,34,53,Monza,83.179
39,5,2,41,53,Monza,83.173
40,19,1,38,53,Monza,83.316
41,9,0,41,53,Monza,83.016
42,2,1,43,53,Monza,83.378
43,5,0,31,53,Monza,83.011
44,14,1,30,53,Monza,82.974
45,10,0,32,53,Monza,83.078
46,2,2,35,53,Monza,83.874
47,2,1,34,53,Monza,82.859
48,9,0,43,53,Monza,83.137
49,6,1,32,53,Monza,83.07
50,9,1,40,53,Monza,82.971
51,7,1,44,53,Monza,83.816
52,18,0,40,53,Monza,82.961
53,3,1,35,53,Monza,83.784
1,14,0,42,53,Monza,89.232
2,8,0,36,53,Monza,86.92
3,9,1,40,53,Monza,86.026
4,4,0,37,53,Monza,86.031
5,13,2,37,53,Monza,86.743
6,7,1,34,53,Monza,86.331
7,12,2,33,53,Monza,86.09
8,16,1,43,53,Monza,86.133
9,19,2,33,53,Monza,86.024
10,8,0,32,53,Monza,85.934
11,15,1,34,53,Monza,85.681
12,19,2,39,53,Monza,85.713
13,17,1,44,53,Monza,85.721
14,19,0,39,53,Monza,85.806
15,15,0,35,53,Monza,85.671
16,10,1,33,53,Monza,85.539
17,1,2,41,53,Monza,85.565
18,7,1,34,53,Monza,85.79
19,18,1,44,53,Monza,85.585
20,13,0,43,53,Monza,85.563
21,1,1,41,53,Monza,85.797
22,15,2,37,53,Monza,85.93
23,13,0,31,53,Monza,87.736
24,12,2,32,53,Monza,85.965
25,11,0,41,53,Monza,85.862
26,10,2,36,53,Monza,85.758
27,18,0,42,53,Monza,85.726
28,2,1,36,53,Monza,87.756
29,3,0,39,53,Monza,103.757
30,10,0,31,53,Monza,120.021
31,19,2,44,53,Monza,93.766
32,15,2,37,53,Monza,85.18
33,13,1,31,53,Monza,85.322
34,8,0,39,53,Monza,85.185
35,4,0,35,53,Monza,84.757
36,17,1,36,53,Monza,84.768
37,6,1,30,53,Monza,84.891
38,18,1,32,53,Monza,84.73
39,9,2,40,53,Monza,84.291
40,6,0,44,53,Monza,84.361
41,10,2,31,53,Monza,84.351
42,10,2,37,53,Monza,84.093
43,8,0,40,53,Monza,83.813
44,16,0,31,53,Monza,83.878
45,2,2,32,53,Monza,83.943
46,1,1,40,53,Monza,84.018
47,13,1,33,53,Monza,84.007
48,11,0,39,53,Monza,84.132
49,11,2,39,53,Monza,84.061
50,6,1,37,53,Monza,83.835
51,5,0,31,53,Monza,83.742
52,18,0,39,53,Monza,83.659
53,5,1,43,53,Monza,83.641
1,19,0,43,53,Monza,89.463
2,14,2,36,53,Monza,85.527
3,16,1,39,53,Monza,85.122
4,6,0,40,53,Monza,84.93
5,14,2,32,53,Monza,85.118
6,17,1,40,53,Monza,111.038
7,4,0,44,53,Monza,114.863
8,12,0,42,53,Monza,85.412
9,15,1,37,53,Monza,85.085
10,11,2,44,53,Monza,84.982
11,7,1,44,53,Monza,84.854
12,13,1,30,53,Monza,89.446
13,9,0,44,53,Monza,112.766
14,15,0,42,53,Monza,85.07
15,7,1,34,53,Monza,85.179
16,12,0,44,53,Monza,85.088
17,15,2,41,53,Monza,85.61
18,19,0,38,53,Monza,84.924
19,17,1,42,53,Monza,84.857
20,7,0,34,53,Monza,84.793
21,5,1,33,53,Monza,85.883
22,13,1,33,53,Monza,85.508
23,11,2,43,53,Monza,85.308
24,11,0,30,53,Monza,85.692
25,13,1,41,53,Monza,84.773
26,5,1,44,53,Monza,84.719
27,5,2,34,53,Monza,84.786
28,12,2,33,53,Monza,101.176
29,4,2,44,53,Monza,85.18
30,15,2,42,53,Monza,108.076
31,18,1,30,53,Monza,85.647
32,8,0,38,53,Monza,87.703
33,14,2,44,53,Monza,85.32
34,10,0,39,53,Monza,84.603
35,3,2,42,53,Monza,86.686
36,19,2,39,53,Monza,84.383
37,16,2,30,53,Monza,84.343
38,4,1,38,53,Monza,84.549
39,5,2,32,53,Monza,84.982
40,11,2,42,53,Monza,85.743
41,10,1,36,53,Monza,89.492
42,7,2,37,53,Monza,104.643
43,19,0,38,53,Monza,83.454
44,14,1,39,53,Monza,84.031
45,18,0,34,53,Monza,83.307
46,13,1,38,53,Monza,83.587
47,15,0,32,53,Monza,83.302
48,17,1,40,53,Monza,83.255
49,12,1,32,53,Monza,83.025
50,18,2,41,53,Monza,82.799
51,5,0,44,53,Monza,82.958
52,12,1,41,53,Monza,82.912
1,4,0,38,53,Monza,90.436
2,15,1,36,53,Monza,86.483
3,10,0,40,53,Monza,86.108
4,3,1,41,53,Monza,85.549
5,12,2,31,53,Monza,85.345
6,5,2,37,53,Monza,86.246
7,3,1,43,53,Monza,86.043
8,15,0,33,53,Monza,85.887
9,8,0,42,53,Monza,85.907
10,9,2,36,53,Monza,85.695
11,4,1,41,53,Monza,85.686
12,16,2,38,53,Monza,85.705
13,12,0,43,53,Monza,85.558
14,9,0,43,53,Monza,85.509
15,3,0,39,53,Monza,85.536
16,14,1,40,53,Monza,85.426
17,13,0,36,53,Monza,85.498
18,3,1,42,53,Monza,85.327
19,15,2,32,53,Monza,85.803
20,8,1,37,53,Monza,85.538
21,18,0,37,53,Monza,85.451
22,18,2,38,53,Monza,85.427
23,16,1,38,53,Monza,85.381
24,14,1,36,53,Monza,85.47
25,7,1,37,53,Monza,85.654
26,17,1,36,53,Monza,87.263
27,5,2,41,53,Monza,85.396
28,12,2,35,53,Monza,85.763
29,16,2,37,53,Monza,100.158
30,15,1,43,53,Monza,90.457
31,18,1,33,53,Monza,116.981
32,16,1,43,53,Monza,84.432
33,6,1,44,53,Monza,85.111
34,8,2,35,53,Monza,85.368
35,6,1,32,53,Monza,85.034
36,19,2,31,53,Monza,85.193
37,18,0,43,53,Monza,85.039
38,1,2,30,53,Monza,84.904
39,4,0,43,53,Monza,85.012
40,14,0,37,53,Monza,84.864
41,18,1,41,53,Monza,84.765
42,11,2,42,53,Monza,84.667
43,12,2,36,53,Monza,84.635
44,17,1,43,53,Monza,84.223
45,17,1,30,53,Monza,84.504
46,9,0,31,53,Monza,85.363
47,8,1,41,53,Monza,84.158
48,16,1,41,53,Monza,83.524
49,10,2,33,53,Monza,83.803
50,14,1,32,53,Monza,83.919
51,19,1,38,53,Monza,83.948
52,6,1,35,53,Monza,83.562
53,3,2,33,53,Monza,83.466
1,10,0,36,53,Monza,91.372
2,10,2,37,53,Monza,86.502
3,11,1,34,53,Monza,86.248
4,3,0,38,53,Monza,86.101
5,12,2,30,53,Monza,86.05
6,13,1,44,53,Monza,99.281
7,13,0,35,53,Monza,86.753
8,9,0,30,53,Monza,86.441
9,6,1,34,53,Monza,86.362
10,5,1,33,53,Monza,86.084
11,7,0,38,53,Monza,86.703
12,7,2,43,53,Monza,86.451
13,7,2,44,53,Monza,86.869
14,19,2,41,53,Monza,86.872
15,11,2,38,53,Monza,91.28
16,17,2,42,53,Monza,101.299
17,16,2,43,53,Monza,86.183
18,18,0,32,53,Monza,86.007
19,8,1,30,53,Monza,86.24
20,7,1,43,53,Monza,86.09
21,8,2,36,53,Monza,85.949
22,6,0,37,53,Monza,90.487
23,12,1,38,53,Monza,105.004
24,11,1,44,53,Monza,85.416
25,3,1,33,53,Monza,84.887
26,9,1,43,53,Monza,84.589
27,6,2,33,53,Monza,84.725
28,4,1,38,53,Monza,101.666
29,2,2,33,53,Monza,84.522
30,8,0,34,53,Monza,109.239
31,12,0,39,53,Monza,84.165
32,9,1,34,53,Monza,84.346
33,11,0,44,53,Monza,84.374
34,4,0,41,53,Monza,84.341
35,13,2,34,53,Monza,84.284
36,19,0,36,53,Monza,84.348
37,3,0,38,53,Monza,84.29
38,19,1,41,53,Monza,84.412
39,5,1,34,53,Monza,84.225
40,12,2,43,53,Monza,84.463
41,3,2,42,53,Monza,87.82
42,2,0,38,53,Monza,86.899
43,16,1,38,53,Monza,84.758
44,2,2,31,53,Monza,84.466
45,10,2,40,53,Monza,84.542
46,2,1,43,53,Monza,84.45
47,14,2,38,53,Monza,84.612
48,12,0,44,53,Monza,84.671
49,4,1,39,53,Monza,84.855
50,1,1,41,53,Monza,84.552
51,12,2,31,53,Monza,84.623
52,18,1,35,53,Monza,84.614
1,13,0,36,53,Monza,91.738
2,5,1,40,53,Monza,86.935
3,14,2,43,53,Monza,87.6
4,6,0,38,53,Monza,85.858
5,10,0,35,53,Monza,85.728
6,9,0,35,53,Monza,86.85
7,2,1,30,53,Monza,85.745
8,10,2,37,53,Monza,85.828
9,6,1,39,53,Monza,86.042
10,6,1,43,53,Monza,85.637
11,16,1,30,53,Monza,85.879
12,2,1,38,53,Monza,86.004
13,19,1,39,53,Monza,85.841
14,2,2,35,53,Monza,85.944
15,6,1,39,53,Monza,86.235
16,19,1,32,53,Monza,85.862
17,6,2,35,53,Monza,86.043
18,6,1,34,53,Monza,86.19
19,12,2,35,53,Monza,86.081
20,8,2,39,53,Monza,86.342
21,3,1,30,53,Monza,86.314
22,3,0,39,53,Monza,86.116
23,14,0,31,53,Monza,86.123
24,6,2,32,53,Monza,85.955
25,16,2,41,53,Monza,86.068
26,18,1,44,53,Monza,86.046
27,10,0,38,53,Monza,90.422
1,18,2,42,53,Monza,92.337
2,19,2,32,53,Monza,86.843
3,12,0,34,53,Monza,89.103
4,14,1,36,53,Monza,86.238
5,9,0,40,53,Monza,86.252
6,16,2,34,53,Monza,88.691
7,2,1,40,53,Monza,86.249
8,3,1,34,53,Monza,86.492
9,13,2,37,53,Monza,86.011
10,7,1,37,53,Monza,85.555
11,13,2,32,53,Monza,85.724
12,10,1,43,53,Monza,85.387
13,12,2,39,53,Monza,85.6
14,18,2,36,53,Monza,85.846
15,5,1,44,53,Monza,85.212
16,4,2,44,53,Monza,85.594
17,15,2,35,53,Monza,85.625
18,12,1,40,53,Monza,85.958
19,10,1,34,53,Monza,85.528
20,12,1,37,53,Monza,85.761
21,4,0,41,53,Monza,85.977
22,16,0,36,53,Monza,85.978
23,9,1,36,53,Monza,86.101
24,17,0,39,53,Monza,85.886
25,2,1,39,53,Monza,86.278
26,11,1,42,53,Monza,90.275
27,5,2,38,53,Monza,110.751
28,17,1,44,53,Monza,102.644
29,4,1,43,53,Monza,85.364
30,15,1,39,53,Monza,103.888
31,3,0,44,53,Monza,89.542
32,7,1,42,53,Monza,84.714
33,16,1,40,53,Monza,84.411
34,18,2,32,53,Monza,84.396
35,11,2,34,53,Monza,83.948
36,10,0,36,53,Monza,83.969
37,5,1,38,53,Monza,83.861
38,11,2,36,53,Monza,83.77
39,11,0,43,53,Monza,83.867
40,10,1,44,53,Monza,83.61
41,7,0,43,53,Monza,83.596
42,4,2,31,53,Monza,83.672
43,15,1,40,53,Monza,83.52
44,13,2,36,53,Monza,83.435
45,9,2,31,53,Monza,83.364
46,16,0,42,53,Monza,83.39
47,9,1,40,53,Monza,83.466
48,2,1,31,53,Monza,83.804
49,5,2,43,53,Monza,83.756
50,8,2,31,53,Monza,83.803
51,5,2,38,53,Monza,83.6
52,18,1,31,53,Monza,83.654
53,3,1,32,53,Monza,83.684
1,19,2,40,53,Monza,92.702
2,5,1,37,53,Monza,87.258
3,5,1,38,53,Monza,87.15
4,12,2,42,53,Monza,86.073
5,12,1,32,53,Monza,85.903
6,5,1,35,53,Monza,88.212
7,1,1,36,53,Monza,85.907
8,1,1,41,53,Monza,85.769
9,8,0,40,53,Monza,85.911
10,19,0,33,53,Monza,86.052
11,11,1,38,53,Monza,86.148
12,5,1,42,53,Monza,86.126
13,18,1,39,53,Monza,86.038
14,4,1,39,53,Monza,86.491
15,7,1,34,53,Monza,87.033
16,18,0,34,53,Monza,86.55
17,17,1,39,53,Monza,86.099
18,14,2,37,53,Monza,86.292
19,7,2,39,53,Monza,86.107
20,14,0,34,53,Monza,86.212
21,18,1,36,53,Monza,90.616
22,1,2,33,53,Monza,107.197
23,6,1,36,53,Monza,85.94
24,5,0,39,53,Monza,85.544
25,11,0,43,53,Monza,85.327
26,18,2,44,53,Monza,85.365
27,8,2,38,53,Monza,85.477
28,9,2,44,53,Monza,101.727
29,5,0,40,53,Monza,86.591
30,9,1,44,53,Monza,103.787
31,2,0,35,53,Monza,90.151
32,7,0,30,53,Monza,85.1
33,8,0,40,53,Monza,86.813
34,18,2,36,53,Monza,84.824
35,4,0,39,53,Monza,84.843
36,5,1,44,53,Monza,84.913
37,1,1,31,53,Monza,85.01
38,10,1,35,53,Monza,85.925
39,12,2,32,53,Monza,85.12
40,8,1,31,53,Monza,84.674
41,15,2,32,53,Monza,85.597
42,7,0,33,53,Monza,84.68
43,18,0,38,53,Monza,84.631
44,14,1,35,53,Monza,84.503
45,5,2,31,53,Monza,84.759
46,16,2,42,53,Monza,84.847
47,16,1,43,53,Monza,84.597
48,14,2,38,53,Monza,84.581
49,14,0,36,53,Monza,84.933
50,6,2,36,53,Monza,84.549
51,4,2,44,53,Monza,84.819
52,13,0,44,53,Monza,88.1
1,18,0,33,53,Monza,93.363
2,10,0,44,53,Monza,87.354
3,15,2,39,53,Monza,86.926
4,9,2,30,53,Monza,86.242
5,12,1,35,53,Monza,86.45
6,16,1,37,53,Monza,88.303
7,16,1,37,53,Monza,86.476
8,12,1,43,53,Monza,88.385
9,4,0,41,53,Monza,87.726
10,17,2,39,53,Monza,86.791
11,17,0,41,53,Monza,87.387
12,17,2,43,53,Monza,87.161
13,5,0,37,53,Monza,86.775
14,16,2,39,53,Monza,86.562
15,11,1,31,53,Monza,86.469
16,18,2,31,53,Monza,86.225
17,19,2,40,53,Monza,86.322
18,2,0,39,53,Monza,86.377
19,10,1,33,53,Monza,86.287
20,6,1,31,53,Monza,91.215
21,3,1,33,53,Monza,105.229
22,1,1,33,53,Monza,85.305
23,8,1,37,53,Monza,85.54
24,7,1,37,53,Monza,85.747
25,15,0,38,53,Monza,85.261
26,17,0,34,53,Monza,85.535
27,13,0,30,53,Monza,85.484
28,1,0,44,53,Monza,102.337
29,15,1,33,53,Monza,85.406
30,3,1,33,53,Monza,107.053
31,5,1,35,53,Monza,90.114
32,10,0,44,53,Monza,85.249
33,12,1,36,53,Monza,85.568
34,1,0,38,53,Monza,94.772
35,17,2,38,53,Monza,105.637
36,3,2,30,53,Monza,84.496
37,19,2,36,53,Monza,84.908
38,9,1,33,53,Monza,84.443
39,7,0,43,53,Monza,84.972
40,11,0,40,53,Monza,84.899
41,9,2,34,53,Monza,85.431
42,17,1,44,53,Monza,85.411
43,3,1,33,53,Monza,92.919
1,11,2,30,53,Monza,93.839
2,2,2,39,53,Monza,87.262
3,19,2,36,53,Monza,87.708
4,11,1,43,53,Monza,86.331
5,19,1,37,53,Monza,86.412
6,9,1,34,53,Monza,88.3
7,7,2,34,53,Monza,86.374
8,11,1,44,53,Monza,87.591
9,14,0,38,53,Monza,85.931
10,19,2,38,53,Monza,86.005
11,12,0,33,53,Monza,85.996
12,6,0,38,53,Monza,85.899
13,8,1,43,53,Monza,85.968
14,16,1,32,53,Monza,86.087
15,19,1,33,53,Monza,85.836
16,11,0,33,53,Monza,85.936
17,5,2,38,53,Monza,86.045
18,7,2,36,53,Monza,86.046
19,12,1,36,53,Monza,85.772
20,13,1,31,53,Monza,86.101
21,10,2,31,53,Monza,86.062
22,5,2,42,53,Monza,85.993
23,13,2,33,53,Monza,85.789
24,4,2,31,53,Monza,86.01
25,9,2,34,53,Monza,85.949
26,12,0,41,53,Monza,86.038
27,9,1,30,53,Monza,86.188
28,13,2,37,53,Monza,98.338
29,11,0,40,53,Monza,106.391
1,6,2,43,53,Monza,94.659
2,16,1,32,53,Monza,88.801
3,6,2,44,53,Monza,88.233
4,18,2,32,53,Monza,88.618
5,9,2,33,53,Monza,88.747
6,10,1,44,53,Monza,89.079
7,17,1,41,53,Monza,89.061
8,10,2,40,53,Monza,88.457
9,19,2,33,53,Monza,88.93
10,15,1,37,53,Monza,89.432
11,19,2,31,53,Monza,88.305
12,16,1,41,53,Monza,87.788
13,10,1,43,53,Monza,87.997
14,12,0,31,53,Monza,87.748
15,15,1,33,53,Monza,87.907
16,17,0,39,53,Monza,88.537
17,15,0,35,53,Monza,87.826
18,14,1,36,53,Monza,87.628
19,9,0,33,53,Monza,87.707
20,13,0,30,53,Monza,87.43
21,4,1,36,53,Monza,87.284
22,4,2,41,53,Monza,87.307
23,9,0,39,53,Monza,87.42
24,3,0,34,53,Monza,87.61
25,17,1,41,53,Monza,87.101
26,13,0,38,53,Monza,87.512
27,18,2,33,53,Monza,87.552
28,13,1,35,53,Monza,102.817
29,3,1,41,53,Monza,92.89
30,9,1,43,53,Monza,128.219
31,16,1,41,53,Monza,86.113
32,6,0,40,53,Monza,88.323
33,9,0,36,53,Monza,86.287
34,5,1,34,53,Monza,86.741
35,3,0,40,53,Monza,87.617
36,9,0,43,53,Monza,87.053
37,4,2,44,53,Monza,86.92
38,7,1,36,53,Monza,86.709
39,11,2,38,53,Monza,86.717
40,10,1,31,53,Monza,87.613
41,4,2,34,53,Monza,86.169
42,6,1,38,53,Monza,87.245
43,14,1,42,53,Monza,86.1
44,1,1,35,53,Monza,99.222
45,17,1,37,53,Monza,105.306
46,12,1,40,53,Monza,85.367
47,19,0,43,53,Monza,84.989
48,2,1,39,53,Monza,85.261
49,16,0,37,53,Monza,85.603
50,8,2,37,53,Monza,85.01
51,9,2,36,53,Monza,85.017
1,1,1,44,53,Monza,94.82
2,14,1,42,53,Monza,87.44
3,12,1,42,53,Monza,87.313
4,15,1,36,53,Monza,87.121
5,7,1,37,53,Monza,86.515
6,4,2,41,53,Monza,94.294
7,15,2,35,53,Monza,87.838
8,9,1,39,53,Monza,87.868
9,13,0,33,53,Monza,86.593
10,2,1,33,53,Monza,86.083
11,12,2,32,53,Monza,86.331
12,6,2,34,53,Monza,85.695
13,2,2,37,53,Monza,86.329
14,1,1,35,53,Monza,86.505
15,12,1,32,53,Monza,86.575
16,1,2,39,53,Monza,86.055
17,9,1,43,53,Monza,86.155
18,6,0,41,53,Monza,87.272
19,14,0,33,53,Monza,86.253
20,8,0,43,53,Monza,86.089
21,3,1,37,53,Monza,86.109
22,10,0,35,53,Monza,86.284
23,17,2,35,53,Monza,86.311
24,3,0,36,53,Monza,86.042
25,4,1,35,53,Monza,85.933
26,2,2,44,53,Monza,85.954
27,17,0,44,53,Monza,85.731
28,16,2,36,53,Monza,102.204
29,1,2,35,53,Monza,105.04
30,2,2,43,53,Monza,107.14
31,4,2,37,53,Monza,87.411
32,2,0,44,53,Monza,86.072
33,8,1,43,53,Monza,85.004
34,9,0,34,53,Monza,85.211
35,12,1,35,53,Monza,84.879
36,11,1,39,53,Monza,84.564
37,15,2,36,53,Monza,84.564
38,5,1,40,53,Monza,84.609
39,2,1,39,53,Monza,84.579
40,18,1,41,53,Monza,84.649
41,17,2,30,53,Monza,84.508
42,18,2,38,53,Monza,84.485
43,3,0,36,53,Monza,84.558
44,1,1,33,53,Monza,84.47
45,19,1,32,53,Monza,84.528
46,17,0,43,53,Monza,84.309
47,11,0,40,53,Monza,84.317
48,15,2,32,53,Monza,87.694
49,15,2,30,53,Monza,84.423
50,8,1,37,53,Monza,84.268
51,16,0,39,53,Monza,83.885
52,1,2,36,53,Monza,84.025
1,15,0,37,53,Monza,95.318
2,17,0,39,53,Monza,88.634
3,11,2,36,53,Monza,88.19
4,9,0,38,53,Monza,89.196
5,15,2,32,53,Monza,89.715
6,1,0,43,53,Monza,89.352
7,11,0,30,53,Monza,88.102
8,10,2,30,53,Monza,87.933
9,2,1,40,53,Monza,88.485
10,6,0,39,53,Monza,86.844
11,9,2,36,53,Monza,88.076
12,18,2,39,53,Monza,86.58
13,11,2,38,53,Monza,87.045
14,13,1,41,53,Monza,86.899
15,15,0,40,53,Monza,87.121
16,12,1,34,53,Monza,86.909
17,9,2,39,53,Monza,86.613
18,9,2,36,53,Monza,86.961
19,12,1,38,53,Monza,86.841
20,9,1,32,53,Monza,87.134
21,5,2,43,53,Monza,86.925
22,5,0,42,53,Monza,86.425
23,10,1,35,53,Monza,90.435
24,16,2,38,53,Monza,105.502
25,12,1,33,53,Monza,86.739
26,12,1,35,53,Monza,85.312
27,7,0,30,53,Monza,85.235
28,14,1,31,53,Monza,101.669
29,12,2,34,53,Monza,85.928
30,17,0,31,53,Monza,108.162
31,9,0,40,53,Monza,85.559
32,1,2,40,53,Monza,88.183
33,10,1,44,53,Monza,87.199
34,19,1,43,53,Monza,86.569
35,1,1,35,53,Monza,85.3
36,10,2,40,53,Monza,84.991
37,8,0,35,53,Monza,85.291
38,5,2,40,53,Monza,85.071
39,15,0,35,53,Monza,85.057
40,19,1,37,53,Monza,84.934
41,7,0,30,53,Monza,84.876
42,16,2,38,53,Monza,85.032
43,4,2,41,53,Monza,85.24
44,17,0,38,53,Monza,84.974
45,4,1,32,53,Monza,85.308
46,17,1,39,53,Monza,85.197
47,1,2,36,53,Monza,87.134
48,13,1,30,53,Monza,85.45
49,12,0,36,53,Monza,85.741
50,16,2,34,53,Monza,85.393
51,10,2,43,53,Monza,84.842
52,6,2,32,53,Monza,85.814
1,19,2,40,53,Monza,95.756
2,6,1,44,53,Monza,88.943
3,17,1,37,53,Monza,88.722
4,5,2,31,53,Monza,88.378
5,9,1,41,53,Monza,87.653
6,19,0,42,53,Monza,87.51
7,16,0,43,53,Monza,100.634
8,11,1,30,53,Monza,109.76
9,7,2,42,53,Monza,86.366
10,9,0,32,53,Monza,86.394
11,12,2,44,53,Monza,86.225
12,6,1,43,53,Monza,86.465
13,10,2,38,53,Monza,87.981
14,15,2,40,53,Monza,86.735
15,1,2,39,53,Monza,86.948
16,10,2,35,53,Monza,86.396
17,3,1,44,53,Monza,86.583
18,11,1,34,53,Monza,86.813
19,11,2,41,53,Monza,91.098
20,4,2,44,53,Monza,86.73
21,4,2,38,53,Monza,86.602
22,15,2,43,53,Monza,86.445
23,8,1,31,53,Monza,87.526
24,12,1,38,53,Monza,86.829
25,18,0,43,53,Monza,87.126
26,19,0,33,53,Monza,86.735
27,13,0,42,53,Monza,89.458
28,7,1,40,53,Monza,100.815
29,10,1,44,53,Monza,95.178
30,1,2,44,53,Monza,117.856
31,6,2,32,53,Monza,84.985
32,13,1,37,53,Monza,85.435
33,16,0,35,53,Monza,85.437
34,15,0,30,53,Monza,85.411
35,5,0,44,53,Monza,86.383
36,5,2,39,53,Monza,87.702
37,19,1,30,53,Monza,86.213
38,3,0,35,53,Monza,87.249
39,10,2,36,53,Monza,86.364
40,19,2,39,53,Monza,87.788
41,5,1,38,53,Monza,85.873
42,7,2,39,53,Monza,87.306
43,3,1,39,53,Monza,86.005
44,13,1,31,53,Monza,85.389
45,9,1,35,53,Monza,85.473
46,19,1,34,53,Monza,85.203
47,15,1,32,53,Monza,88.124
48,14,2,33,53,Monza,85.43
49,19,0,32,53,Monza,85.145
50,11,0,37,53,Monza,85.514
51,4,2,39,53,Monza,85.831
52,2,1,41,53,Monza,86.52
1,11,1,38,53,Monza,96.2
2,16,0,43,53,Monza,88.982
3,4,0,32,53,Monza,87.504
4,15,1,39,53,Monza,88.126
5,4,1,30,53,Monza,86.524
6,3,0,40,53,Monza,87.29
7,17,1,32,53,Monza,85.606
8,13,2,34,53,Monza,85.718
9,2,1,35,53,Monza,86.187
10,3,1,31,53,Monza,86.563
11,14,1,43,53,Monza,87.438
12,10,1,44,53,Monza,87.376
13,14,0,36,53,Monza,86.839
14,14,1,39,53,Monza,86.626
15,3,1,39,53,Monza,86.229
16,9,1,44,53,Monza,86.216
17,19,0,31,53,Monza,86.499
18,8,1,38,53,Monza,86.162
19,9,1,35,53,Monza,86.136
20,1,0,34,53,Monza,87.306
21,15,0,33,53,Monza,86.197
22,19,2,30,53,Monza,86.096
23,5,1,39,53,Monza,86.583
24,9,1,42,53,Monza,85.822
25,12,1,39,53,Monza,85.835
26,1,0,36,53,Monza,85.81
27,6,2,40,53,Monza,85.615
28,19,0,35,53,Monza,101.911
29,4,1,33,53,Monza,105.59
30,8,1,36,53,Monza,108.25
31,12,2,39,53,Monza,85.708
32,14,0,30,53,Monza,84.251
33,13,1,38,53,Monza,84.133
34,5,0,32,53,Monza,84.101
35,5,2,43,53,Monza,83.77
36,11,1,36,53,Monza,84.106
37,4,1,31,53,Monza,84.515
38,12,0,37,53,Monza,84.082
39,5,1,35,53,Monza,84.29
40,7,0,40,53,Monza,84.23
41,4,1,34,53,Monza,84.031
42,10,1,39,53,Monza,84.097
43,9,2,43,53,Monza,84.007
44,6,1,33,53,Monza,83.984
45,18,1,41,53,Monza,84.781
46,16,1,36,53,Monza,84.784
47,8,1,39,53,Monza,84.035
48,9,2,31,53,Monza,84.014
49,6,0,32,53,Monza,83.971
50,10,2,38,53,Monza,84.089
51,7,1,41,53,Monza,83.917
52,18,2,41,53,Monza,84.105
53,18,2,36,53,Monza,84.23
1,11,1,35,53,Monza,96.586
2,2,2,44,53,Monza,89.069
3,14,1,32,53,Monza,88.408
4,8,1,34,53,Monza,88.173
5,14,1,34,53,Monza,88.004
6,18,2,37,53,Monza,87.996
7,12,2,44,53,Monza,87.731
8,16,0,35,53,Monza,86.333
9,10,1,31,53,Monza,86.309
10,2,2,34,53,Monza,86.282
11,11,1,43,53,Monza,86.307
12,3,0,44,53,Monza,85.953
13,13,0,32,53,Monza,85.91
14,6,0,38,53,Monza,86.391
15,1,2,41,53,Monza,86.47
16,9,0,43,53,Monza,86.046
17,11,1,44,53,Monza,86.102
18,13,2,34,53,Monza,86.181
19,2,0,41,53,Monza,85.877
20,4,0,40,53,Monza,85.976
21,15,1,34,53,Monza,86.641
22,15,0,31,53,Monza,87.422
23,17,1,44,53,Monza,90.637
24,6,1,31,53,Monza,105.832
25,11,1,44,53,Monza,85.082
26,3,2,41,53,Monza,84.921
27,6,1,40,53,Monza,85.079
28,8,0,31,53,Monza,101.443
29,7,0,41,53,Monza,84.696
30,17,1,38,53,Monza,107.664
31,5,2,43,53,Monza,86.986
32,5,1,44,53,Monza,85.274
33,2,1,32,53,Monza,85.434
34,10,1,41,53,Monza,84.589
35,17,1,37,53,Monza,85.595
36,8,0,35,53,Monza,84.76
37,6,1,30,53,Monza,84.38
38,3,2,38,53,Monza,84.373
39,4,0,39,53,Monza,84.712
40,6,1,39,53,Monza,84.514
41,16,1,33,53,Monza,84.5
42,7,1,40,53,Monza,84.485
43,10,2,36,53,Monza,84.265
44,11,1,44,53,Monza,84.095
45,8,0,37,53,Monza,84.427
46,2,0,35,53,Monza,84.359
47,11,1,33,53,Monza,84.238
48,16,1,38,53,Monza,84.392
49,14,0,39,53,Monza,84.379
50,15,1,41,53,Monza,87.441
51,13,0,39,53,Monza,84.322
52,6,0,33,53,Monza,84.044
1,16,2,40,53,Monza,97.442
2,14,2,36,53,Monza,88.92
3,12,0,36,53,Monza,87.777
4,12,1,40,53,Monza,88.612
5,6,2,43,53,Monza,88.658
6,18,0,44,53,Monza,87.787
7,3,1,33,53,Monza,88.554
8,18,0,42,53,Monza,88.326
9,19,0,43,53,Monza,86.205
10,15,2,32,53,Monza,86.406
11,4,1,35,53,Monza,86.825
12,13,0,40,53,Monza,86.243
13,13,0,40,53,Monza,86.672
14,14,1,43,53,Monza,86.477
15,2,2,44,53,Monza,87.418
16,15,1,43,53,Monza,86.451
17,13,1,34,53,Monza,86.51
18,2,0,31,53,Monza,86.831
19,4,0,38,53,Monza,91.093
20,14,2,40,53,Monza,114.85
21,13,2,43,53,Monza,87.889
22,8,1,32,53,Monza,86.828
23,18,2,44,53,Monza,86.911
24,8,2,37,53,Monza,86.516
25,6,1,30,53,Monza,86.439
26,16,1,32,53,Monza,90.552
27,18,2,37,53,Monza,114.053
28,8,0,38,53,Monza,92.156
29,5,2,41,53,Monza,92.525
30,15,1,38,53,Monza,101.557
31,3,0,35,53,Monza,84.863
32,1,0,43,53,Monza,85.221
33,7,2,38,53,Monza,86.332
34,6,1,41,53,Monza,86.628
35,14,0,33,53,Monza,85.868
36,18,1,37,53,Monza,85.888
37,18,2,42,53,Monza,85.744
38,9,1,40,53,Monza,85.728
39,1,2,43,53,Monza,85.374
40,10,2,41,53,Monza,85.338
41,5,1,40,53,Monza,85.293
42,5,2,43,53,Monza,84.958
43,8,1,38,53,Monza,85.048
44,13,0,34,53,Monza,85.266
45,16,1,41,53,Monza,84.642
46,16,1,34,53,Monza,84.588
47,15,2,36,53,Monza,86.637
48,3,1,32,53,Monza,85.725
49,8,1,38,53,Monza,84.483
50,18,1,42,53,Monza,85.233
51,7,1,39,53,Monza,85.106
52,16,1,40,53,Monza,84.419
1,3,0,32,53,Monza,101.132
2,2,2,36,53,Monza,111.395
3,12,1,36,53,Monza,84.532
4,6,1,43,53,Monza,84.662
5,1,2,31,53,Monza,84.579
6,7,0,31,53,Monza,85.029
7,9,2,31,53,Monza,84.798
8,19,0,31,53,Monza,85.019
9,5,0,44,53,Monza,85.075
10,18,1,40,53,Monza,86.396
11,18,2,33,53,Monza,86.283
12,5,0,37,53,Monza,84.988
13,10,1,35,53,Monza,85.412
14,18,2,37,53,Monza,85.809
15,7,0,30,53,Monza,85.126
16,11,0,32,53,Monza,84.852
17,19,2,42,53,Monza,85.016
18,10,2,31,53,Monza,85.153
19,7,2,40,53,Monza,85.508
20,13,1,38,53,Monza,85.997
21,5,0,30,53,Monza,86.456
22,8,1,43,53,Monza,85.579
23,11,1,32,53,Monza,86.192
24,2,1,43,53,Monza,86.178
25,8,2,31,53,Monza,85.723
26,5,0,35,53,Monza,86.236
27,1,0,38,53,Monza,89.988
28,15,2,35,53,Monza,121.95
29,12,1,37,53,Monza,84.413
30,10,2,35,53,Monza,106.978
31,15,1,40,53,Monza,86.95
32,18,1,41,53,Monza,84.896
33,13,1,41,53,Monza,85.413
34,2,1,37,53,Monza,84.447
35,15,1,44,53,Monza,83.338
36,3,1,41,53,Monza,83.437
37,7,1,41,53,Monza,83.414
38,12,1,39,53,Monza,83.569
39,12,2,37,53,Monza,83.407
40,12,2,44,53,Monza,83.859
41,18,1,31,53,Monza,83.143
42,11,2,36,53,Monza,83.446
43,15,2,37,53,Monza,83.607
44,1,2,37,53,Monza,83.552
45,8,1,39,53,Monza,84.786
46,10,1,44,53,Monza,84.881
47,8,2,34,53,Monza,84.104
48,9,1,38,53,Monza,84.177
49,4,1,38,53,Monza,84.037
50,9,2,43,53,Monza,83.988
51,2,1,31,53,Monza,83.756
52,8,1,43,53,Monza,84.121
53,2,0,36,53,Monza,84.375
1,18,0,30,52,Silverstone,94.01
2,6,0,38,52,Silverstone,126.445
3,17,2,43,52,Silverstone,151.201
4,12,1,39,52,Silverstone,152.874
5,9,2,32,52,Silverstone,138.933
6,5,1,31,52,Silverstone,90.533
7,3,2,30,52,Silverstone,91.143
8,16,2,44,52,Silverstone,90.943
9,19,1,32,52,Silverstone,90.868
10,11,1,35,52,Silverstone,90.838
11,17,0,44,52,Silverstone,90.903
12,18,1,43,52,Silverstone,90.705
13,16,1,42,52,Silverstone,125.834
14,12,0,35,52,Silverstone,167.254
15,14,0,35,52,Silverstone,151.637
16,1,1,32,52,Silverstone,158.09
17,9,0,43,52,Silverstone,154.082
18,8,0,38,52,Silverstone,142.988
19,4,1,43,52,Silverstone,90.534
20,8,1,38,52,Silverstone,90.371
21,14,0,37,52,Silverstone,90.188
22,12,2,43,52,Silverstone,90.324
23,3,0,37,52,Silverstone,89.812
24,19,2,44,52,Silverstone,90.127
25,4,1,44,52,Silverstone,89.944
26,9,1,35,52,Silverstone,90.162
27,15,1,43,52,Silverstone,90.312
28,3,0,39,52,Silverstone,90.266
29,19,0,38,52,Silverstone,90.079
30,13,2,43,52,Silverstone,89.712
31,14,2,35,52,Silverstone,89.66
32,4,0,35,52,Silverstone,89.995
33,2,0,33,52,Silverstone,89.326
34,5,0,44,52,Silverstone,89.321
35,13,0,43,52,Silverstone,89.693
36,15,0,31,52,Silverstone,89.688
37,19,1,39,52,Silverstone,89.663
38,6,2,37,52,Silverstone,89.553
39,4,0,41,52,Silverstone,89.762
40,18,0,36,52,Silverstone,89.282
41,15,1,44,52,Silverstone,89.254
42,16,1,44,52,Silverstone,89.269
43,13,0,36,52,Silverstone,89.525
44,12,1,42,52,Silverstone,89.364
45,16,1,31,52,Silverstone,89.238
46,9,1,43,52,Silverstone,89.432
47,6,1,43,52,Silverstone,89.455
48,15,0,31,52,Silverstone,89.821
49,4,2,43,52,Silverstone,90.12
50,8,2,36,52,Silverstone,91.081
51,10,2,30,52,Silverstone,92.185
52,16,2,36,52,Silverstone,115.484
1,6,1,43,52,Silverstone,95.364
2,18,1,37,52,Silverstone,126.276
3,16,1,37,52,Silverstone,150.518
4,1,1,33,52,Silverstone,153.304
5,6,0,42,52,Silverstone,138.71
6,10,1,44,52,Silverstone,90.858
7,13,0,30,52,Silverstone,91.622
8,10,0,39,52,Silverstone,90.961
9,15,1,38,52,Silverstone,91.039
10,1,2,44,52,Silverstone,90.883
11,11,0,41,52,Silverstone,90.518
12,6,2,43,52,Silverstone,90.968
13,7,0,36,52,Silverstone,128.489
14,3,2,39,52,Silverstone,164.825
15,16,1,31,52,Silverstone,152.049
16,13,0,33,52,Silverstone,157.114
17,9,1,31,52,Silverstone,154.13
18,15,1,30,52,Silverstone,142.431
19,3,2,40,52,Silverstone,90.959
20,10,0,33,52,Silverstone,90.392
21,8,0,42,52,Silverstone,90.415
22,9,1,42,52,Silverstone,90.058
23,8,1,43,52,Silverstone,89.988
24,4,1,32,52,Silverstone,90.506
25,15,1,40,52,Silverstone,90.232
26,10,1,43,52,Silverstone,90.444
27,9,1,35,52,Silverstone,90.164
28,6,0,32,52,Silverstone,89.764
29,3,0,31,52,Silverstone,89.944
30,5,1,31,52,Silverstone,89.934
31,8,2,44,52,Silverstone,89.719
32,12,1,32,52,Silverstone,89.617
33,11,1,41,52,Silverstone,89.579
34,4,1,40,52,Silverstone,89.608
35,11,1,42,52,Silverstone,89.463
36,11,1,40,52,Silverstone,89.765
37,7,0,34,52,Silverstone,89.881
38,6,1,38,52,Silverstone,89.508
39,18,1,39,52,Silverstone,89.907
40,11,0,39,52,Silverstone,89.892
41,8,0,44,52,Silverstone,89.265
42,12,1,38,52,Silverstone,89.296
43,5,2,37,52,Silverstone,89.723
44,16,2,38,52,Silverstone,89.78
45,16,2,37,52,Silverstone,89.739
46,5,1,31,52,Silverstone,90.164
47,7,0,35,52,Silverstone,90.271
48,5,1,43,52,Silverstone,91.797
49,17,1,31,52,Silverstone,91.051
50,3,2,30,52,Silverstone,126.242
51,13,1,43,52,Silverstone,116.238
52,9,1,30,52,Silverstone,90.086
1,15,1,31,52,Silverstone,96.913
2,14,0,36,52,Silverstone,126.326
3,7,1,35,52,Silverstone,150.222
4,5,2,37,52,Silverstone,152.997
5,4,2,41,52,Silverstone,138.752
6,10,0,41,52,Silverstone,91.959
7,1,2,39,52,Silverstone,92.018
8,1,1,38,52,Silverstone,91.374
9,9,2,43,52,Silverstone,91.46
10,15,2,39,52,Silverstone,91.143
11,1,0,33,52,Silverstone,91.204
12,8,1,39,52,Silverstone,91.181
13,17,2,40,52,Silverstone,128.84
14,14,0,35,52,Silverstone,161.018
15,16,1,37,52,Silverstone,151.865
16,6,2,44,52,Silverstone,157.513
17,12,0,31,52,Silverstone,154.095
18,5,2,37,52,Silverstone,141.921
19,3,0,37,52,Silverstone,92.334
20,12,0,44,52,Silverstone,91.096
21,3,1,41,52,Silverstone,90.83
22,12,0,42,52,Silverstone,90.503
23,3,0,44,52,Silverstone,90.746
24,13,2,41,52,Silverstone,91.03
25,11,1,40,52,Silverstone,90.376
26,5,2,32,52,Silverstone,90.415
27,14,2,38,52,Silverstone,90.617
28,1,0,44,52,Silverstone,90.447
29,8,0,31,52,Silverstone,90.633
30,2,0,32,52,Silverstone,90.417
31,15,1,42,52,Silverstone,89.986
32,14,1,35,52,Silverstone,90.101
33,5,0,34,52,Silverstone,89.801
34,13,0,31,52,Silverstone,89.783
35,9,2,35,52,Silverstone,90.18
36,5,1,33,52,Silverstone,89.917
37,18,2,42,52,Silverstone,90.065
38,12,1,31,52,Silverstone,90.24
39,4,1,39,52,Silverstone,90.005
40,19,1,39,52,Silverstone,89.985
41,7,2,30,52,Silverstone,89.07
42,5,2,35,52,Silverstone,89.389
43,15,1,35,52,Silverstone,89.819
44,13,1,40,52,Silverstone,89.671
45,2,1,33,52,Silverstone,89.355
46,6,0,30,52,Silverstone,90.046
47,5,0,33,52,Silverstone,89.728
48,15,0,41,52,Silverstone,89.572
49,10,0,32,52,Silverstone,89.675
50,13,2,35,52,Silverstone,91.697
51,18,2,41,52,Silverstone,111.712
52,16,1,41,52,Silverstone,87.097
1,1,0,32,52,Silverstone,97.904
2,6,2,43,52,Silverstone,127.127
3,9,2,34,52,Silverstone,149.468
4,5,0,37,52,Silverstone,153.312
5,4,0,43,52,Silverstone,138.18
6,8,1,39,52,Silverstone,93.695
7,13,1,33,52,Silverstone,92.95
8,13,2,40,52,Silverstone,92.248
9,3,0,32,52,Silverstone,92.519
10,17,1,32,52,Silverstone,92.319
11,16,2,34,52,Silverstone,92.183
12,11,2,35,52,Silverstone,97.226
13,14,0,33,52,Silverstone,126.304
14,15,0,35,52,Silverstone,151.564
15,14,2,42,52,Silverstone,151.323
16,5,0,42,52,Silverstone,157.849
17,12,0,43,52,Silverstone,154.156
18,19,1,42,52,Silverstone,141.492
19,15,2,35,52,Silverstone,93.614
20,10,0,34,52,Silverstone,92.336
21,18,0,44,52,Silverstone,91.866
22,2,2,33,52,Silverstone,91.418
23,9,2,30,52,Silverstone,91.547
24,17,0,41,52,Silverstone,91.897
25,10,1,43,52,Silverstone,91.421
26,6,0,39,52,Silverstone,91.463
27,12,2,32,52,Silverstone,91.589
28,7,1,41,52,Silverstone,91.378
29,8,0,41,52,Silverstone,91.448
30,2,1,34,52,Silverstone,91.322
31,3,2,42,52,Silverstone,91.644
32,5,0,43,52,Silverstone,91.249
33,6,1,37,52,Silverstone,91.201
34,2,1,43,52,Silverstone,91.007
35,12,2,31,52,Silverstone,91.807
36,10,0,37,52,Silverstone,91.194
37,11,1,44,52,Silverstone,90.93
38,5,2,42,52,Silverstone,90.79
39,19,2,32,52,Silverstone,90.46
40,15,2,36,52,Silverstone,90.596
41,11,0,35,52,Silverstone,90.104
42,18,1,44,52,Silverstone,90.219
43,16,1,42,52,Silverstone,90.512
44,15,2,42,52,Silverstone,90.312
45,9,1,40,52,Silverstone,90.196
46,18,0,42,52,Silverstone,89.981
47,3,1,32,52,Silverstone,90.068
48,3,0,39,52,Silverstone,90.84
49,12,2,36,52,Silverstone,89.813
50,15,1,33,52,Silverstone,90.763
51,5,1,43,52,Silverstone,90.447
52,17,2,33,52,Silverstone,92.506
1,18,2,36,52,Silverstone,98.652
2,5,1,40,52,Silverstone,128.406
3,18,1,40,52,Silverstone,148.577
4,6,0,31,52,Silverstone,154.053
5,10,1,42,52,Silverstone,136.516
6,12,0,34,52,Silverstone,93.674
7,3,0,35,52,Silverstone,93.699
8,13,0,44,52,Silverstone,92.917
9,7,2,30,52,Silverstone,93.016
10,17,2,39,52,Silverstone,92.878
11,19,1,35,52,Silverstone,92.626
12,10,1,33,52,Silverstone,100.877
13,8,1,44,52,Silverstone,124.935
14,15,1,35,52,Silverstone,148.662
15,8,0,34,52,Silverstone,152.401
16,14,1,43,52,Silverstone,158.851
17,14,0,33,52,Silverstone,153.173
18,15,1,36,52,Silverstone,138.326
19,9,2,38,52,Silverstone,94.463
20,8,0,38,52,Silverstone,92.682
21,8,1,37,52,Silverstone,92.49
22,5,2,40,52,Silverstone,91.859
23,1,1,31,52,Silverstone,92.458
24,4,0,44,52,Silverstone,91.967
25,6,2,41,52,Silverstone,91.898
26,4,1,33,52,Silverstone,91.934
27,1,0,32,52,Silverstone,91.616
28,6,2,35,52,Silverstone,91.838
29,2,1,30,52,Silverstone,91.563
30,13,1,34,52,Silverstone,91.495
31,18,1,39,52,Silverstone,91.392
32,19,1,34,52,Silverstone,91.174
33,12,1,38,52,Silverstone,91.177
34,16,0,43,52,Silverstone,91.149
35,3,1,36,52,Silverstone,91.317
36,10,1,37,52,Silverstone,90.994
37,13,0,42,52,Silverstone,90.784
38,8,2,42,52,Silverstone,90.531
39,12,1,34,52,Silverstone,90.577
40,19,1,42,52,Silverstone,90.38
41,4,0,44,52,Silverstone,90.185
42,14,1,38,52,Silverstone,90.236
43,14,2,36,52,Silverstone,90.619
44,2,1,31,52,Silverstone,90.4
45,11,1,38,52,Silverstone,90.012
46,17,0,43,52,Silverstone,90.363
47,16,1,44,52,Silverstone,89.948
48,4,0,40,52,Silverstone,90.098
49,11,1,31,52,Silverstone,90.045
50,6,1,43,52,Silverstone,90.287
51,5,1,42,52,Silverstone,97.06
52,4,0,44,52,Silverstone,117.423
1,8,0,30,52,Silverstone,99.264
2,17,1,35,52,Silverstone,128.887
3,15,1,32,52,Silverstone,148.982
4,12,2,40,52,Silverstone,155.09
5,10,0,36,52,Silverstone,134.328
6,14,1,42,52,Silverstone,94.179
7,8,2,39,52,Silverstone,94.135
8,18,1,38,52,Silverstone,93.025
9,6,2,35,52,Silverstone,93.183
10,15,2,36,52,Silverstone,93.062
11,2,0,40,52,Silverstone,92.789
12,13,2,37,52,Silverstone,98.651
13,9,0,42,52,Silverstone,146.815
14,11,2,31,52,Silverstone,128.688
15,3,1,35,52,Silverstone,151.761
16,3,0,32,52,Silverstone,159.267
17,8,1,44,52,Silverstone,152.813
18,17,1,39,52,Silverstone,137.817
19,11,2,37,52,Silverstone,95.36
20,7,2,33,52,Silverstone,93.359
21,16,2,36,52,Silverstone,92.56
22,6,0,32,52,Silverstone,92.125
23,8,0,34,52,Silverstone,92.44
24,10,2,31,52,Silverstone,92.182
25,6,0,31,52,Silverstone,92.618
26,7,1,30,52,Silverstone,92.433
27,10,1,36,52,Silverstone,91.952
28,9,1,31,52,Silverstone,91.851
29,14,2,31,52,Silverstone,91.681
30,13,1,40,52,Silverstone,91.454
31,14,1,33,52,Silverstone,91.31
32,15,2,39,52,Silverstone,91.56
33,4,1,30,52,Silverstone,91.035
34,10,2,41,52,Silverstone,91.139
35,13,1,33,52,Silverstone,91.473
36,2,2,41,52,Silverstone,90.749
37,12,0,36,52,Silverstone,90.603
38,17,2,39,52,Silverstone,90.353
39,18,0,30,52,Silverstone,90.179
40,4,0,33,52,Silverstone,90.161
41,17,1,33,52,Silverstone,89.95
42,18,2,31,52,Silverstone,90.062
43,14,1,41,52,Silverstone,90.53
44,6,1,37,52,Silverstone,90.119
45,18,2,35,52,Silverstone,89.973
46,1,1,44,52,Silverstone,90.077
47,12,2,34,52,Silverstone,90.015
48,7,1,41,52,Silverstone,90.005
49,18,1,30,52,Silverstone,89.482
50,3,1,36,52,Silverstone,89.858
51,9,0,39,52,Silverstone,89.783
52,2,1,31,52,Silverstone,89.766
1,16,1,43,52,Silverstone,99.921
2,13,0,42,52,Silverstone,129.723
3,18,2,35,52,Silverstone,149.223
4,19,0,36,52,Silverstone,154.623
5,17,1,41,52,Silverstone,133.298
6,12,2,36,52,Silverstone,94.741
7,8,1,44,52,Silverstone,94.278
8,18,1,44,52,Silverstone,93.053
9,10,1,30,52,Silverstone,93.414
10,16,1,37,52,Silverstone,93.164
11,4,1,30,52,Silverstone,92.759
12,3,0,34,52,Silverstone,99.733
13,7,1,35,52,Silverstone,146.132
14,4,2,44,52,Silverstone,128.388
15,3,1,38,52,Silverstone,151.245
16,1,2,33,52,Silverstone,159.804
17,8,1,39,52,Silverstone,152.555
18,10,1,34,52,Silverstone,136.924
19,2,2,36,52,Silverstone,94.515
20,19,0,39,52,Silverstone,93.129
21,3,0,42,52,Silverstone,92.513
22,16,0,31,52,Silverstone,92.152
23,8,1,40,52,Silverstone,92.597
24,10,0,39,52,Silverstone,92.042
25,2,2,32,52,Silverstone,92.065
26,18,2,44,52,Silverstone,92.075
27,1,1,41,52,Silverstone,92.107
28,10,1,41,52,Silverstone,91.646
29,3,1,43,52,Silverstone,91.481
30,6,2,39,52,Silverstone,91.648
31,1,0,34,52,Silverstone,91.436
32,2,2,43,52,Silverstone,91.343
33,1,2,39,52,Silverstone,91.262
34,15,2,43,52,Silverstone,90.975
35,12,2,44,52,Silverstone,91.281
36,15,1,41,52,Silverstone,90.854
37,13,0,42,52,Silverstone,90.6
38,5,0,37,52,Silverstone,90.427
39,19,1,35,52,Silverstone,90.347
40,4,0,30,52,Silverstone,90.516
41,16,1,43,52,Silverstone,90.058
42,12,2,42,52,Silverstone,90.177
43,19,2,43,52,Silverstone,90.209
44,7,1,35,52,Silverstone,90.244
45,2,2,42,52,Silverstone,90.096
46,10,1,42,52,Silverstone,90.291
47,10,1,34,52,Silverstone,90.166
48,17,1,41,52,Silverstone,90.058
49,16,2,31,52,Silverstone,91.173
50,7,2,38,52,Silverstone,90.578
51,7,1,43,52,Silverstone,90.379
52,11,0,30,52,Silverstone,90.142
1,15,1,33,52,Silverstone,100.476
2,5,2,34,52,Silverstone,130.286
3,7,2,36,52,Silverstone,149.271
4,16,2,39,52,Silverstone,154.849
5,5,2,32,52,Silverstone,132.315
6,14,0,41,52,Silverstone,94.963
7,4,1,30,52,Silverstone,94.261
8,14,2,30,52,Silverstone,93.108
9,3,1,32,52,Silverstone,93.399
10,18,2,41,52,Silverstone,93.14
11,16,2,30,52,Silverstone,92.8
12,12,0,32,52,Silverstone,101.086
13,10,1,32,52,Silverstone,125.779
14,10,1,37,52,Silverstone,148.537
15,9,1,30,52,Silverstone,150.98
16,19,1,38,52,Silverstone,160.385
17,10,1,37,52,Silverstone,152.934
18,6,1,32,52,Silverstone,134.818
19,10,0,33,52,Silverstone,95.085
20,19,2,39,52,Silverstone,93.55
21,19,1,31,52,Silverstone,92.586
22,12,1,32,52,Silverstone,92.206
23,9,1,39,52,Silverstone,92.298
24,2,2,39,52,Silverstone,92.32
25,1,0,31,52,Silverstone,92.566
26,13,1,31,52,Silverstone,92.733
27,12,2,35,52,Silverstone,91.764
28,4,0,43,52,Silverstone,91.816
29,17,2,39,52,Silverstone,91.692
30,2,0,39,52,Silverstone,91.441
31,7,0,40,52,Silverstone,91.418
32,7,1,31,52,Silverstone,91.391
33,10,2,33,52,Silverstone,91.205
34,18,0,41,52,Silverstone,91.142
35,6,0,30,52,Silverstone,91.462
36,1,1,35,52,Silverstone,91.224
37,4,2,32,52,Silverstone,91.872
38,14,0,34,52,Silverstone,90.642
39,10,1,41,52,Silverstone,90.742
40,4,0,43,52,Silverstone,90.808
41,9,2,35,52,Silverstone,90.728
42,1,1,41,52,Silverstone,90.722
43,19,1,35,52,Silverstone,90.765
44,10,0,37,52,Silverstone,90.475
45,6,2,33,52,Silverstone,90.639
46,4,2,40,52,Silverstone,91.405
47,7,1,35,52,Silverstone,90.834
48,5,1,33,52,Silverstone,91.329
49,7,0,40,52,Silverstone,92.153
50,9,2,30,52,Silverstone,90.772
51,4,2,44,52,Silverstone,91.68
52,9,0,31,52,Silverstone,91.742
1,7,1,38,52,Silverstone,100.838
2,6,2,35,52,Silverstone,131.306
3,6,2,44,52,Silverstone,149.09
4,2,1,36,52,Silverstone,155.131
5,4,0,32,52,Silverstone,131.098
6,14,2,44,52,Silverstone,95.286
7,16,2,33,52,Silverstone,94.678
8,2,1,32,52,Silverstone,93.41
9,6,2,37,52,Silverstone,93.456
10,9,1,40,52,Silverstone,93.179
11,4,0,33,52,Silverstone,93.077
12,19,1,30,52,Silverstone,99.896
13,18,0,34,52,Silverstone,146.626
14,4,0,44,52,Silverstone,129.398
15,5,1,44,52,Silverstone,151.233
16,4,1,36,52,Silverstone,159.65
17,7,2,33,52,Silverstone,153.745
18,1,1,36,52,Silverstone,133.141
19,9,0,42,52,Silverstone,94.664
20,2,1,37,52,Silverstone,93.728
21,12,1,30,52,Silverstone,92.783
22,12,0,31,52,Silverstone,92.445
23,9,0,37,52,Silverstone,92.043
24,19,2,38,52,Silverstone,92.379
25,15,1,42,52,Silverstone,92.467
26,19,2,35,52,Silverstone,92.588
27,16,1,43,52,Silverstone,91.845
28,5,1,40,52,Silverstone,91.796
29,7,2,44,52,Silverstone,91.793
30,8,0,41,52,Silverstone,91.88
31,10,2,41,52,Silverstone,91.493
32,18,0,38,52,Silverstone,91.159
33,15,1,34,52,Silverstone,91.403
34,14,1,30,52,Silverstone,91.284
35,9,0,35,52,Silverstone,91.479
36,14,1,43,52,Silverstone,91.359
37,2,1,32,52,Silverstone,91.01
38,13,1,32,52,Silverstone,90.831
39,16,2,40,52,Silverstone,90.705
40,16,1,34,52,Silverstone,90.627
41,13,1,38,52,Silverstone,90.875
42,14,2,38,52,Silverstone,90.633
43,3,1,34,52,Silverstone,90.781
44,10,2,36,52,Silverstone,90.532
45,18,1,40,52,Silverstone,90.404
46,1,1,36,52,Silverstone,89.848
47,16,0,39,52,Silverstone,90.145
48,2,2,30,52,Silverstone,90.463
49,4,2,38,52,Silverstone,89.874
50,6,0,31,52,Silverstone,89.491
51,12,2,33,52,Silverstone,89.66
52,5,1,40,52,Silverstone,89.515
1,13,0,44,52,Silverstone,101.375
2,9,2,40,52,Silverstone,131.969
3,1,1,39,52,Silverstone,148.6
4,4,2,40,52,Silverstone,154.962
5,12,1,36,52,Silverstone,131.085
6,17,1,44,52,Silverstone,95.095
7,10,2,43,52,Silverstone,94.927
8,17,2,32,52,Silverstone,93.528
9,13,2,33,52,Silverstone,93.461
10,15,2,33,52,Silverstone,93.378
11,19,2,30,52,Silverstone,93.086
12,14,1,34,52,Silverstone,99.509
13,11,0,33,52,Silverstone,144.723
14,2,0,35,52,Silverstone,129.879
15,8,2,40,52,Silverstone,151.302
16,10,1,43,52,Silverstone,159.411
17,17,1,33,52,Silverstone,153.542
18,1,2,34,52,Silverstone,134.104
19,10,0,30,52,Silverstone,95.95
20,19,1,40,52,Silverstone,93.666
21,14,2,32,52,Silverstone,92.635
22,15,0,43,52,Silverstone,92.489
23,1,2,30,52,Silverstone,91.939
24,9,1,40,52,Silverstone,92.479
25,16,0,39,52,Silverstone,92.431
26,16,1,30,52,Silverstone,92.263
27,18,0,38,52,Silverstone,92.336
28,5,1,39,52,Silverstone,92.029
29,12,0,35,52,Silverstone,91.785
30,13,1,34,52,Silverstone,91.83
31,6,1,41,52,Silverstone,91.96
32,10,2,41,52,Silverstone,91.42
33,5,0,34,52,Silverstone,91.401
34,8,0,39,52,Silverstone,91.085
35,13,0,36,52,Silverstone,91.77
36,19,0,34,52,Silverstone,91.328
37,8,0,37,52,Silverstone,92.152
38,12,2,36,52,Silverstone,91.856
39,14,0,41,52,Silverstone,91.186
40,14,1,39,52,Silverstone,90.752
41,11,1,32,52,Silverstone,90.609
42,19,0,34,52,Silverstone,90.776
43,4,2,42,52,Silverstone,90.973
44,5,1,36,52,Silverstone,90.537
45,16,2,38,52,Silverstone,90.761
46,13,1,43,52,Silverstone,90.666
47,16,1,36,52,Silverstone,90.601
48,17,2,41,52,Silverstone,90.757
49,7,1,34,52,Silverstone,92.228
50,12,0,38,52,Silverstone,91.547
51,9,0,30,52,Silverstone,91.225
52,13,0,42,52,Silverstone,91.782
1,8,1,30,52,Silverstone,101.865
2,16,1,39,52,Silverstone,132.616
3,13,0,42,52,Silverstone,149.661
4,14,1,32,52,Silverstone,153.98
5,13,2,43,52,Silverstone,130.165
6,11,1,43,52,Silverstone,95.376
7,4,0,44,52,Silverstone,94.882
8,14,1,40,52,Silverstone,93.491
9,14,1,30,52,Silverstone,93.415
10,18,1,37,52,Silverstone,93.628
11,18,1,43,52,Silverstone,92.954
12,15,2,43,52,Silverstone,100.646
13,9,1,30,52,Silverstone,147.726
14,7,1,36,52,Silverstone,128.272
15,6,1,32,52,Silverstone,151.573
16,15,0,32,52,Silverstone,160.103
17,9,1,34,52,Silverstone,153.039
18,1,1,31,52,Silverstone,131.471
19,10,1,36,52,Silverstone,95.992
20,19,1,36,52,Silverstone,93.998
21,2,2,41,52,Silverstone,92.775
22,1,2,38,52,Silverstone,92.586
23,3,0,37,52,Silverstone,92.296
24,12,2,36,52,Silverstone,92.062
25,14,0,33,52,Silverstone,92.206
26,14,0,36,52,Silverstone,92.16
27,10,1,40,52,Silverstone,92.397
28,12,2,33,52,Silverstone,92.172
29,9,0,38,52,Silverstone,92.051
30,13,0,33,52,Silverstone,91.296
31,14,1,43,52,Silverstone,91.946
32,3,2,40,52,Silverstone,91.253
33,1,0,33,52,Silverstone,91.451
34,3,0,33,52,Silverstone,91.13
35,8,1,39,52,Silverstone,91.736
36,1,1,39,52,Silverstone,91.107
37,1,1,33,52,Silverstone,91.084
38,6,1,44,52,Silverstone,91.104
39,17,0,37,52,Silverstone,90.805
40,18,2,32,52,Silverstone,90.419
41,12,1,42,52,Silverstone,90.319
42,5,0,32,52,Silverstone,90.36
43,3,2,44,52,Silverstone,90.435
44,5,2,40,52,Silverstone,90.498
45,14,0,44,52,Silverstone,90.605
46,11,0,33,52,Silverstone,90.535
47,8,0,40,52,Silverstone,90.189
48,15,2,42,52,Silverstone,90.575
49,18,0,38,52,Silverstone,90.324
50,18,2,36,52,Silverstone,90.175
51,2,1,36,52,Silverstone,89.964
52,14,0,44,52,Silverstone,89.603
1,7,0,31,52,Silverstone,103.077
2,15,1,41,52,Silverstone,132.634
3,8,2,32,52,Silverstone,150.069
4,9,1,33,52,Silverstone,154.515
5,17,0,43,52,Silverstone,128.78
6,1,1,40,52,Silverstone,95.837
7,13,1,37,52,Silverstone,114.67
8,4,2,44,52,Silverstone,91.828
9,12,1,31,52,Silverstone,92.407
10,12,0,44,52,Silverstone,92.208
11,8,1,42,52,Silverstone,91.622
12,14,1,35,52,Silverstone,108.43
13,5,2,40,52,Silverstone,127.837
14,8,0,33,52,Silverstone,125.744
15,4,0,30,52,Silverstone,152.218
16,1,2,36,52,Silverstone,159.745
17,6,1,43,52,Silverstone,153.881
18,12,2,30,52,Silverstone,129.712
19,6,0,35,52,Silverstone,96.213
20,2,1,36,52,Silverstone,93.979
21,9,2,30,52,Silverstone,92.77
22,7,1,30,52,Silverstone,92.673
23,17,0,31,52,Silverstone,92.189
24,11,1,35,52,Silverstone,92.107
25,8,1,41,52,Silverstone,92.245
26,9,2,33,52,Silverstone,92.149
27,1,1,31,52,Silverstone,92.35
28,17,2,30,52,Silverstone,92.175
29,3,1,31,52,Silverstone,92.16
30,8,2,36,52,Silverstone,91.204
31,17,1,42,52,Silverstone,117.525
32,12,2,37,52,Silverstone,90.132
33,18,1,41,52,Silverstone,89.637
34,7,2,34,52,Silverstone,89.426
35,14,0,36,52,Silverstone,89.993
36,5,0,35,52,Silverstone,89.565
37,12,1,40,52,Silverstone,89.487
38,1,2,30,52,Silverstone,90.254
39,18,2,30,52,Silverstone,90.426
40,15,2,42,52,Silverstone,89.261
41,13,0,38,52,Silverstone,89.281
42,17,2,39,52,Silverstone,89.485
43,7,1,38,52,Silverstone,89.368
44,11,1,38,52,Silverstone,90.032
45,9,0,36,52,Silverstone,89.685
46,6,2,39,52,Silverstone,88.874
47,3,2,37,52,Silverstone,88.79
48,10,1,39,52,Silverstone,89.075
49,9,1,31,52,Silverstone,89.256
50,17,0,34,52,Silverstone,89.122
51,6,1,43,52,Silverstone,89.162
52,15,0,37,52,Silverstone,88.689
1,12,1,34,52,Silverstone,103.369
2,18,1,41,52,Silverstone,134.228
3,3,2,31,52,Silverstone,149.7
4,15,1,34,52,Silverstone,154.31
5,17,2,43,52,Silverstone,128.087
6,5,1,42,52,Silverstone,95.001
7,6,0,38,52,Silverstone,94.52
8,13,1,43,52,Silverstone,93.506
9,15,1,40,52,Silverstone,93.445
10,4,0,33,52,Silverstone,93.621
11,10,1,30,52,Silverstone,93.955
12,14,1,34,52,Silverstone,99.88
13,16,0,30,52,Silverstone,146.229
14,10,0,35,52,Silverstone,127.745
15,19,1,33,52,Silverstone,151.331
16,18,1,34,52,Silverstone,159.985
17,3,0,35,52,Silverstone,153.418
18,5,2,42,52,Silverstone,132.137
19,14,0,44,52,Silverstone,95.792
20,16,1,37,52,Silverstone,94.027
21,2,1,32,52,Silverstone,92.582
22,9,2,41,52,Silverstone,92.693
23,5,0,37,52,Silverstone,92.158
24,18,0,42,52,Silverstone,92.206
25,17,1,35,52,Silverstone,92.323
26,10,1,32,52,Silverstone,92.258
27,13,0,32,52,Silverstone,92.276
28,19,0,34,52,Silverstone,92.249
29,18,2,35,52,Silverstone,91.913
30,13,0,33,52,Silverstone,92.614
31,19,0,35,52,Silverstone,92.275
32,12,1,41,52,Silverstone,91.808
33,16,0,36,52,Silverstone,91.548
34,2,2,44,52,Silverstone,91.633
35,2,1,32,52,Silverstone,91.905
36,10,0,44,52,Silverstone,91.718
37,3,2,32,52,Silverstone,91.72
38,19,0,37,52,Silverstone,91.401
39,11,0,35,52,Silverstone,91.566
40,9,1,43,52,Silverstone,91.701
41,3,0,39,52,Silverstone,91.109
42,4,0,31,52,Silverstone,91.547
43,15,2,39,52,Silverstone,91.462
44,17,0,33,52,Silverstone,91.177
45,9,2,43,52,Silverstone,92.133
46,2,1,32,52,Silverstone,91.417
47,18,2,30,52,Silverstone,91.147
48,5,2,35,52,Silverstone,91.014
49,7,0,35,52,Silverstone,90.977
50,2,2,43,52,Silverstone,91.082
51,5,1,33,52,Silverstone,91.072
52,16,0,35,52,Silverstone,91.518
1,13,0,36,52,Silverstone,103.748
2,18,2,44,52,Silverstone,135.827
3,9,1,42,52,Silverstone,149.324
4,7,0,36,52,Silverstone,155.038
5,18,0,35,52,Silverstone,126.77
6,17,2,43,52,Silverstone,94.683
7,8,0,34,52,Silverstone,94.402
8,7,2,33,52,Silverstone,93.521
9,2,0,32,52,Silverstone,93.384
10,10,2,31,52,Silverstone,93.461
11,9,2,39,52,Silverstone,92.443
1,15,1,36,52,Silverstone,103.754
1,8,1,33,52,Silverstone,104.267
2,2,0,37,52,Silverstone,136.618
3,3,1,38,52,Silverstone,150.42
4,10,1,32,52,Silverstone,154.305
5,10,1,36,52,Silverstone,125.987
6,18,0,33,52,Silverstone,94.525
7,4,0,35,52,Silverstone,94.24
8,6,0,33,52,Silverstone,93.672
9,2,2,32,52,Silverstone,93.467
10,10,0,34,52,Silverstone,93.607
11,15,2,38,52,Silverstone,93.605
12,11,1,31,52,Silverstone,104.987
13,15,2,42,52,Silverstone,128.326
14,12,0,43,52,Silverstone,130.741
15,16,0,32,52,Silverstone,151.069
16,7,2,43,52,Silverstone,159.117
17,9,2,40,52,Silverstone,153.187
18,11,2,36,52,Silverstone,139.878
19,15,1,43,52,Silverstone,94.042
20,12,0,35,52,Silverstone,92.647
21,14,0,38,52,Silverstone,92.736
22,4,1,31,52,Silverstone,93.137
23,19,0,44,52,Silverstone,92.632
24,7,2,41,52,Silverstone,93.129
25,3,1,32,52,Silverstone,92.537
26,4,2,41,52,Silverstone,92.307
27,7,1,39,52,Silverstone,91.885
28,16,2,34,52,Silverstone,91.76
29,15,1,40,52,Silverstone,91.708
30,15,2,36,52,Silverstone,91.447
31,10,1,44,52,Silverstone,91.398
32,18,2,30,52,Silverstone,91.447
33,12,0,33,52,Silverstone,91.124
34,8,2,33,52,Silverstone,91.067
35,3,1,35,52,Silverstone,91.662
36,14,1,35,52,Silverstone,93.318
37,15,0,39,52,Silverstone,118.576
38,19,0,37,52,Silverstone,90.862
39,17,0,32,52,Silverstone,90.365
40,17,1,38,52,Silverstone,90.148
41,9,1,32,52,Silverstone,89.919
42,9,2,40,52,Silverstone,90.644
43,11,0,32,52,Silverstone,90.84
44,4,1,37,52,Silverstone,90.57
45,13,2,43,52,Silverstone,90.321
46,4,2,39,52,Silverstone,89.965
47,10,2,37,52,Silverstone,90.261
48,13,1,35,52,Silverstone,90.062
49,17,2,31,52,Silverstone,89.782
50,11,0,40,52,Silverstone,90.013
51,15,1,44,52,Silverstone,90.318
52,8,2,33,52,Silverstone,91.686
1,19,0,41,52,Silverstone,104.681
2,12,2,34,52,Silverstone,137.416
3,5,1,36,52,Silverstone,150.462
4,5,2,40,52,Silverstone,154.132
5,13,2,41,52,Silverstone,125.243
6,14,2,33,52,Silverstone,94.648
7,18,0,36,52,Silverstone,94.393
8,16,2,31,52,Silverstone,93.674
9,14,0,33,52,Silverstone,93.527
10,9,1,31,52,Silverstone,93.528
11,11,0,39,52,Silverstone,93.314
12,9,1,30,52,Silverstone,104.246
13,17,1,37,52,Silverstone,151.039
14,3,0,37,52,Silverstone,122.097
15,12,0,33,52,Silverstone,151.24
16,3,1,36,52,Silverstone,159.999
17,2,0,34,52,Silverstone,154.087
18,3,1,41,52,Silverstone,128.167
19,14,0,40,52,Silverstone,95.995
20,14,1,31,52,Silverstone,94.126
21,10,1,43,52,Silverstone,93.056
22,12,0,40,52,Silverstone,92.719
23,6,1,33,52,Silverstone,93.912
24,15,1,42,52,Silverstone,92.919
25,15,1,39,52,Silverstone,92.637
26,1,0,37,52,Silverstone,92.501
27,3,1,43,52,Silverstone,93.448
28,1,2,30,52,Silverstone,92.877
29,9,2,36,52,Silverstone,92.104
30,14,1,36,52,Silverstone,92.254
31,19,0,35,52,Silverstone,92.259
32,8,2,34,52,Silverstone,93.041
33,7,1,44,52,Silverstone,92.315
34,19,1,41,52,Silverstone,92.497
35,1,0,40,52,Silverstone,92.691
36,11,1,42,52,Silverstone,91.974
37,16,1,30,52,Silverstone,91.675
38,10,0,36,52,Silverstone,91.798
39,4,1,40,52,Silverstone,92.524
40,8,1,37,52,Silverstone,91.788
41,4,2,43,52,Silverstone,91.718
42,8,0,42,52,Silverstone,92.292
43,16,1,39,52,Silverstone,91.7
44,6,0,30,52,Silverstone,92.058
45,5,2,39,52,Silverstone,91.859
46,3,1,36,52,Silverstone,91.494
47,1,0,44,52,Silverstone,114.836
48,11,0,30,52,Silverstone,128.309
49,9,1,30,52,Silverstone,89.973
50,14,2,42,52,Silverstone,92.679
51,1,1,41,52,Silverstone,96.344
1,10,1,40,52,Silverstone,105.216
2,5,0,43,52,Silverstone,137.923
3,10,2,30,52,Silverstone,150.975
4,13,0,38,52,Silverstone,154.25
5,14,1,42,52,Silverstone,123.937
6,13,2,42,52,Silverstone,95.055
7,19,0,38,52,Silverstone,94.479
8,16,1,41,52,Silverstone,93.527
9,16,1,44,52,Silverstone,93.881
10,2,1,37,52,Silverstone,93.647
11,7,1,35,52,Silverstone,93.694
12,12,0,40,52,Silverstone,103.329
13,17,1,36,52,Silverstone,144.811
14,8,0,31,52,Silverstone,126.147
15,8,1,34,52,Silverstone,151.723
16,5,0,34,52,Silverstone,159.796
17,19,2,38,52,Silverstone,154.181
18,6,0,36,52,Silverstone,128.939
19,10,0,39,52,Silverstone,97.267
20,13,1,36,52,Silverstone,94.245
21,5,1,42,52,Silverstone,93.088
22,4,0,37,52,Silverstone,93.243
23,12,0,31,52,Silverstone,93.019
24,19,2,36,52,Silverstone,93.046
25,18,1,40,52,Silverstone,92.565
26,12,1,37,52,Silverstone,92.499
27,12,1,36,52,Silverstone,91.94
28,13,0,39,52,Silverstone,92.047
29,3,1,38,52,Silverstone,91.721
30,14,1,37,52,Silverstone,91.546
31,15,1,41,52,Silverstone,91.957
32,18,1,30,52,Silverstone,91.683
33,11,2,30,52,Silverstone,91.423
34,7,0,31,52,Silverstone,91.112
35,16,2,36,52,Silverstone,91.707
36,16,1,36,52,Silverstone,91.759
37,11,0,40,52,Silverstone,91.343
38,3,0,44,52,Silverstone,91.338
39,18,0,42,52,Silverstone,91.095
40,14,1,43,52,Silverstone,91.038
41,13,2,40,52,Silverstone,90.862
42,12,1,42,52,Silverstone,91.359
43,13,1,40,52,Silverstone,91.309
44,14,1,30,52,Silverstone,91.099
45,3,1,33,52,Silverstone,92.419
46,7,2,37,52,Silverstone,91.461
47,15,0,40,52,Silverstone,90.88
48,15,0,35,52,Silverstone,91.146
49,7,2,43,52,Silverstone,90.862
50,1,0,38,52,Silverstone,91.573
51,13,2,40,52,Silverstone,91.858
52,3,2,42,52,Silverstone,92.268
1,13,1,39,52,Silverstone,105.776
2,6,1,35,52,Silverstone,138.757
3,19,2,41,52,Silverstone,150.708
4,15,2,43,52,Silverstone,154.814
5,7,1,41,52,Silverstone,122.869
6,7,0,33,52,Silverstone,95.352
7,6,0,39,52,Silverstone,94.776
8,9,1,43,52,Silverstone,93.672
9,9,2,42,52,Silverstone,94.243
10,2,2,44,52,Silverstone,93.964
11,7,0,43,52,Silverstone,93.264
12,6,2,39,52,Silverstone,107.83
13,3,2,34,52,Silverstone,148.133
14,6,1,34,52,Silverstone,119.905
15,12,2,39,52,Silverstone,151.968
16,19,2,41,52,Silverstone,158.734
17,15,1,39,52,Silverstone,154.151
18,12,1,42,52,Silverstone,127.362
19,13,1,34,52,Silverstone,97.147
20,7,2,36,52,Silverstone,94.695
21,6,1,37,52,Silverstone,93.51
22,6,0,34,52,Silverstone,93.027
23,5,1,40,52,Silverstone,92.937
24,7,0,38,52,Silverstone,92.793
25,18,1,37,52,Silverstone,92.345
26,3,0,32,52,Silverstone,92.503
27,18,0,39,52,Silverstone,92.676
28,17,1,44,52,Silverstone,92.895
29,3,2,43,52,Silverstone,92.37
30,16,1,44,52,Silverstone,92.1
31,8,1,36,52,Silverstone,92.153
32,16,0,38,52,Silverstone,91.562
33,6,0,38,52,Silverstone,91.96
34,6,0,33,52,Silverstone,92.119
35,13,2,37,52,Silverstone,91.858
36,17,1,41,52,Silverstone,91.993
37,17,1,32,52,Silverstone,91.298
38,8,1,33,52,Silverstone,91.243
39,15,1,30,52,Silverstone,91.345
40,17,2,40,52,Silverstone,91.082
41,18,0,41,52,Silverstone,91.617
42,1,0,40,52,Silverstone,91.16
43,1,2,33,52,Silverstone,91.09
44,9,1,41,52,Silverstone,90.501
45,18,1,38,52,Silverstone,91.27
46,12,2,37,52,Silverstone,91.019
47,3,0,36,52,Silverstone,91.008
48,12,1,41,52,Silverstone,90.871
49,8,1,39,52,Silverstone,90.915
50,4,1,37,52,Silverstone,91.119
51,8,1,37,52,Silverstone,91.227
52,12,2,43,52,Silverstone,92.146
1,18,2,33,66,Barcelona,85.855
2,11,2,34,66,Barcelona,84.63
3,9,1,41,66,Barcelona,85.037
4,15,1,38,66,Barcelona,84.679
5,11,2,30,66,Barcelona,84.37
6,6,1,33,66,Barcelona,84.247
7,5,0,40,66,Barcelona,84.278
8,6,1,40,66,Barcelona,84.108
9,2,2,31,66,Barcelona,84.526
10,8,1,38,66,Barcelona,83.618
11,14,1,41,66,Barcelona,83.238
12,1,2,34,66,Barcelona,83.067
13,8,2,41,66,Barcelona,82.767
14,8,0,40,66,Barcelona,83.197
15,16,1,30,66,Barcelona,83.095
16,9,0,42,66,Barcelona,83.216
17,3,1,36,66,Barcelona,83.366
18,8,1,33,66,Barcelona,83.406
19,15,2,35,66,Barcelona,83.505
20,6,2,31,66,Barcelona,83.394
21,13,1,42,66,Barcelona,83.41
22,9,1,30,66,Barcelona,83.699
23,13,2,33,66,Barcelona,87.175
24,13,2,34,66,Barcelona,104.038
25,6,1,31,66,Barcelona,83.845
26,4,1,41,66,Barcelona,83.659
27,4,1,34,66,Barcelona,83.67
28,19,0,35,66,Barcelona,83.275
29,13,0,35,66,Barcelona,83.688
30,5,0,44,66,Barcelona,83.343
31,14,2,43,66,Barcelona,83.007
32,7,1,35,66,Barcelona,83.102
33,18,2,39,66,Barcelona,83.002
34,9,2,34,66,Barcelona,82.658
35,13,1,39,66,Barcelona,82.948
36,3,1,31,66,Barcelona,82.44
37,13,2,38,66,Barcelona,82.826
38,6,0,36,66,Barcelona,82.502
39,2,1,34,66,Barcelona,82.273
40,11,1,40,66,Barcelona,82.213
41,9,2,41,66,Barcelona,82.438
42,11,0,35,66,Barcelona,82.305
43,8,1,35,66,Barcelona,82.129
44,11,2,32,66,Barcelona,82.141
45,18,0,42,66,Barcelona,81.539
46,1,1,33,66,Barcelona,82.064
47,11,2,34,66,Barcelona,82.149
48,9,1,32,66,Barcelona,83.063
49,16,0,30,66,Barcelona,81.954
50,12,0,40,66,Barcelona,84.99
51,5,0,35,66,Barcelona,100.359
52,1,1,32,66,Barcelona,80.274
53,5,0,42,66,Barcelona,80.892
54,9,1,32,66,Barcelona,80.901
55,8,1,41,66,Barcelona,81.22
56,13,2,41,66,Barcelona,81.446
57,19,2,41,66,Barcelona,81.498
58,8,2,38,66,Barcelona,81.379
59,18,0,30,66,Barcelona,80.964
60,9,1,36,66,Barcelona,81.223
61,5,1,44,66,Barcelona,81.397
62,7,2,33,66,Barcelona,80.975
63,19,1,40,66,Barcelona,79.822
64,8,2,32,66,Barcelona,80.872
65,13,1,30,66,Barcelona,80.847
66,12,0,38,66,Barcelona,82.066
1,17,0,32,66,Barcelona,87.347
2,16,1,35,66,Barcelona,84.754
3,15,2,34,66,Barcelona,84.835
4,13,2,30,66,Barcelona,84.596
5,12,1,30,66,Barcelona,84.621
6,18,2,37,66,Barcelona,84.325
7,3,2,37,66,Barcelona,84.193
8,11,1,33,66,Barcelona,84.192
9,3,1,41,66,Barcelona,84.132
10,14,1,41,66,Barcelona,83.99
11,15,2,30,66,Barcelona,83.623
12,13,0,41,66,Barcelona,83.541
13,2,0,34,66,Barcelona,83.473
14,2,1,37,66,Barcelona,83.422
15,19,1,41,66,Barcelona,83.759
16,19,2,35,66,Barcelona,83.568
17,10,1,34,66,Barcelona,83.761
18,1,2,40,66,Barcelona,84.089
19,10,1,40,66,Barcelona,83.971
20,6,0,40,66,Barcelona,84.579
21,2,0,39,66,Barcelona,88.176
22,6,2,30,66,Barcelona,100.705
23,16,1,33,66,Barcelona,82.959
24,19,1,33,66,Barcelona,83.582
25,3,2,31,66,Barcelona,83.624
26,15,1,31,66,Barcelona,83.644
27,19,0,38,66,Barcelona,83.227
28,1,2,34,66,Barcelona,83.491
29,15,1,34,66,Barcelona,83.367
30,15,2,42,66,Barcelona,83.353
31,11,0,35,66,Barcelona,83.201
32,11,2,33,66,Barcelona,83.269
33,4,2,41,66,Barcelona,83.106
34,11,1,44,66,Barcelona,83.113
35,14,0,39,66,Barcelona,82.896
36,4,0,31,66,Barcelona,83.548
37,12,0,30,66,Barcelona,83.478
38,13,1,43,66,Barcelona,84.038
39,4,2,34,66,Barcelona,83.775
40,13,0,40,66,Barcelona,83.096
41,17,0,40,66,Barcelona,86.019
42,6,1,37,66,Barcelona,99.927
43,14,0,33,66,Barcelona,82.221
44,9,2,42,66,Barcelona,81.919
45,1,1,44,66,Barcelona,83.114
46,11,1,40,66,Barcelona,82.1
47,9,1,38,66,Barcelona,82.609
48,3,1,33,66,Barcelona,81.851
49,2,2,36,66,Barcelona,81.732
50,12,0,40,66,Barcelona,81.911
51,12,1,32,66,Barcelona,82.406
52,18,2,38,66,Barcelona,81.562
53,6,2,42,66,Barcelona,81.477
54,18,1,34,66,Barcelona,81.485
55,14,0,38,66,Barcelona,81.852
56,17,2,36,66,Barcelona,81.638
57,19,1,43,66,Barcelona,82.045
58,17,0,35,66,Barcelona,81.779
59,8,0,33,66,Barcelona,81.57
60,9,2,34,66,Barcelona,82.184
61,18,0,36,66,Barcelona,81.904
62,5,2,37,66,Barcelona,81.486
63,6,0,36,66,Barcelona,81.709
64,9,1,36,66,Barcelona,82.144
65,14,1,43,66,Barcelona,82.764
66,17,1,32,66,Barcelona,83.629
1,18,1,31,66,Barcelona,88.83
2,12,0,35,66,Barcelona,85.189
3,3,0,44,66,Barcelona,84.823
4,6,0,39,66,Barcelona,85.41
5,3,0,44,66,Barcelona,86.029
6,19,1,40,66,Barcelona,84.85
7,18,0,38,66,Barcelona,84.979
8,6,2,38,66,Barcelona,84.623
9,17,2,43,66,Barcelona,84.819
10,1,2,39,66,Barcelona,84.745
11,7,2,43,66,Barcelona,84.917
12,16,1,32,66,Barcelona,84.928
13,19,1,38,66,Barcelona,85.234
14,9,0,31,66,Barcelona,85.254
15,16,0,38,66,Barcelona,85.039
16,15,1,37,66,Barcelona,84.996
17,11,0,41,66,Barcelona,85.112
18,11,2,31,66,Barcelona,85.383
19,2,2,35,66,Barcelona,85.483
20,9,1,39,66,Barcelona,85.389
21,11,1,38,66,Barcelona,85.647
22,3,1,32,66,Barcelona,86.239
23,14,0,44,66,Barcelona,85.248
24,11,0,30,66,Barcelona,86.104
25,4,1,34,66,Barcelona,85.665
26,7,1,32,66,Barcelona,86.47
27,16,2,32,66,Barcelona,90.159
28,8,1,34,66,Barcelona,103.759
29,15,2,39,66,Barcelona,84.23
30,4,1,41,66,Barcelona,84.573
31,15,1,44,66,Barcelona,84.486
32,5,2,39,66,Barcelona,84.203
33,17,0,42,66,Barcelona,84.688
34,1,1,31,66,Barcelona,84.533
35,5,0,41,66,Barcelona,84.164
36,16,1,37,66,Barcelona,84.478
37,16,2,32,66,Barcelona,84.293
38,19,0,34,66,Barcelona,84.935
39,9,1,44,66,Barcelona,84.413
40,14,1,30,66,Barcelona,84.452
41,12,1,35,66,Barcelona,84.376
42,1,0,33,66,Barcelona,87.852
43,11,2,41,66,Barcelona,100.974
44,3,1,35,66,Barcelona,83.259
45,5,2,35,66,Barcelona,83.084
46,9,0,40,66,Barcelona,83.162
47,7,1,34,66,Barcelona,83.188
48,4,1,40,66,Barcelona,82.699
49,12,1,43,66,Barcelona,83.471
50,3,0,41,66,Barcelona,83.027
51,8,1,34,66,Barcelona,83.201
52,18,0,39,66,Barcelona,82.825
53,9,0,31,66,Barcelona,84.425
54,12,0,43,66,Barcelona,82.914
55,9,1,34,66,Barcelona,83.235
56,1,2,41,66,Barcelona,82.024
57,7,2,42,66,Barcelona,82.736
58,14,1,34,66,Barcelona,82.406
59,6,0,34,66,Barcelona,82.355
60,15,2,36,66,Barcelona,82.639
61,10,2,35,66,Barcelona,82.356
62,11,2,43,66,Barcelona,82.482
63,2,2,35,66,Barcelona,82.797
64,11,0,31,66,Barcelona,83.177
65,10,1,32,66,Barcelona,83.289
1,12,2,31,66,Barcelona,89.434
2,13,2,35,66,Barcelona,85.062
3,5,1,40,66,Barcelona,84.948
4,19,0,37,66,Barcelona,85.258
5,16,1,44,66,Barcelona,83.796
6,14,0,34,66,Barcelona,84.187
7,12,1,30,66,Barcelona,83.981
8,2,0,30,66,Barcelona,84.266
9,14,1,30,66,Barcelona,84.191
10,10,2,32,66,Barcelona,84.035
11,5,2,40,66,Barcelona,83.59
12,17,0,42,66,Barcelona,83.449
13,3,2,32,66,Barcelona,83.727
14,15,0,42,66,Barcelona,83.655
15,3,1,30,66,Barcelona,83.69
16,8,0,37,66,Barcelona,83.7
17,14,2,31,66,Barcelona,83.907
18,12,2,32,66,Barcelona,84.026
19,5,2,30,66,Barcelona,83.726
20,2,0,41,66,Barcelona,84.063
21,13,1,42,66,Barcelona,84.474
22,11,2,43,66,Barcelona,84.337
23,6,2,31,66,Barcelona,88.17
24,1,1,39,66,Barcelona,100.605
25,6,1,41,66,Barcelona,82.021
26,6,1,36,66,Barcelona,82.991
27,5,1,38,66,Barcelona,83.253
28,4,1,37,66,Barcelona,83.31
29,13,1,30,66,Barcelona,83.304
30,5,2,41,66,Barcelona,83.591
31,1,0,36,66,Barcelona,83.615
32,16,0,30,66,Barcelona,83.425
33,1,0,44,66,Barcelona,83.43
34,18,1,37,66,Barcelona,82.8
35,5,2,44,66,Barcelona,82.781
36,2,2,30,66,Barcelona,83.44
37,19,2,31,66,Barcelona,83.866
38,15,1,39,66,Barcelona,83.524
39,11,0,44,66,Barcelona,83.136
40,2,0,42,66,Barcelona,83.265
41,1,1,41,66,Barcelona,83.334
42,19,1,37,66,Barcelona,81.857
43,9,1,37,66,Barcelona,82.532
44,19,1,33,66,Barcelona,82.526
45,11,1,33,66,Barcelona,83.206
46,3,0,31,66,Barcelona,82.821
47,16,2,32,66,Barcelona,83.068
48,8,1,42,66,Barcelona,86.658
49,9,1,31,66,Barcelona,101.004
50,18,1,39,66,Barcelona,81.897
51,11,2,37,66,Barcelona,81.885
52,12,1,40,66,Barcelona,81.616
53,13,1,38,66,Barcelona,81.698
54,18,2,36,66,Barcelona,81.765
55,10,1,36,66,Barcelona,81.541
56,12,2,31,66,Barcelona,81.666
57,17,1,31,66,Barcelona,81.698
58,5,1,33,66,Barcelona,81.713
59,5,2,31,66,Barcelona,81.754
60,4,2,41,66,Barcelona,81.821
61,14,2,34,66,Barcelona,81.934
62,19,0,37,66,Barcelona,82.383
63,7,2,37,66,Barcelona,79.75
64,10,1,41,66,Barcelona,85.147
65,8,1,31,66,Barcelona,100.545
66,9,1,39,66,Barcelona,78.183
1,3,0,35,66,Barcelona,90.347
2,6,1,42,66,Barcelona,85.147
3,18,2,33,66,Barcelona,85.131
4,8,1,43,66,Barcelona,85.283
5,8,1,39,66,Barcelona,85.103
6,18,2,42,66,Barcelona,85.522
7,7,0,37,66,Barcelona,85.243
8,4,0,30,66,Barcelona,84.605
9,14,2,34,66,Barcelona,84.723
10,9,1,37,66,Barcelona,84.748
11,18,0,38,66,Barcelona,84.895
12,16,2,37,66,Barcelona,85.016
13,9,1,44,66,Barcelona,85.139
14,11,1,43,66,Barcelona,85.156
15,1,1,30,66,Barcelona,85.289
16,2,2,41,66,Barcelona,85.122
17,11,2,32,66,Barcelona,85.36
18,9,2,38,66,Barcelona,85.323
19,6,1,43,66,Barcelona,85.205
20,14,2,32,66,Barcelona,85.392
21,3,0,38,66,Barcelona,85.635
22,11,1,40,66,Barcelona,85.873
23,10,0,38,66,Barcelona,85.734
24,10,2,32,66,Barcelona,85.524
25,7,2,35,66,Barcelona,85.965
26,9,1,39,66,Barcelona,86.186
27,19,0,36,66,Barcelona,86.376
28,4,0,37,66,Barcelona,85.317
29,15,1,41,66,Barcelona,89.245
30,15,2,44,66,Barcelona,103.044
31,12,0,40,66,Barcelona,82.574
32,18,2,41,66,Barcelona,85.05
33,11,2,35,66,Barcelona,84.669
34,9,1,33,66,Barcelona,84.567
35,8,1,42,66,Barcelona,85.129
36,6,2,37,66,Barcelona,84.355
37,3,0,39,66,Barcelona,84.097
38,18,2,32,66,Barcelona,84.447
39,8,2,39,66,Barcelona,84.31
40,15,0,35,66,Barcelona,84.351
41,11,1,38,66,Barcelona,84.464
42,16,0,36,66,Barcelona,84.691
43,8,1,36,66,Barcelona,84.581
44,13,2,42,66,Barcelona,84.326
45,6,1,43,66,Barcelona,83.885
46,19,2,42,66,Barcelona,84.518
47,17,1,38,66,Barcelona,84.813
48,19,2,31,66,Barcelona,85.244
49,17,1,33,66,Barcelona,84.02
50,8,0,39,66,Barcelona,83.904
51,6,0,37,66,Barcelona,83.772
52,5,1,31,66,Barcelona,84.055
53,18,1,32,66,Barcelona,83.363
54,18,2,35,66,Barcelona,83.044
55,6,0,37,66,Barcelona,83.072
56,3,0,33,66,Barcelona,85.184
57,12,1,37,66,Barcelona,82.988
58,5,0,43,66,Barcelona,82.515
59,2,1,30,66,Barcelona,82.952
60,3,1,31,66,Barcelona,83.169
61,7,0,32,66,Barcelona,82.735
62,5,1,44,66,Barcelona,83.119
63,9,2,33,66,Barcelona,83.152
64,4,0,44,66,Barcelona,83.141
65,11,2,33,66,Barcelona,83.56
1,13,0,44,66,Barcelona,91.211
2,8,1,31,66,Barcelona,85.396
3,10,0,43,66,Barcelona,85.241
4,17,1,41,66,Barcelona,85.23
5,3,1,37,66,Barcelona,85.347
6,11,1,36,66,Barcelona,85.181
7,10,0,33,66,Barcelona,84.986
8,15,1,32,66,Barcelona,84.631
9,16,1,31,66,Barcelona,84.749
10,15,1,36,66,Barcelona,84.995
11,3,0,43,66,Barcelona,85.653
12,12,0,40,66,Barcelona,85.421
13,11,1,32,66,Barcelona,85.276
14,10,0,39,66,Barcelona,85.35
15,8,1,41,66,Barcelona,85.469
16,9,0,39,66,Barcelona,85.634
17,14,2,42,66,Barcelona,89.223
18,10,2,42,66,Barcelona,103.239
19,10,1,40,66,Barcelona,86.07
20,14,2,34,66,Barcelona,85.605
21,12,2,41,66,Barcelona,85.185
22,19,0,34,66,Barcelona,85.335
23,3,0,38,66,Barcelona,85.304
24,3,1,40,66,Barcelona,85.947
25,1,1,35,66,Barcelona,85.388
26,13,1,32,66,Barcelona,85.679
27,13,1,41,66,Barcelona,85.619
28,1,0,38,66,Barcelona,85.459
29,10,0,30,66,Barcelona,86.442
30,6,1,43,66,Barcelona,85.401
31,8,1,38,66,Barcelona,85.182
32,17,2,43,66,Barcelona,85.271
33,3,2,39,66,Barcelona,83.688
34,8,0,33,66,Barcelona,84.77
35,11,1,44,66,Barcelona,84.945
36,9,0,32,66,Barcelona,84.196
37,17,0,40,66,Barcelona,84.201
38,10,2,33,66,Barcelona,84.257
39,17,2,43,66,Barcelona,87.959
40,2,2,42,66,Barcelona,100.933
41,17,2,41,66,Barcelona,82.194
42,14,0,39,66,Barcelona,84.393
43,12,1,34,66,Barcelona,83.007
44,10,0,33,66,Barcelona,83.466
45,12,0,40,66,Barcelona,85.256
46,3,1,30,66,Barcelona,83.431
47,4,0,35,66,Barcelona,83.563
48,3,2,33,66,Barcelona,82.776
49,6,2,37,66,Barcelona,82.994
50,3,1,36,66,Barcelona,83.059
51,9,1,35,66,Barcelona,83.402
52,6,0,33,66,Barcelona,82.939
53,12,0,41,66,Barcelona,83.053
54,14,1,30,66,Barcelona,83.389
55,14,2,40,66,Barcelona,83.149
56,15,0,37,66,Barcelona,83.162
57,17,1,33,66,Barcelona,85.165
58,13,2,35,66,Barcelona,82.966
59,2,0,34,66,Barcelona,83.124
60,13,1,30,66,Barcelona,83.558
61,11,0,39,66,Barcelona,84.826
62,17,1,34,66,Barcelona,83.983
63,6,1,44,66,Barcelona,83.998
64,15,1,42,66,Barcelona,84.319
65,7,2,44,66,Barcelona,84.768
1,1,1,36,66,Barcelona,92.118
2,19,2,38,66,Barcelona,85.935
3,10,0,37,66,Barcelona,85.719
4,1,0,38,66,Barcelona,85.309
5,15,1,32,66,Barcelona,85.497
6,17,1,43,66,Barcelona,85.4
7,13,0,30,66,Barcelona,85.198
8,17,1,41,66,Barcelona,84.807
9,9,2,43,66,Barcelona,84.917
10,5,1,40,66,Barcelona,85.174
11,13,2,37,66,Barcelona,85.172
12,11,1,31,66,Barcelona,85.217
13,7,1,35,66,Barcelona,85.397
14,1,1,33,66,Barcelona,85.184
15,10,0,35,66,Barcelona,85.174
16,7,2,35,66,Barcelona,85.025
17,16,0,34,66,Barcelona,85.415
18,11,0,37,66,Barcelona,85.019
19,7,1,30,66,Barcelona,85.157
20,6,1,40,66,Barcelona,85.468
21,15,0,35,66,Barcelona,85.693
22,4,0,38,66,Barcelona,89.347
23,5,2,31,66,Barcelona,103.207
24,14,0,42,66,Barcelona,85.591
25,6,2,41,66,Barcelona,85.527
26,14,0,38,66,Barcelona,85.684
27,5,1,44,66,Barcelona,85.55
28,11,2,30,66,Barcelona,85.504
29,10,1,40,66,Barcelona,84.259
30,1,1,33,66,Barcelona,83.325
31,13,1,38,66,Barcelona,85.197
32,1,0,44,66,Barcelona,84.37
33,4,0,33,66,Barcelona,84.582
34,7,2,40,66,Barcelona,84.681
35,15,0,33,66,Barcelona,84.878
36,5,2,41,66,Barcelona,84.677
37,12,2,32,66,Barcelona,84.157
38,16,2,37,66,Barcelona,84.381
39,5,2,42,66,Barcelona,84.422
40,5,2,43,66,Barcelona,84.256
41,15,1,35,66,Barcelona,87.582
42,1,1,43,66,Barcelona,101.0
43,5,0,44,66,Barcelona,83.129
44,1,1,39,66,Barcelona,83.799
45,19,1,31,66,Barcelona,83.323
46,1,1,39,66,Barcelona,83.455
47,3,0,31,66,Barcelona,83.142
48,11,1,43,66,Barcelona,83.564
49,5,2,38,66,Barcelona,83.089
50,17,2,44,66,Barcelona,83.211
51,5,1,40,66,Barcelona,84.418
52,6,2,42,66,Barcelona,82.824
53,13,2,35,66,Barcelona,83.001
54,2,1,33,66,Barcelona,82.848
55,3,1,33,66,Barcelona,82.803
56,7,2,31,66,Barcelona,82.941
57,4,2,41,66,Barcelona,83.086
58,18,0,31,66,Barcelona,83.522
59,16,2,30,66,Barcelona,81.771
60,13,1,35,66,Barcelona,82.595
61,12,2,38,66,Barcelona,84.513
62,11,2,35,66,Barcelona,82.057
63,9,0,33,66,Barcelona,82.438
64,6,0,35,66,Barcelona,82.817
65,16,1,30,66,Barcelona,82.527
1,10,0,37,66,Barcelona,92.988
2,16,0,37,66,Barcelona,86.105
3,7,1,39,66,Barcelona,85.558
4,14,2,43,66,Barcelona,85.436
5,10,1,35,66,Barcelona,85.661
6,17,2,31,66,Barcelona,85.235
7,5,2,30,66,Barcelona,85.259
8,15,1,36,66,Barcelona,85.035
9,5,0,41,66,Barcelona,85.018
10,6,2,41,66,Barcelona,85.16
11,1,2,37,66,Barcelona,85.07
12,8,0,32,66,Barcelona,85.267
13,14,0,41,66,Barcelona,85.528
14,18,0,38,66,Barcelona,85.362
15,10,1,39,66,Barcelona,85.224
16,11,0,38,66,Barcelona,85.1
17,8,2,32,66,Barcelona,85.101
18,11,0,37,66,Barcelona,85.539
19,14,2,41,66,Barcelona,85.257
20,6,0,40,66,Barcelona,85.816
21,3,1,41,66,Barcelona,89.741
22,10,1,31,66,Barcelona,102.503
23,16,0,44,66,Barcelona,84.741
24,17,0,37,66,Barcelona,85.358
25,16,1,31,66,Barcelona,85.181
26,9,2,36,66,Barcelona,85.624
27,1,1,34,66,Barcelona,85.689
28,18,1,33,66,Barcelona,87.302
29,2,2,40,66,Barcelona,84.11
30,19,1,40,66,Barcelona,85.37
31,11,0,34,66,Barcelona,85.226
32,3,1,30,66,Barcelona,85.221
33,8,1,43,66,Barcelona,85.779
34,19,1,40,66,Barcelona,84.031
35,15,1,34,66,Barcelona,84.307
36,7,0,30,66,Barcelona,84.147
37,5,2,31,66,Barcelona,83.85
38,4,1,34,66,Barcelona,84.159
39,13,1,33,66,Barcelona,84.63
40,9,1,44,66,Barcelona,83.082
41,19,0,40,66,Barcelona,84.041
42,11,1,42,66,Barcelona,87.358
43,6,1,44,66,Barcelona,102.245
44,14,2,40,66,Barcelona,82.543
45,4,2,31,66,Barcelona,83.544
46,3,0,41,66,Barcelona,83.637
47,3,2,34,66,Barcelona,83.33
48,11,2,38,66,Barcelona,83.356
49,8,0,41,66,Barcelona,83.098
50,13,2,34,66,Barcelona,83.838
51,11,0,30,66,Barcelona,82.931
52,18,1,31,66,Barcelona,82.599
53,18,2,43,66,Barcelona,82.911
54,16,1,31,66,Barcelona,83.164
55,13,1,43,66,Barcelona,82.898
56,7,0,31,66,Barcelona,85.021
57,16,2,31,66,Barcelona,82.914
58,13,2,44,66,Barcelona,83.372
59,5,0,39,66,Barcelona,83.478
60,14,0,43,66,Barcelona,84.873
61,15,2,32,66,Barcelona,83.789
62,5,0,43,66,Barcelona,83.571
63,19,0,32,66,Barcelona,83.468
64,1,0,35,66,Barcelona,84.302
65,6,0,34,66,Barcelona,84.546
1,8,1,33,66,Barcelona,93.402
2,10,2,40,66,Barcelona,86.359
3,19,1,40,66,Barcelona,85.64
4,3,1,42,66,Barcelona,85.322
5,3,1,39,66,Barcelona,85.967
6,17,0,30,66,Barcelona,85.211
7,17,1,31,66,Barcelona,85.418
8,19,2,42,66,Barcelona,85.228
9,1,0,42,66,Barcelona,85.309
10,4,0,35,66,Barcelona,85.105
11,7,0,32,66,Barcelona,85.075
12,13,2,39,66,Barcelona,84.932
13,13,1,42,66,Barcelona,85.489
14,2,0,30,66,Barcelona,85.774
15,10,2,43,66,Barcelona,85.289
16,3,2,44,66,Barcelona,84.873
17,14,2,44,66,Barcelona,85.014
18,12,2,39,66,Barcelona,85.423
19,12,2,44,66,Barcelona,84.983
20,14,0,32,66,Barcelona,85.573
21,12,0,32,66,Barcelona,86.542
22,11,1,38,66,Barcelona,84.914
23,9,1,44,66,Barcelona,85.188
24,19,2,30,66,Barcelona,84.961
25,8,1,30,66,Barcelona,85.098
26,8,1,34,66,Barcelona,85.363
27,13,0,44,66,Barcelona,85.712
28,2,1,41,66,Barcelona,85.728
29,8,2,41,66,Barcelona,89.966
30,9,1,39,66,Barcelona,103.13
31,14,0,37,66,Barcelona,84.894
32,18,0,36,66,Barcelona,85.198
33,10,2,41,66,Barcelona,85.567
34,13,2,36,66,Barcelona,86.774
35,10,2,35,66,Barcelona,83.968
36,4,2,37,66,Barcelona,132.577
37,7,0,31,66,Barcelona,93.153
38,16,0,42,66,Barcelona,87.517
1,8,0,30,66,Barcelona,94.173
2,13,1,40,66,Barcelona,86.682
3,16,1,41,66,Barcelona,86.038
4,9,1,31,66,Barcelona,85.593
5,19,0,33,66,Barcelona,85.967
6,9,0,36,66,Barcelona,86.065
7,13,1,36,66,Barcelona,85.453
8,10,1,33,66,Barcelona,85.436
9,4,1,38,66,Barcelona,85.374
10,6,0,40,66,Barcelona,85.422
11,4,1,37,66,Barcelona,85.173
12,2,2,30,66,Barcelona,85.361
13,19,0,31,66,Barcelona,85.263
14,11,2,34,66,Barcelona,85.041
15,13,0,36,66,Barcelona,85.249
16,12,2,35,66,Barcelona,84.939
17,5,2,42,66,Barcelona,84.752
18,1,2,33,66,Barcelona,85.214
19,2,0,42,66,Barcelona,85.011
20,8,0,35,66,Barcelona,84.916
21,6,2,42,66,Barcelona,89.205
22,3,1,40,66,Barcelona,102.686
23,8,2,44,66,Barcelona,84.81
24,3,0,41,66,Barcelona,85.247
25,6,0,34,66,Barcelona,84.992
26,8,1,31,66,Barcelona,85.447
27,13,1,43,66,Barcelona,85.455
28,7,1,39,66,Barcelona,86.499
29,18,0,36,66,Barcelona,84.859
30,16,0,32,66,Barcelona,85.015
31,14,1,37,66,Barcelona,85.085
32,18,0,35,66,Barcelona,85.189
33,16,2,30,66,Barcelona,85.686
34,2,1,35,66,Barcelona,86.507
35,16,1,31,66,Barcelona,83.33
36,16,0,40,66,Barcelona,83.644
37,19,0,39,66,Barcelona,83.734
38,7,2,38,66,Barcelona,84.038
39,19,0,32,66,Barcelona,84.047
40,1,2,30,66,Barcelona,83.563
41,17,1,42,66,Barcelona,84.031
42,15,2,34,66,Barcelona,84.037
43,2,0,36,66,Barcelona,83.111
44,19,0,44,66,Barcelona,86.714
45,18,0,32,66,Barcelona,101.429
46,8,0,33,66,Barcelona,83.404
47,16,2,41,66,Barcelona,83.401
48,3,2,39,66,Barcelona,83.417
49,10,0,34,66,Barcelona,83.232
50,1,1,34,66,Barcelona,83.979
51,17,2,33,66,Barcelona,82.894
52,1,0,36,66,Barcelona,83.175
53,2,0,41,66,Barcelona,83.131
54,4,0,32,66,Barcelona,82.682
55,14,1,33,66,Barcelona,84.977
56,6,2,42,66,Barcelona,82.392
57,17,0,35,66,Barcelona,83.203
58,9,2,43,66,Barcelona,83.529
59,2,1,41,66,Barcelona,84.952
60,3,1,40,66,Barcelona,83.014
61,14,0,41,66,Barcelona,83.869
62,2,1,41,66,Barcelona,83.503
63,8,2,43,66,Barcelona,83.31
64,5,0,33,66,Barcelona,84.447
65,9,0,41,66,Barcelona,84.161
1,13,2,35,66,Barcelona,94.707
2,13,1,32,66,Barcelona,86.962
3,17,2,34,66,Barcelona,85.96
4,13,1,43,66,Barcelona,85.915
5,18,1,31,66,Barcelona,86.459
6,16,1,35,66,Barcelona,85.719
7,7,0,31,66,Barcelona,85.326
8,11,0,30,66,Barcelona,85.6
9,12,0,37,66,Barcelona,85.227
10,15,1,41,66,Barcelona,85.53
11,14,1,37,66,Barcelona,85.462
12,15,0,34,66,Barcelona,85.393
13,10,1,42,66,Barcelona,85.479
14,7,2,30,66,Barcelona,85.395
15,4,1,38,66,Barcelona,85.185
16,4,0,32,66,Barcelona,85.084
17,14,0,32,66,Barcelona,85.107
18,11,2,31,66,Barcelona,85.529
19,4,1,41,66,Barcelona,85.373
20,7,1,33,66,Barcelona,85.512
21,11,2,44,66,Barcelona,85.849
22,18,1,34,66,Barcelona,85.985
23,1,2,39,66,Barcelona,85.614
24,7,2,33,66,Barcelona,85.479
25,4,1,35,66,Barcelona,85.627
26,14,0,37,66,Barcelona,85.612
27,17,2,38,66,Barcelona,85.811
28,5,2,41,66,Barcelona,86.157
29,2,1,31,66,Barcelona,90.602
30,2,2,39,66,Barcelona,102.64
31,17,1,39,66,Barcelona,84.034
32,17,0,36,66,Barcelona,84.197
33,4,2,33,66,Barcelona,84.495
34,15,1,35,66,Barcelona,85.133
35,12,2,37,66,Barcelona,84.515
36,2,1,36,66,Barcelona,84.298
37,8,0,44,66,Barcelona,84.13
38,13,1,31,66,Barcelona,84.019
39,1,2,43,66,Barcelona,83.755
40,6,1,32,66,Barcelona,83.764
41,6,2,38,66,Barcelona,84.031
42,7,0,35,66,Barcelona,86.151
43,19,1,33,66,Barcelona,83.462
44,11,0,44,66,Barcelona,83.975
45,17,0,40,66,Barcelona,84.115
46,8,0,33,66,Barcelona,83.581
47,12,0,35,66,Barcelona,83.226
48,2,2,34,66,Barcelona,82.707
49,15,1,34,66,Barcelona,83.51
50,3,0,38,66,Barcelona,83.319
51,5,2,44,66,Barcelona,83.467
52,6,2,30,66,Barcelona,83.356
53,7,1,37,66,Barcelona,85.144
54,14,1,34,66,Barcelona,83.434
55,12,1,41,66,Barcelona,83.76
56,10,0,35,66,Barcelona,84.557
57,18,1,38,66,Barcelona,83.56
58,2,2,36,66,Barcelona,83.695
59,18,1,34,66,Barcelona,85.977
60,14,1,38,66,Barcelona,84.14
61,8,0,36,66,Barcelona,84.033
62,9,2,42,66,Barcelona,84.787
63,15,2,42,66,Barcelona,84.111
64,6,2,30,66,Barcelona,84.407
65,1,2,32,66,Barcelona,84.668
1,6,1,42,66,Barcelona,95.089
2,13,1,42,66,Barcelona,88.222
3,10,0,40,66,Barcelona,86.157
4,6,2,35,66,Barcelona,85.905
5,19,2,30,66,Barcelona,86.598
6,12,1,32,66,Barcelona,85.747
7,10,2,42,66,Barcelona,85.818
8,16,2,30,66,Barcelona,85.949
9,11,1,31,66,Barcelona,86.006
10,5,2,41,66,Barcelona,85.632
11,6,0,31,66,Barcelona,85.35
12,14,1,39,66,Barcelona,85.06
13,19,1,44,66,Barcelona,85.458
14,9,2,36,66,Barcelona,85.601
15,2,0,30,66,Barcelona,85.804
16,8,1,38,66,Barcelona,85.492
17,5,0,41,66,Barcelona,85.443
18,12,1,33,66,Barcelona,85.359
19,13,1,38,66,Barcelona,85.123
20,12,0,39,66,Barcelona,85.553
21,8,1,30,66,Barcelona,86.115
22,17,1,32,66,Barcelona,84.63
23,2,0,30,66,Barcelona,85.137
24,3,2,32,66,Barcelona,85.005
25,13,1,38,66,Barcelona,85.214
26,11,2,37,66,Barcelona,85.269
27,14,0,37,66,Barcelona,85.474
28,4,1,43,66,Barcelona,85.594
29,8,1,36,66,Barcelona,87.145
30,4,1,44,66,Barcelona,85.04
31,4,1,30,66,Barcelona,85.455
32,4,0,32,66,Barcelona,85.482
33,15,2,42,66,Barcelona,85.185
34,1,0,37,66,Barcelona,85.299
35,1,0,44,66,Barcelona,89.972
36,16,1,34,66,Barcelona,104.384
37,5,2,36,66,Barcelona,86.655
38,14,1,36,66,Barcelona,85.005
39,13,1,43,66,Barcelona,84.897
40,13,2,38,66,Barcelona,88.239
41,19,2,41,66,Barcelona,84.306
42,4,1,32,66,Barcelona,84.61
43,19,1,41,66,Barcelona,84.493
44,19,2,40,66,Barcelona,83.99
45,15,2,43,66,Barcelona,84.263
46,18,0,39,66,Barcelona,83.446
47,10,2,34,66,Barcelona,83.625
48,13,1,38,66,Barcelona,83.025
49,12,2,33,66,Barcelona,82.976
50,16,0,37,66,Barcelona,82.843
51,2,0,33,66,Barcelona,82.464
52,17,0,39,66,Barcelona,84.511
53,8,2,35,66,Barcelona,82.515
54,1,0,42,66,Barcelona,82.595
55,1,1,30,66,Barcelona,82.816
56,4,2,32,66,Barcelona,82.795
57,8,2,35,66,Barcelona,84.81
58,8,2,39,66,Barcelona,82.76
59,8,2,37,66,Barcelona,82.944
60,4,2,35,66,Barcelona,82.861
61,9,0,32,66,Barcelona,82.701
62,14,1,36,66,Barcelona,83.71
63,10,2,32,66,Barcelona,83.123
64,15,0,43,66,Barcelona,84.095
65,7,0,40,66,Barcelona,84.306
1,16,0,44,66,Barcelona,95.427
2,12,2,42,66,Barcelona,87.108
3,2,2,31,66,Barcelona,85.954
4,8,2,31,66,Barcelona,85.718
5,15,1,41,66,Barcelona,86.721
6,7,0,37,66,Barcelona,85.668
7,1,0,41,66,Barcelona,85.483
8,11,1,41,66,Barcelona,85.448
9,10,0,43,66,Barcelona,85.387
10,1,2,38,66,Barcelona,85.808
11,2,2,33,66,Barcelona,85.165
12,16,2,44,66,Barcelona,85.243
13,2,1,31,66,Barcelona,85.42
14,2,1,35,66,Barcelona,85.532
15,1,1,33,66,Barcelona,85.249
16,18,0,30,66,Barcelona,85.635
17,6,2,44,66,Barcelona,85.703
18,16,2,33,66,Barcelona,85.74
19,1,2,35,66,Barcelona,85.63
20,12,2,34,66,Barcelona,86.056
21,17,1,32,66,Barcelona,90.029
22,9,2,35,66,Barcelona,104.714
23,6,2,31,66,Barcelona,83.233
24,3,1,43,66,Barcelona,83.987
25,19,1,34,66,Barcelona,84.676
26,14,0,34,66,Barcelona,84.096
27,8,2,41,66,Barcelona,84.007
28,14,1,30,66,Barcelona,84.316
29,7,1,40,66,Barcelona,84.328
30,7,2,36,66,Barcelona,85.896
31,15,0,36,66,Barcelona,84.861
32,16,2,41,66,Barcelona,85.112
33,16,1,43,66,Barcelona,85.177
34,10,2,38,66,Barcelona,86.504
35,19,1,35,66,Barcelona,84.867
36,6,1,33,66,Barcelona,84.704
37,6,0,39,66,Barcelona,83.772
38,16,0,34,66,Barcelona,83.692
39,19,0,37,66,Barcelona,83.652
40,13,0,34,66,Barcelona,84.177
41,11,2,38,66,Barcelona,84.26
42,8,1,32,66,Barcelona,84.37
43,4,2,30,66,Barcelona,84.211
44,3,1,33,66,Barcelona,85.774
45,3,1,44,66,Barcelona,88.586
46,13,1,30,66,Barcelona,101.148
47,7,2,30,66,Barcelona,82.336
48,4,1,39,66,Barcelona,82.476
49,19,1,34,66,Barcelona,82.977
50,12,0,31,66,Barcelona,83.435
51,7,1,43,66,Barcelona,83.896
52,11,1,40,66,Barcelona,82.879
53,6,0,36,66,Barcelona,82.74
54,12,1,42,66,Barcelona,83.042
55,14,0,32,66,Barcelona,84.64
56,10,1,43,66,Barcelona,82.644
57,2,1,42,66,Barcelona,82.993
58,19,2,38,66,Barcelona,82.823
59,8,1,44,66,Barcelona,82.815
60,15,2,40,66,Barcelona,82.873
61,10,1,30,66,Barcelona,82.695
62,19,1,40,66,Barcelona,83.103
63,10,1,37,66,Barcelona,83.25
64,5,0,31,66,Barcelona,83.559
65,5,1,34,66,Barcelona,84.578
1,6,2,42,66,Barcelona,96.577
2,8,1,44,66,Barcelona,87.659
3,5,1,36,66,Barcelona,86.534
4,5,0,33,66,Barcelona,85.872
5,18,0,42,66,Barcelona,86.146
6,19,1,44,66,Barcelona,86.01
7,17,2,37,66,Barcelona,85.985
8,18,1,37,66,Barcelona,86.126
9,11,0,31,66,Barcelona,85.944
10,16,2,33,66,Barcelona,85.929
11,13,2,31,66,Barcelona,85.566
12,14,2,35,66,Barcelona,85.743
13,7,2,33,66,Barcelona,85.934
14,2,1,38,66,Barcelona,86.026
15,7,1,35,66,Barcelona,85.898
16,18,0,36,66,Barcelona,85.702
17,5,1,34,66,Barcelona,85.554
18,12,2,30,66,Barcelona,85.839
19,1,1,30,66,Barcelona,85.845
20,6,1,41,66,Barcelona,85.794
21,16,2,30,66,Barcelona,85.854
22,14,1,36,66,Barcelona,85.901
23,3,1,30,66,Barcelona,85.832
24,17,2,30,66,Barcelona,85.749
25,6,1,43,66,Barcelona,85.575
26,5,0,40,66,Barcelona,85.596
27,3,0,33,66,Barcelona,85.77
28,7,1,41,66,Barcelona,93.003
29,3,0,37,66,Barcelona,105.827
30,12,2,35,66,Barcelona,83.846
31,5,0,43,66,Barcelona,84.319
32,16,1,38,66,Barcelona,84.439
33,1,0,30,66,Barcelona,84.282
34,14,2,43,66,Barcelona,84.688
35,14,2,39,66,Barcelona,85.963
36,16,2,44,66,Barcelona,84.755
37,10,1,42,66,Barcelona,86.708
38,9,2,30,66,Barcelona,85.565
39,18,2,37,66,Barcelona,84.546
40,19,0,35,66,Barcelona,84.848
41,15,0,36,66,Barcelona,84.969
42,4,0,31,66,Barcelona,84.731
43,11,1,36,66,Barcelona,85.034
44,9,0,35,66,Barcelona,85.383
45,8,2,39,66,Barcelona,84.01
46,14,1,34,66,Barcelona,85.846
47,3,0,40,66,Barcelona,84.253
48,17,2,38,66,Barcelona,83.956
49,7,2,44,66,Barcelona,85.495
50,13,1,31,66,Barcelona,83.935
51,10,0,35,66,Barcelona,83.883
52,5,2,35,66,Barcelona,83.944
53,10,1,43,66,Barcelona,83.999
54,10,2,30,66,Barcelona,83.758
55,7,0,43,66,Barcelona,84.227
56,8,2,44,66,Barcelona,85.883
57,19,1,33,66,Barcelona,84.075
58,7,2,40,66,Barcelona,84.267
59,16,1,30,66,Barcelona,84.382
60,6,2,36,66,Barcelona,85.281
61,9,0,31,66,Barcelona,84.066
62,1,1,41,66,Barcelona,84.008
63,8,0,42,66,Barcelona,83.837
64,1,0,38,66,Barcelona,83.474
65,2,0,38,66,Barcelona,83.925
1,4,1,41,66,Barcelona,97.063
2,11,1,37,66,Barcelona,87.754
3,4,0,37,66,Barcelona,86.782
4,11,2,41,66,Barcelona,85.754
5,11,1,30,66,Barcelona,86.228
6,2,1,39,66,Barcelona,86.104
7,10,1,44,66,Barcelona,85.983
8,11,1,32,66,Barcelona,86.085
9,5,1,32,66,Barcelona,85.876
10,8,0,43,66,Barcelona,86.069
11,1,1,40,66,Barcelona,85.713
12,4,1,37,66,Barcelona,85.619
13,4,2,38,66,Barcelona,85.768
14,16,1,32,66,Barcelona,86.218
15,16,0,41,66,Barcelona,85.842
16,10,2,42,66,Barcelona,85.965
17,17,1,38,66,Barcelona,85.511
18,13,0,42,66,Barcelona,86.17
19,2,0,33,66,Barcelona,86.364
20,7,0,30,66,Barcelona,92.154
21,5,1,37,66,Barcelona,102.682
22,14,2,38,66,Barcelona,83.417
23,17,0,35,66,Barcelona,83.929
24,16,1,41,66,Barcelona,85.26
25,7,0,43,66,Barcelona,87.322
26,16,1,43,66,Barcelona,84.158
27,13,1,38,66,Barcelona,84.619
28,5,1,38,66,Barcelona,84.575
29,2,0,38,66,Barcelona,84.81
30,11,1,43,66,Barcelona,85.156
31,15,2,33,66,Barcelona,87.329
32,4,0,30,66,Barcelona,83.791
33,2,2,44,66,Barcelona,84.48
34,11,0,33,66,Barcelona,84.525
35,3,1,42,66,Barcelona,84.963
36,14,1,42,66,Barcelona,86.454
37,10,1,42,66,Barcelona,86.951
38,16,1,34,66,Barcelona,85.133
39,7,0,44,66,Barcelona,85.031
40,1,0,33,66,Barcelona,87.871
41,11,1,44,66,Barcelona,85.351
42,1,0,40,66,Barcelona,85.333
43,17,2,42,66,Barcelona,85.342
44,17,2,41,66,Barcelona,89.319
45,16,2,31,66,Barcelona,101.351
46,12,0,39,66,Barcelona,82.191
47,8,1,42,66,Barcelona,81.888
48,4,2,43,66,Barcelona,83.112
49,18,0,40,66,Barcelona,82.382
50,10,2,33,66,Barcelona,83.247
51,16,2,43,66,Barcelona,82.927
52,4,1,39,66,Barcelona,82.924
53,14,1,33,66,Barcelona,82.921
54,8,0,40,66,Barcelona,83.36
55,8,1,38,66,Barcelona,83.444
56,9,1,33,66,Barcelona,83.641
57,9,1,32,66,Barcelona,85.165
58,4,2,35,66,Barcelona,82.047
59,16,2,31,66,Barcelona,83.088
60,7,0,39,66,Barcelona,82.025
61,17,1,42,66,Barcelona,82.422
62,15,1,32,66,Barcelona,82.687
63,19,2,33,66,Barcelona,82.858
64,7,2,34,66,Barcelona,82.983
65,9,1,36,66,Barcelona,83.196
1,14,2,42,66,Barcelona,97.691
2,6,2,40,66,Barcelona,87.756
3,16,1,30,66,Barcelona,87.062
4,12,1,31,66,Barcelona,86.003
5,16,0,33,66,Barcelona,86.246
6,15,2,31,66,Barcelona,86.062
7,14,1,34,66,Barcelona,86.085
8,8,0,42,66,Barcelona,86.015
9,4,0,41,66,Barcelona,85.914
10,6,2,42,66,Barcelona,85.926
11,3,2,30,66,Barcelona,85.742
12,5,1,37,66,Barcelona,85.643
13,14,0,41,66,Barcelona,85.814
14,10,1,36,66,Barcelona,85.917
15,6,0,40,66,Barcelona,85.685
16,15,1,36,66,Barcelona,86.126
17,1,2,42,66,Barcelona,85.532
18,10,1,44,66,Barcelona,85.812
19,5,0,44,66,Barcelona,86.351
20,3,1,40,66,Barcelona,85.429
21,10,0,31,66,Barcelona,85.17
22,5,2,37,66,Barcelona,85.4
23,18,1,39,66,Barcelona,85.619
24,4,0,39,66,Barcelona,85.892
25,10,1,32,66,Barcelona,85.427
26,5,1,35,66,Barcelona,85.641
27,17,2,43,66,Barcelona,85.627
28,2,0,32,66,Barcelona,85.135
29,10,0,38,66,Barcelona,85.39
30,18,2,30,66,Barcelona,86.752
31,2,1,38,66,Barcelona,85.221
32,8,1,36,66,Barcelona,85.348
33,12,2,38,66,Barcelona,86.587
34,4,1,39,66,Barcelona,90.189
35,5,1,32,66,Barcelona,104.84
36,3,2,31,66,Barcelona,86.429
37,6,0,30,66,Barcelona,84.746
38,6,0,35,66,Barcelona,84.692
39,2,2,41,66,Barcelona,84.524
40,8,1,34,66,Barcelona,84.817
41,11,2,41,66,Barcelona,85.503
42,4,0,34,66,Barcelona,85.019
43,8,2,37,66,Barcelona,85.015
44,7,0,40,66,Barcelona,85.6
45,5,0,34,66,Barcelona,86.222
46,7,2,42,66,Barcelona,83.775
47,5,2,33,66,Barcelona,83.871
48,14,1,33,66,Barcelona,84.401
49,7,2,40,66,Barcelona,83.991
50,8,2,36,66,Barcelona,83.579
51,13,2,39,66,Barcelona,83.491
52,10,2,39,66,Barcelona,83.708
53,7,1,30,66,Barcelona,83.962
54,3,1,38,66,Barcelona,83.426
55,17,1,42,66,Barcelona,83.937
56,15,0,34,66,Barcelona,83.674
57,8,0,38,66,Barcelona,82.82
58,19,1,30,66,Barcelona,83.239
59,1,2,40,66,Barcelona,83.025
60,15,2,35,66,Barcelona,83.023
61,17,1,38,66,Barcelona,82.823
62,11,0,43,66,Barcelona,82.786
63,11,2,42,66,Barcelona,82.764
64,6,0,31,66,Barcelona,83.122
65,12,0,43,66,Barcelona,82.174
1,15,0,31,66,Barcelona,98.499
2,13,1,37,66,Barcelona,87.73
3,3,2,41,66,Barcelona,87.276
4,17,2,31,66,Barcelona,86.333
5,6,1,34,66,Barcelona,87.526
6,9,1,42,66,Barcelona,86.346
7,19,2,30,66,Barcelona,86.635
8,9,2,42,66,Barcelona,86.377
9,11,1,33,66,Barcelona,85.818
10,6,2,33,66,Barcelona,85.921
11,16,2,42,66,Barcelona,86.252
12,3,0,36,66,Barcelona,85.83
13,4,1,40,66,Barcelona,86.015
14,3,2,39,66,Barcelona,85.999
15,11,1,31,66,Barcelona,86.037
16,12,0,42,66,Barcelona,86.133
17,19,0,34,66,Barcelona,85.962
18,13,2,32,66,Barcelona,86.398
19,18,1,42,66,Barcelona,86.001
20,8,2,40,66,Barcelona,86.162
21,19,1,34,66,Barcelona,86.031
22,4,0,31,66,Barcelona,86.972
23,18,1,41,66,Barcelona,86.063
24,19,2,33,66,Barcelona,85.936
25,16,1,42,66,Barcelona,86.193
26,1,2,37,66,Barcelona,87.252
27,9,1,32,66,Barcelona,86.035
28,10,2,35,66,Barcelona,86.681
29,14,2,34,66,Barcelona,86.034
30,3,1,36,66,Barcelona,87.232
31,8,2,33,66,Barcelona,88.15
32,14,1,41,66,Barcelona,91.836
33,14,2,33,66,Barcelona,104.068
34,10,2,33,66,Barcelona,83.361
35,4,1,32,66,Barcelona,83.569
36,13,2,32,66,Barcelona,84.344
37,3,0,40,66,Barcelona,83.34
38,7,0,32,66,Barcelona,83.619
39,5,1,35,66,Barcelona,83.509
40,18,2,33,66,Barcelona,83.714
41,7,1,33,66,Barcelona,83.837
42,9,1,41,66,Barcelona,83.877
43,17,0,42,66,Barcelona,85.595
44,12,0,41,66,Barcelona,84.409
45,15,2,31,66,Barcelona,84.657
46,9,0,38,66,Barcelona,84.599
47,3,2,32,66,Barcelona,83.851
48,3,0,36,66,Barcelona,84.338
49,5,1,33,66,Barcelona,84.178
50,8,0,41,66,Barcelona,83.88
51,12,2,37,66,Barcelona,84.878
52,16,1,35,66,Barcelona,83.721
53,17,2,32,66,Barcelona,83.543
54,16,1,30,66,Barcelona,84.251
55,14,1,35,66,Barcelona,85.197
56,10,1,41,66,Barcelona,83.739
57,11,1,33,66,Barcelona,84.637
58,10,2,42,66,Barcelona,84.757
59,10,1,31,66,Barcelona,86.454
60,4,1,36,66,Barcelona,84.419
61,19,0,33,66,Barcelona,84.274
62,13,2,42,66,Barcelona,93.951
63,7,1,31,66,Barcelona,114.308
64,14,2,32,66,Barcelona,80.409
1,19,2,44,66,Barcelona,98.758
2,11,0,39,66,Barcelona,88.166
3,17,2,36,66,Barcelona,87.264
4,1,0,41,66,Barcelona,86.168
5,3,1,43,66,Barcelona,85.663
6,16,1,38,66,Barcelona,86.025
7,17,2,33,66,Barcelona,86.163
8,17,0,38,66,Barcelona,86.147
9,1,1,34,66,Barcelona,86.308
10,11,0,37,66,Barcelona,86.112
11,8,1,31,66,Barcelona,86.061
12,7,2,34,66,Barcelona,85.828
13,2,2,30,66,Barcelona,86.111
14,5,0,33,66,Barcelona,86.309
15,1,2,44,66,Barcelona,85.609
16,19,1,32,66,Barcelona,85.839
17,8,1,36,66,Barcelona,85.699
18,10,2,35,66,Barcelona,86.506
19,10,2,30,66,Barcelona,89.47
20,12,2,38,66,Barcelona,102.091
21,8,0,32,66,Barcelona,83.576
22,16,1,34,66,Barcelona,83.916
23,17,0,43,66,Barcelona,84.064
24,19,0,41,66,Barcelona,85.805
25,5,1,43,66,Barcelona,84.729
26,2,1,36,66,Barcelona,85.444
27,15,0,43,66,Barcelona,85.047
28,5,2,35,66,Barcelona,84.956
29,7,1,35,66,Barcelona,84.753
30,6,2,42,66,Barcelona,85.46
31,14,0,39,66,Barcelona,84.84
32,11,1,34,66,Barcelona,85.051
33,1,0,35,66,Barcelona,84.893
34,19,1,40,66,Barcelona,84.859
35,1,0,41,66,Barcelona,87.956
36,15,2,44,66,Barcelona,100.624
37,18,2,41,66,Barcelona,82.503
38,9,0,44,66,Barcelona,83.157
39,2,1,30,66,Barcelona,84.738
40,15,0,40,66,Barcelona,85.26
41,14,1,31,66,Barcelona,84.938
42,14,1,31,66,Barcelona,84.701
43,8,2,39,66,Barcelona,85.461
44,2,2,33,66,Barcelona,86.257
45,13,0,41,66,Barcelona,85.058
46,17,1,43,66,Barcelona,83.843
47,3,1,32,66,Barcelona,84.522
48,18,1,31,66,Barcelona,84.294
49,1,1,44,66,Barcelona,84.016
50,17,1,44,66,Barcelona,84.058
51,18,0,39,66,Barcelona,83.775
52,14,1,36,66,Barcelona,84.008
53,8,0,37,66,Barcelona,84.424
54,1,2,34,66,Barcelona,83.863
55,1,2,44,66,Barcelona,84.245
56,3,2,37,66,Barcelona,84.022
57,1,0,38,66,Barcelona,85.274
58,7,2,39,66,Barcelona,85.234
59,6,2,31,66,Barcelona,84.412
60,11,2,41,66,Barcelona,84.478
61,18,0,42,66,Barcelona,85.649
62,5,0,40,66,Barcelona,84.923
63,9,0,42,66,Barcelona,84.724
64,16,2,35,66,Barcelona,84.89
65,14,1,41,66,Barcelona,85.659
1,13,0,39,66,Barcelona,99.048
2,16,2,40,66,Barcelona,88.572
3,11,1,37,66,Barcelona,87.417
4,8,0,39,66,Barcelona,86.551
5,16,1,31,66,Barcelona,86.812
6,12,0,42,66,Barcelona,86.529
7,2,2,43,66,Barcelona,86.295
8,8,0,43,66,Barcelona,86.397
9,8,1,42,66,Barcelona,86.061
10,10,2,43,66,Barcelona,86.236
11,6,2,36,66,Barcelona,86.182
12,14,0,31,66,Barcelona,86.115
13,15,1,37,66,Barcelona,85.99
14,5,0,30,66,Barcelona,86.159
15,13,1,37,66,Barcelona,86.019
16,12,2,43,66,Barcelona,86.203
17,14,0,41,66,Barcelona,86.227
18,15,0,39,66,Barcelona,86.143
19,13,2,39,66,Barcelona,86.496
20,15,1,39,66,Barcelona,86.609
21,6,1,35,66,Barcelona,90.247
22,13,0,42,66,Barcelona,102.797
23,9,1,39,66,Barcelona,83.614
24,12,1,36,66,Barcelona,83.946
25,5,1,44,66,Barcelona,84.157
26,12,1,34,66,Barcelona,84.603
27,14,1,40,66,Barcelona,86.594
28,15,2,42,66,Barcelona,84.395
29,13,1,38,66,Barcelona,84.637
30,4,1,37,66,Barcelona,84.386
31,7,0,34,66,Barcelona,84.71
32,11,2,41,66,Barcelona,84.589
33,15,0,41,66,Barcelona,84.105
34,17,2,35,66,Barcelona,84.661
35,3,1,38,66,Barcelona,86.546
36,16,1,37,66,Barcelona,84.876
37,4,1,40,66,Barcelona,84.795
38,4,2,30,66,Barcelona,85.099
39,9,2,42,66,Barcelona,87.331
40,13,2,44,66,Barcelona,84.985
41,14,0,33,66,Barcelona,87.515
42,17,1,30,66,Barcelona,85.121
43,5,2,42,66,Barcelona,85.078
44,18,1,32,66,Barcelona,85.259
45,16,0,37,66,Barcelona,90.045
46,17,1,43,66,Barcelona,100.982
47,15,2,41,66,Barcelona,81.801
48,13,1,31,66,Barcelona,82.614
49,14,1,43,66,Barcelona,82.46
50,11,0,35,66,Barcelona,82.719
51,4,2,41,66,Barcelona,82.663
52,11,0,43,66,Barcelona,83.133
53,14,1,38,66,Barcelona,83.104
54,9,2,30,66,Barcelona,83.201
55,19,0,44,66,Barcelona,82.961
56,19,0,40,66,Barcelona,83.198
57,19,1,32,66,Barcelona,83.166
58,15,0,41,66,Barcelona,83.572
59,2,0,30,66,Barcelona,83.844
60,11,0,42,66,Barcelona,83.931
61,7,1,30,66,Barcelona,82.504
62,5,2,38,66,Barcelona,83.06
63,8,1,30,66,Barcelona,83.251
64,1,0,37,66,Barcelona,83.16
65,8,1,38,66,Barcelona,83.593
1,7,0,42,66,Barcelona,99.559
2,10,0,41,66,Barcelona,89.197
3,12,2,36,66,Barcelona,87.177
4,7,1,34,66,Barcelona,87.476
5,6,1,41,66,Barcelona,87.348
6,4,1,41,66,Barcelona,87.676
7,15,1,33,66,Barcelona,86.775
8,19,1,31,66,Barcelona,86.21
9,5,2,39,66,Barcelona,86.467
10,1,0,44,66,Barcelona,86.808
11,4,1,32,66,Barcelona,86.626
12,3,2,32,66,Barcelona,86.325
13,2,2,37,66,Barcelona,86.067
14,16,2,39,66,Barcelona,86.15
15,1,2,31,66,Barcelona,86.112
16,14,0,32,66,Barcelona,85.82
17,1,1,34,66,Barcelona,85.911
18,11,0,36,66,Barcelona,86.048
19,11,2,40,66,Barcelona,86.108
20,16,1,30,66,Barcelona,86.014
21,16,2,42,66,Barcelona,86.284
22,8,2,30,66,Barcelona,86.415
23,16,0,37,66,Barcelona,87.576
24,15,2,35,66,Barcelona,87.235
25,3,1,32,66,Barcelona,87.954
26,6,1,37,66,Barcelona,88.389
27,2,1,34,66,Barcelona,87.915
28,10,2,30,66,Barcelona,92.945
29,18,1,36,66,Barcelona,102.684
30,10,1,38,66,Barcelona,82.825
31,2,2,30,66,Barcelona,83.461
32,16,2,40,66,Barcelona,84.172
33,17,1,43,66,Barcelona,85.634
34,14,1,32,66,Barcelona,84.634
35,16,0,36,66,Barcelona,84.405
36,16,1,33,66,Barcelona,84.335
37,11,0,31,66,Barcelona,84.077
38,10,0,30,66,Barcelona,84.496
39,11,0,44,66,Barcelona,84.621
40,4,0,31,66,Barcelona,83.981
41,19,0,38,66,Barcelona,84.459
42,17,2,43,66,Barcelona,84.403
43,14,1,40,66,Barcelona,84.54
44,7,1,39,66,Barcelona,85.052
45,8,2,38,66,Barcelona,83.911
46,12,2,44,66,Barcelona,83.794
47,10,2,30,66,Barcelona,83.699
48,6,1,33,66,Barcelona,85.181
49,10,2,37,66,Barcelona,89.352
50,12,1,43,66,Barcelona,101.488
51,6,1,32,66,Barcelona,82.384
52,18,1,39,66,Barcelona,83.014
53,8,1,35,66,Barcelona,82.937
54,12,1,30,66,Barcelona,82.882
55,6,2,35,66,Barcelona,82.901
56,15,1,38,66,Barcelona,83.194
57,19,1,41,66,Barcelona,82.59
58,5,1,32,66,Barcelona,82.741
59,14,1,44,66,Barcelona,82.491
60,4,1,42,66,Barcelona,82.03
61,19,2,42,66,Barcelona,82.422
62,11,1,36,66,Barcelona,82.909
63,9,1,40,66,Barcelona,83.479
64,12,0,41,66,Barcelona,85.532
1,18,2,33,53,Monza,85.914
2,5,1,31,53,Monza,85.265
3,11,0,43,53,Monza,85.539
4,3,2,41,53,Monza,85.372
5,11,0,39,53,Monza,85.541
6,1,2,32,53,Monza,84.89
7,15,1,37,53,Monza,85.074
8,8,2,39,53,Monza,85.006
9,4,1,37,53,Monza,85.47
10,6,0,40,53,Monza,84.928
11,14,0,33,53,Monza,84.852
12,4,1,44,53,Monza,85.225
13,16,2,33,53,Monza,85.077
14,3,1,37,53,Monza,84.995
15,3,1,42,53,Monza,84.915
16,19,1,32,53,Monza,84.626
17,4,0,36,53,Monza,84.894
18,16,1,33,53,Monza,84.768
19,8,1,38,53,Monza,84.795
20,17,1,41,53,Monza,96.982
21,18,1,38,53,Monza,151.856
22,8,1,30,53,Monza,129.96
23,9,1,39,53,Monza,129.173
24,11,0,44,53,Monza,83.504
25,1,1,33,53,Monza,119.828
26,14,1,30,53,Monza,160.309
28,2,2,41,53,Monza,145.356
29,16,1,33,53,Monza,112.23
30,6,1,44,53,Monza,83.765
31,10,0,42,53,Monza,83.464
32,3,0,44,53,Monza,82.901
33,8,0,32,53,Monza,82.955
34,15,2,42,53,Monza,82.746
35,11,0,37,53,Monza,83.549
36,13,1,30,53,Monza,83.334
37,10,1,31,53,Monza,84.384
38,10,2,31,53,Monza,85.073
39,14,1,35,53,Monza,84.85
40,14,1,33,53,Monza,84.456
41,18,0,35,53,Monza,84.844
42,19,1,40,53,Monza,83.777
43,1,0,38,53,Monza,83.374
44,12,1,43,53,Monza,84.559
45,9,1,35,53,Monza,84.384
46,16,2,44,53,Monza,85.315
47,12,0,33,53,Monza,84.11
48,8,1,31,53,Monza,84.231
49,19,1,37,53,Monza,82.908
50,19,0,44,53,Monza,84.11
51,9,1,30,53,Monza,83.743
52,19,1,30,53,Monza,83.446
53,9,2,40,53,Monza,84.182
1,8,0,39,53,Monza,87.292
2,9,2,39,53,Monza,85.769
3,4,2,34,53,Monza,85.78
4,3,0,40,53,Monza,85.822
5,14,1,31,53,Monza,85.811
6,3,2,44,53,Monza,85.806
7,1,2,31,53,Monza,85.54
8,2,0,30,53,Monza,85.712
9,13,1,37,53,Monza,85.675
10,15,2,30,53,Monza,85.755
11,5,2,37,53,Monza,85.748
12,4,0,36,53,Monza,85.718
13,4,1,41,53,Monza,85.921
14,1,0,42,53,Monza,85.7
15,13,1,44,53,Monza,85.819
16,9,0,30,53,Monza,85.73
17,5,1,34,53,Monza,85.632
18,2,2,33,53,Monza,85.646
19,12,0,32,53,Monza,85.797
20,2,0,34,53,Monza,99.799
21,16,1,37,53,Monza,133.681
22,3,2,31,53,Monza,132.419
23,11,1,32,53,Monza,131.648
24,19,2,39,53,Monza,87.151
25,17,2,37,53,Monza,118.312
26,5,2,33,53,Monza,164.615
28,6,0,43,53,Monza,133.599
29,2,0,35,53,Monza,85.111
30,5,1,31,53,Monza,85.035
31,5,2,35,53,Monza,84.242
32,4,0,37,53,Monza,84.392
33,18,2,40,53,Monza,84.461
34,11,2,41,53,Monza,84.398
35,9,0,30,53,Monza,84.152
36,13,2,38,53,Monza,83.942
37,9,1,39,53,Monza,84.278
38,4,2,40,53,Monza,84.211
39,4,0,36,53,Monza,83.987
40,18,0,33,53,Monza,83.882
41,4,1,36,53,Monza,84.071
42,4,2,38,53,Monza,84.138
43,15,2,33,53,Monza,84.474
44,11,0,37,53,Monza,84.168
45,1,1,40,53,Monza,84.219
46,4,0,31,53,Monza,84.191
47,7,1,41,53,Monza,84.168
48,14,0,42,53,Monza,84.427
49,11,1,40,53,Monza,84.286
50,11,0,32,53,Monza,84.477
51,1,1,34,53,Monza,84.699
52,5,0,33,53,Monza,84.491
53,13,2,39,53,Monza,85.311
1,19,2,42,53,Monza,88.591
2,4,1,34,53,Monza,86.0
3,10,0,39,53,Monza,86.125
4,16,1,43,53,Monza,85.854
5,1,2,40,53,Monza,85.951
6,13,2,40,53,Monza,86.204
7,14,2,30,53,Monza,86.046
8,9,1,39,53,Monza,86.049
9,10,1,42,53,Monza,86.204
10,9,2,34,53,Monza,85.703
11,12,2,31,53,Monza,85.776
12,6,2,38,53,Monza,85.942
13,9,0,41,53,Monza,85.915
14,17,0,32,53,Monza,85.913
15,4,2,38,53,Monza,85.807
16,15,1,43,53,Monza,85.847
17,15,0,35,53,Monza,85.677
18,5,1,44,53,Monza,85.724
19,16,1,36,53,Monza,85.796
20,15,1,35,53,Monza,101.652
21,9,1,38,53,Monza,131.381
22,18,1,43,53,Monza,135.263
23,12,0,32,53,Monza,125.092
24,19,0,31,53,Monza,87.636
25,13,0,31,53,Monza,119.453
26,5,2,37,53,Monza,167.109
28,6,1,34,53,Monza,133.905
29,19,0,31,53,Monza,85.769
30,7,2,41,53,Monza,85.19
31,12,1,32,53,Monza,84.675
32,12,2,44,53,Monza,84.782
33,15,2,37,53,Monza,84.633
34,10,1,43,53,Monza,84.736
35,7,0,37,53,Monza,85.549
36,13,1,38,53,Monza,84.518
37,12,1,33,53,Monza,84.769
38,1,1,41,53,Monza,84.526
39,12,2,38,53,Monza,84.249
40,3,0,33,53,Monza,84.264
41,5,1,43,53,Monza,84.24
42,4,0,41,53,Monza,84.441
43,12,0,32,53,Monza,84.53
44,11,1,36,53,Monza,84.508
45,8,2,31,53,Monza,84.511
46,9,0,41,53,Monza,84.321
47,3,2,36,53,Monza,84.312
48,15,2,32,53,Monza,84.277
49,18,2,32,53,Monza,84.329
50,19,1,37,53,Monza,84.232
51,15,1,35,53,Monza,84.253
52,3,1,35,53,Monza,84.247
53,2,0,30,53,Monza,84.31
1,5,1,40,53,Monza,89.372
2,2,2,44,53,Monza,86.136
3,16,0,43,53,Monza,85.889
4,11,0,30,53,Monza,86.019
5,11,1,42,53,Monza,86.423
6,15,0,30,53,Monza,86.025
7,16,0,42,53,Monza,85.733
8,9,0,38,53,Monza,85.821
9,15,1,30,53,Monza,86.612
10,7,0,30,53,Monza,85.715
11,1,1,30,53,Monza,85.921
12,4,0,41,53,Monza,86.134
13,13,0,32,53,Monza,85.98
14,7,2,31,53,Monza,86.043
15,2,0,30,53,Monza,86.026
16,15,0,44,53,Monza,85.869
17,11,1,36,53,Monza,85.775
18,9,1,42,53,Monza,85.47
19,15,2,44,53,Monza,85.596
20,15,2,43,53,Monza,101.203
21,1,0,38,53,Monza,131.256
22,16,1,31,53,Monza,134.803
23,12,2,39,53,Monza,126.769
24,7,2,42,53,Monza,89.775
25,7,1,34,53,Monza,123.207
26,10,1,36,53,Monza,173.657
28,5,0,31,53,Monza,122.131
29,18,1,37,53,Monza,86.391
30,3,0,34,53,Monza,85.626
31,3,2,43,53,Monza,84.839
32,14,1,32,53,Monza,84.82
33,2,0,39,53,Monza,84.836
34,4,0,30,53,Monza,84.556
35,7,2,32,53,Monza,85.058
36,2,1,32,53,Monza,85.189
37,15,1,39,53,Monza,85.312
38,4,0,31,53,Monza,85.676
39,12,2,32,53,Monza,84.728
40,7,2,37,53,Monza,85.062
41,14,1,42,53,Monza,85.315
42,9,2,32,53,Monza,85.599
43,8,1,43,53,Monza,85.962
44,5,0,32,53,Monza,85.547
45,15,0,34,53,Monza,85.523
46,14,2,35,53,Monza,84.922
47,8,2,31,53,Monza,84.464
48,4,1,38,53,Monza,84.487
49,5,0,37,53,Monza,85.49
50,15,1,36,53,Monza,84.336
51,3,0,41,53,Monza,84.821
52,16,1,41,53,Monza,84.632
53,4,2,39,53,Monza,85.416
1,16,2,39,53,Monza,90.222
2,7,2,30,53,Monza,86.185
3,2,0,39,53,Monza,85.976
4,7,1,30,53,Monza,85.983
5,1,1,32,53,Monza,86.308
6,7,2,36,53,Monza,86.064
7,19,1,42,53,Monza,86.153
8,16,0,41,53,Monza,86.008
9,17,1,41,53,Monza,86.178
10,13,2,34,53,Monza,85.761
11,2,2,37,53,Monza,85.823
12,14,2,36,53,Monza,85.99
13,4,0,34,53,Monza,86.079
14,16,2,43,53,Monza,86.113
15,14,0,39,53,Monza,86.147
16,18,2,35,53,Monza,86.123
17,6,2,37,53,Monza,85.474
18,18,1,32,53,Monza,85.682
19,14,1,31,53,Monza,85.644
20,16,0,31,53,Monza,101.805
21,5,0,40,53,Monza,131.125
22,18,2,32,53,Monza,133.747
23,17,0,34,53,Monza,125.316
24,8,0,35,53,Monza,87.928
25,10,2,43,53,Monza,120.373
26,15,0,33,53,Monza,170.973
28,8,1,36,53,Monza,128.417
29,18,2,38,53,Monza,86.084
30,6,1,33,53,Monza,85.244
31,18,0,42,53,Monza,85.034
32,7,2,40,53,Monza,84.686
33,3,0,31,53,Monza,84.575
34,12,1,30,53,Monza,84.679
35,11,2,41,53,Monza,85.394
36,9,1,35,53,Monza,85.512
37,5,0,35,53,Monza,85.252
38,7,1,40,53,Monza,83.898
39,10,2,41,53,Monza,84.403
40,1,2,34,53,Monza,84.167
41,17,1,36,53,Monza,84.129
42,2,2,43,53,Monza,85.232
43,11,2,34,53,Monza,84.407
44,17,2,39,53,Monza,84.1
45,5,0,44,53,Monza,84.922
46,16,2,36,53,Monza,83.929
47,1,2,30,53,Monza,84.245
48,18,0,31,53,Monza,84.237
49,17,0,39,53,Monza,84.257
50,5,1,32,53,Monza,84.297
51,9,0,34,53,Monza,83.963
52,15,0,43,53,Monza,84.392
53,3,1,43,53,Monza,84.571
1,3,0,33,53,Monza,90.934
2,7,2,40,53,Monza,86.027
3,12,0,32,53,Monza,85.971
4,13,2,34,53,Monza,86.052
5,14,2,35,53,Monza,86.119
6,12,1,30,53,Monza,86.552
7,13,1,41,53,Monza,86.075
8,19,2,31,53,Monza,86.101
9,16,2,32,53,Monza,86.13
10,6,1,41,53,Monza,85.347
11,18,1,38,53,Monza,86.311
12,2,1,41,53,Monza,85.845
13,8,1,42,53,Monza,86.377
14,12,0,33,53,Monza,86.07
15,16,0,38,53,Monza,86.388
16,15,0,44,53,Monza,85.792
17,2,0,40,53,Monza,86.018
18,14,1,35,53,Monza,85.789
19,14,1,31,53,Monza,85.739
20,7,1,33,53,Monza,102.462
21,15,2,32,53,Monza,129.652
22,9,0,43,53,Monza,133.491
23,9,1,43,53,Monza,123.911
24,16,0,41,53,Monza,87.662
25,9,2,44,53,Monza,119.515
26,6,1,31,53,Monza,168.691
28,11,1,30,53,Monza,132.05
29,2,1,43,53,Monza,86.085
30,5,0,34,53,Monza,85.285
31,2,1,33,53,Monza,84.611
32,13,2,40,53,Monza,84.777
33,1,2,31,53,Monza,84.659
34,17,1,31,53,Monza,84.782
35,4,0,39,53,Monza,85.505
36,19,0,30,53,Monza,85.3
37,8,1,44,53,Monza,84.194
38,8,0,41,53,Monza,84.632
39,8,1,30,53,Monza,84.482
40,14,1,30,53,Monza,84.121
41,16,0,36,53,Monza,84.032
42,17,2,41,53,Monza,84.405
43,15,2,35,53,Monza,84.44
44,16,1,39,53,Monza,84.429
45,8,2,42,53,Monza,84.665
46,11,0,41,53,Monza,84.246
47,16,0,38,53,Monza,84.445
48,4,0,41,53,Monza,84.649
49,3,2,33,53,Monza,84.452
50,14,2,41,53,Monza,83.997
51,12,2,37,53,Monza,83.961
52,19,2,33,53,Monza,84.075
53,5,1,38,53,Monza,84.688
1,6,1,43,53,Monza,91.365
2,8,1,31,53,Monza,86.762
3,9,0,38,53,Monza,85.744
4,16,1,32,53,Monza,85.862
5,14,0,37,53,Monza,85.962
6,14,1,32,53,Monza,86.589
7,6,0,43,53,Monza,86.095
8,7,2,40,53,Monza,86.269
9,1,0,40,53,Monza,86.208
10,9,2,35,53,Monza,85.539
11,8,2,44,53,Monza,85.77
12,15,1,37,53,Monza,85.902
13,11,0,35,53,Monza,86.537
14,18,1,36,53,Monza,85.933
15,15,0,39,53,Monza,86.279
16,19,1,44,53,Monza,85.983
17,5,1,34,53,Monza,85.955
18,8,2,43,53,Monza,85.851
19,7,1,39,53,Monza,86.285
20,12,1,37,53,Monza,102.806
21,7,2,40,53,Monza,128.928
22,12,2,40,53,Monza,133.034
23,19,1,41,53,Monza,125.006
24,2,1,43,53,Monza,87.525
25,3,0,42,53,Monza,120.818
26,15,0,31,53,Monza,172.315
28,12,0,43,53,Monza,128.026
29,18,2,39,53,Monza,88.033
30,6,2,31,53,Monza,90.133
1,19,2,40,53,Monza,91.644
2,12,0,39,53,Monza,86.152
3,1,0,32,53,Monza,87.284
4,17,0,43,53,Monza,85.988
5,10,1,41,53,Monza,86.053
6,10,0,42,53,Monza,86.215
7,10,1,37,53,Monza,86.337
8,18,2,35,53,Monza,86.225
9,17,2,31,53,Monza,86.276
10,5,1,41,53,Monza,85.912
11,19,2,37,53,Monza,86.14
12,4,2,35,53,Monza,85.856
13,13,2,42,53,Monza,86.096
14,3,2,38,53,Monza,86.071
15,6,1,39,53,Monza,86.251
16,12,0,38,53,Monza,85.977
17,12,1,31,53,Monza,86.092
18,4,0,34,53,Monza,85.913
19,11,2,41,53,Monza,85.782
20,7,1,37,53,Monza,103.654
21,4,0,32,53,Monza,127.978
22,18,0,43,53,Monza,129.19
23,2,0,33,53,Monza,123.063
24,18,1,41,53,Monza,85.553
25,1,0,43,53,Monza,117.537
26,13,1,37,53,Monza,161.282
28,4,1,37,53,Monza,144.316
29,2,2,34,53,Monza,86.247
30,1,0,35,53,Monza,85.171
31,4,1,32,53,Monza,84.372
32,17,0,34,53,Monza,84.46
33,18,0,31,53,Monza,84.505
34,10,0,36,53,Monza,85.134
35,17,0,32,53,Monza,84.743
36,10,0,42,53,Monza,84.045
37,17,0,41,53,Monza,84.154
38,9,0,43,53,Monza,84.116
39,1,1,38,53,Monza,84.211
40,17,0,40,53,Monza,84.05
41,2,1,35,53,Monza,84.309
42,14,0,31,53,Monza,83.897
43,18,0,33,53,Monza,84.179
44,10,2,33,53,Monza,84.328
45,16,0,33,53,Monza,84.346
46,9,1,43,53,Monza,84.266
47,8,0,32,53,Monza,84.259
48,2,1,41,53,Monza,84.692
49,14,2,30,53,Monza,84.349
50,18,0,43,53,Monza,84.335
51,9,1,33,53,Monza,84.511
52,1,2,44,53,Monza,84.866
53,11,2,38,53,Monza,84.97
1,18,2,40,53,Monza,92.119
2,7,2,34,53,Monza,87.003
3,5,1,43,53,Monza,86.564
4,12,1,33,53,Monza,86.116
5,4,0,38,53,Monza,86.217
6,14,0,36,53,Monza,86.124
7,16,0,42,53,Monza,86.276
8,9,1,43,53,Monza,86.374
9,18,1,44,53,Monza,86.364
10,13,1,31,53,Monza,86.042
11,5,1,31,53,Monza,86.082
12,7,2,42,53,Monza,85.992
13,15,2,41,53,Monza,86.033
14,15,0,40,53,Monza,86.177
15,7,2,42,53,Monza,86.325
16,11,2,34,53,Monza,86.123
17,17,2,40,53,Monza,86.062
18,3,1,35,53,Monza,86.049
19,7,2,38,53,Monza,86.323
20,16,0,44,53,Monza,105.791
21,8,2,37,53,Monza,124.86
22,10,0,36,53,Monza,135.968
23,11,2,36,53,Monza,120.155
24,17,0,33,53,Monza,87.649
25,11,0,41,53,Monza,122.384
26,1,1,30,53,Monza,171.846
28,14,1,34,53,Monza,123.904
29,8,0,39,53,Monza,86.462
30,3,1,38,53,Monza,85.492
31,1,1,33,53,Monza,85.037
32,5,1,31,53,Monza,84.831
33,12,0,40,53,Monza,84.658
34,12,1,32,53,Monza,84.616
35,4,0,35,53,Monza,84.835
36,5,2,31,53,Monza,85.62
37,18,2,36,53,Monza,85.591
38,16,2,36,53,Monza,84.969
39,1,0,30,53,Monza,84.848
40,18,1,30,53,Monza,85.273
41,6,1,42,53,Monza,85.304
42,5,2,33,53,Monza,85.157
43,2,2,44,53,Monza,84.878
44,14,0,38,53,Monza,84.635
45,14,1,41,53,Monza,84.701
46,4,1,33,53,Monza,84.699
47,16,1,33,53,Monza,84.699
48,2,1,32,53,Monza,84.744
49,1,1,44,53,Monza,84.748
50,14,0,41,53,Monza,84.607
51,4,1,43,53,Monza,84.684
52,14,2,39,53,Monza,84.49
53,4,1,35,53,Monza,86.0
1,11,0,33,53,Monza,92.608
2,19,1,33,53,Monza,87.139
3,9,0,34,53,Monza,86.536
4,4,1,40,53,Monza,86.255
5,19,1,32,53,Monza,86.196
6,6,0,32,53,Monza,86.364
7,5,2,35,53,Monza,86.16
8,12,2,44,53,Monza,86.485
9,4,1,44,53,Monza,86.229
10,7,2,33,53,Monza,86.157
11,16,1,42,53,Monza,86.2
12,6,0,40,53,Monza,86.047
13,6,0,31,53,Monza,86.432
14,4,1,36,53,Monza,86.308
15,8,2,32,53,Monza,86.35
16,16,1,31,53,Monza,86.266
17,16,2,30,53,Monza,86.281
18,12,2,32,53,Monza,86.519
19,2,1,44,53,Monza,90.727
20,9,0,32,53,Monza,134.173
21,18,0,39,53,Monza,116.545
22,2,2,36,53,Monza,107.466
23,10,2,31,53,Monza,117.108
24,11,0,44,53,Monza,86.016
25,1,0,41,53,Monza,117.481
26,10,1,36,53,Monza,162.38
28,15,0,35,53,Monza,139.007
29,18,0,33,53,Monza,84.607
30,7,1,30,53,Monza,84.707
31,15,2,43,53,Monza,84.642
32,19,1,37,53,Monza,84.257
33,4,1,33,53,Monza,84.044
34,12,0,36,53,Monza,84.037
35,2,2,30,53,Monza,84.245
36,3,1,36,53,Monza,84.555
37,6,2,39,53,Monza,84.39
38,7,0,33,53,Monza,84.341
39,4,1,36,53,Monza,84.083
40,9,0,30,53,Monza,84.134
41,3,1,33,53,Monza,84.312
42,13,0,43,53,Monza,84.325
43,2,1,35,53,Monza,84.491
44,2,0,34,53,Monza,84.539
45,5,1,39,53,Monza,84.576
46,6,0,34,53,Monza,84.404
47,15,0,33,53,Monza,84.274
48,16,1,44,53,Monza,84.467
49,15,0,38,53,Monza,84.35
50,10,1,31,53,Monza,84.367
51,1,0,44,53,Monza,84.754
52,2,0,36,53,Monza,85.111
53,15,2,41,53,Monza,85.783
1,9,1,38,53,Monza,93.274
2,8,2,41,53,Monza,87.353
3,17,0,44,53,Monza,86.602
4,14,0,39,53,Monza,86.181
5,5,0,38,53,Monza,86.08
6,9,1,40,53,Monza,86.175
7,3,2,33,53,Monza,86.202
8,17,1,44,53,Monza,86.309
9,2,0,33,53,Monza,86.685
10,1,0,40,53,Monza,86.194
11,11,1,35,53,Monza,86.183
12,9,1,41,53,Monza,86.103
13,5,0,36,53,Monza,86.209
14,15,0,42,53,Monza,86.232
15,5,1,39,53,Monza,86.448
16,7,1,32,53,Monza,86.358
17,9,0,44,53,Monza,86.183
18,6,2,43,53,Monza,86.424
19,4,0,30,53,Monza,86.894
20,1,2,41,53,Monza,107.228
21,2,2,44,53,Monza,121.971
22,12,1,43,53,Monza,134.53
23,18,1,34,53,Monza,119.872
24,12,2,30,53,Monza,87.579
25,14,1,33,53,Monza,123.764
26,3,2,35,53,Monza,172.468
28,6,0,35,53,Monza,122.677
29,14,1,40,53,Monza,86.469
30,7,1,30,53,Monza,85.48
31,14,2,35,53,Monza,85.052
32,15,2,43,53,Monza,84.816
33,12,2,30,53,Monza,84.601
34,17,1,36,53,Monza,84.783
35,12,2,31,53,Monza,84.953
36,13,1,37,53,Monza,85.371
37,7,2,36,53,Monza,85.62
38,5,1,41,53,Monza,85.154
39,11,2,37,53,Monza,84.929
40,7,2,42,53,Monza,85.075
41,14,1,39,53,Monza,85.395
42,17,2,30,53,Monza,85.286
43,17,1,34,53,Monza,86.108
44,9,2,40,53,Monza,84.479
45,19,0,31,53,Monza,84.654
46,10,0,35,53,Monza,84.632
47,14,1,42,53,Monza,84.566
48,17,2,34,53,Monza,84.703
49,19,1,35,53,Monza,84.78
50,14,0,38,53,Monza,84.749
51,16,1,40,53,Monza,86.357
52,6,2,32,53,Monza,85.034
53,2,1,33,53,Monza,85.452
1,1,1,35,53,Monza,93.635
2,16,1,31,53,Monza,87.629
3,7,2,37,53,Monza,86.82
4,8,1,36,53,Monza,86.318
5,4,0,32,53,Monza,86.468
6,10,2,40,53,Monza,86.218
7,6,1,34,53,Monza,86.331
8,10,1,40,53,Monza,86.453
9,11,1,33,53,Monza,86.418
10,6,0,42,53,Monza,86.11
11,16,0,38,53,Monza,86.404
12,11,2,38,53,Monza,86.215
13,3,2,43,53,Monza,86.387
14,8,1,30,53,Monza,86.189
15,7,1,31,53,Monza,86.291
16,19,1,35,53,Monza,86.492
17,4,0,36,53,Monza,86.341
18,18,2,43,53,Monza,90.683
19,3,2,39,53,Monza,106.392
20,5,1,43,53,Monza,114.667
21,17,2,40,53,Monza,118.974
22,4,2,33,53,Monza,104.371
23,3,2,32,53,Monza,115.684
24,7,2,34,53,Monza,87.134
25,16,1,42,53,Monza,117.398
26,12,2,40,53,Monza,162.943
28,6,1,40,53,Monza,137.83
29,8,0,35,53,Monza,84.835
30,14,0,39,53,Monza,84.955
31,18,2,41,53,Monza,85.064
32,15,2,38,53,Monza,84.856
33,9,1,44,53,Monza,84.926
34,13,1,44,53,Monza,86.295
35,9,0,38,53,Monza,86.632
36,11,0,31,53,Monza,85.851
37,18,1,38,53,Monza,86.169
38,14,0,42,53,Monza,85.642
39,18,2,43,53,Monza,85.034
40,15,0,44,53,Monza,85.2
41,17,1,34,53,Monza,85.263
42,16,1,34,53,Monza,85.312
43,17,0,39,53,Monza,87.247
44,13,1,44,53,Monza,85.988
45,13,1,39,53,Monza,85.729
46,15,2,31,53,Monza,87.555
47,8,2,42,53,Monza,85.676
48,5,0,40,53,Monza,85.509
49,5,2,40,53,Monza,85.891
50,6,2,42,53,Monza,85.828
51,10,2,35,53,Monza,86.924
52,16,1,39,53,Monza,87.447
53,1,1,32,53,Monza,87.243
1,12,2,42,53,Monza,94.071
2,8,2,34,53,Monza,88.003
3,9,1,42,53,Monza,86.925
4,14,1,44,53,Monza,86.623
5,5,1,42,53,Monza,86.354
6,9,1,42,53,Monza,86.545
7,10,2,33,53,Monza,86.527
8,11,1,32,53,Monza,86.623
9,18,0,30,53,Monza,86.752
10,14,2,43,53,Monza,86.405
11,1,1,39,53,Monza,86.409
12,8,0,40,53,Monza,86.377
13,10,2,31,53,Monza,86.557
14,2,0,37,53,Monza,86.709
15,6,2,42,53,Monza,86.721
16,10,1,43,53,Monza,86.779
17,14,1,41,53,Monza,93.33
18,5,2,36,53,Monza,107.411
19,6,1,41,53,Monza,86.026
20,18,0,30,53,Monza,115.933
21,17,1,33,53,Monza,117.406
22,10,2,35,53,Monza,97.614
23,19,2,43,53,Monza,115.578
1,7,1,41,53,Monza,94.388
2,3,0,33,53,Monza,88.219
3,1,2,33,53,Monza,87.114
4,15,2,30,53,Monza,87.834
5,4,0,38,53,Monza,86.385
6,14,0,37,53,Monza,86.631
7,14,0,41,53,Monza,86.613
8,8,2,42,53,Monza,86.496
9,7,1,37,53,Monza,86.742
10,2,0,40,53,Monza,86.683
11,4,2,35,53,Monza,86.719
12,16,0,40,53,Monza,86.566
13,7,0,30,53,Monza,86.664
14,6,1,35,53,Monza,86.619
15,4,1,43,53,Monza,86.757
16,1,0,34,53,Monza,86.523
17,13,1,30,53,Monza,87.155
18,3,1,37,53,Monza,86.524
19,7,2,31,53,Monza,86.623
20,6,1,36,53,Monza,112.074
21,6,1,44,53,Monza,134.369
22,5,2,38,53,Monza,106.855
23,9,0,38,53,Monza,116.623
24,8,1,43,53,Monza,87.887
25,10,0,35,53,Monza,117.955
26,2,0,39,53,Monza,163.733
28,6,2,34,53,Monza,136.861
29,15,2,35,53,Monza,85.496
30,17,0,39,53,Monza,89.629
31,16,2,43,53,Monza,112.567
32,16,2,43,53,Monza,85.338
33,10,2,34,53,Monza,85.252
34,13,2,40,53,Monza,85.101
35,1,2,33,53,Monza,85.59
36,1,0,40,53,Monza,85.729
37,15,0,30,53,Monza,85.773
38,5,0,39,53,Monza,85.518
39,1,1,32,53,Monza,85.322
40,12,1,36,53,Monza,85.005
41,17,0,34,53,Monza,85.494
42,13,2,31,53,Monza,85.086
43,4,1,39,53,Monza,84.856
44,2,0,37,53,Monza,85.04
45,13,2,39,53,Monza,85.191
46,9,1,33,53,Monza,84.937
47,19,0,43,53,Monza,85.116
48,11,2,30,53,Monza,85.203
49,8,1,44,53,Monza,85.088
50,8,1,37,53,Monza,85.509
51,3,2,34,53,Monza,85.489
52,1,2,30,53,Monza,85.814
53,6,0,35,53,Monza,86.004
1,5,2,30,53,Monza,94.938
2,17,1,35,53,Monza,88.308
3,6,1,32,53,Monza,86.964
4,12,0,43,53,Monza,86.472
5,13,1,43,53,Monza,86.159
6,19,0,44,53,Monza,86.59
7,1,2,43,53,Monza,86.732
8,15,1,42,53,Monza,86.376
9,11,1,43,53,Monza,86.798
10,3,2,35,53,Monza,86.697
11,10,1,44,53,Monza,86.745
12,16,0,39,53,Monza,86.273
13,15,1,31,53,Monza,86.382
14,19,1,39,53,Monza,86.53
15,15,2,40,53,Monza,86.51
16,16,1,33,53,Monza,86.407
17,4,1,32,53,Monza,86.535
18,3,1,42,53,Monza,85.826
19,2,2,30,53,Monza,86.167
20,18,0,39,53,Monza,108.383
21,15,0,42,53,Monza,118.471
22,3,2,37,53,Monza,132.273
23,6,2,40,53,Monza,120.478
24,19,2,35,53,Monza,88.148
25,6,1,42,53,Monza,125.099
26,16,0,41,53,Monza,174.57
28,19,1,38,53,Monza,119.895
29,9,0,41,53,Monza,87.314
30,3,0,44,53,Monza,86.687
31,12,0,30,53,Monza,85.012
32,15,2,38,53,Monza,85.181
33,9,0,41,53,Monza,85.699
34,4,0,38,53,Monza,86.008
35,3,2,31,53,Monza,85.607
36,9,2,39,53,Monza,85.781
37,3,2,40,53,Monza,85.142
38,10,1,37,53,Monza,85.054
39,16,1,37,53,Monza,84.888
40,14,2,30,53,Monza,86.464
41,8,1,41,53,Monza,85.441
42,19,2,42,53,Monza,85.949
43,7,1,35,53,Monza,85.523
44,17,0,40,53,Monza,85.722
45,19,1,42,53,Monza,85.433
46,14,2,30,53,Monza,85.188
47,6,0,39,53,Monza,85.049
48,19,1,42,53,Monza,84.926
49,7,1,33,53,Monza,85.002
50,14,2,36,53,Monza,85.03
51,5,1,37,53,Monza,86.631
52,9,2,33,53,Monza,85.921
53,18,1,34,53,Monza,85.864
1,17,2,41,53,Monza,95.429
2,11,2,36,53,Monza,88.613
3,8,2,34,53,Monza,87.27
4,12,1,31,53,Monza,87.145
5,12,1,41,53,Monza,86.662
6,12,2,44,53,Monza,87.137
7,7,0,36,53,Monza,86.733
8,1,0,33,53,Monza,86.846
9,19,2,44,53,Monza,86.803
10,14,0,43,53,Monza,86.446
11,11,0,32,53,Monza,86.624
12,13,1,33,53,Monza,86.79
13,13,2,43,53,Monza,86.664
14,9,1,30,53,Monza,86.984
15,16,2,34,53,Monza,86.395
16,11,1,40,53,Monza,86.392
17,18,0,41,53,Monza,86.682
18,2,0,44,53,Monza,86.764
19,14,2,35,53,Monza,87.098
20,9,1,31,53,Monza,109.843
21,6,1,40,53,Monza,117.173
22,10,1,30,53,Monza,126.512
23,19,0,43,53,Monza,119.923
24,19,0,36,53,Monza,88.896
25,2,1,31,53,Monza,125.217
26,3,2,36,53,Monza,176.823
28,5,2,32,53,Monza,116.96
29,3,0,40,53,Monza,86.862
30,3,0,42,53,Monza,86.154
31,13,0,36,53,Monza,85.44
32,14,2,36,53,Monza,85.491
33,19,0,30,53,Monza,85.842
34,19,0,37,53,Monza,86.004
35,15,0,41,53,Monza,85.581
36,3,2,37,53,Monza,85.206
37,1,2,31,53,Monza,84.993
38,19,0,34,53,Monza,85.071
39,8,0,30,53,Monza,84.866
40,12,1,44,53,Monza,85.968
41,16,2,35,53,Monza,85.751
42,16,0,31,53,Monza,86.478
43,13,0,41,53,Monza,85.192
44,3,1,44,53,Monza,85.226
45,1,1,40,53,Monza,85.348
46,5,1,36,53,Monza,85.079
47,14,1,31,53,Monza,84.955
48,9,0,44,53,Monza,84.785
49,19,2,41,53,Monza,85.956
50,6,0,38,53,Monza,85.344
51,4,1,41,53,Monza,86.161
52,6,0,30,53,Monza,86.18
53,19,0,33,53,Monza,85.462
1,11,1,42,53,Monza,96.445
2,19,1,33,53,Monza,89.298
3,5,0,38,53,Monza,87.399
4,10,2,32,53,Monza,87.331
5,12,0,33,53,Monza,87.639
6,2,1,30,53,Monza,87.37
7,8,2,31,53,Monza,87.045
8,19,1,40,53,Monza,86.696
9,12,0,30,53,Monza,86.423
10,6,2,34,53,Monza,86.315
11,10,2,31,53,Monza,86.794
12,1,0,35,53,Monza,86.565
13,1,1,43,53,Monza,86.334
14,16,2,37,53,Monza,86.31
15,19,1,38,53,Monza,87.017
16,3,2,39,53,Monza,86.475
17,3,0,36,53,Monza,86.56
18,6,0,41,53,Monza,86.498
19,10,1,34,53,Monza,86.308
20,17,0,35,53,Monza,111.022
21,7,0,37,53,Monza,116.998
22,9,1,34,53,Monza,124.514
23,7,1,34,53,Monza,118.97
24,6,0,43,53,Monza,88.503
25,14,0,42,53,Monza,124.397
26,14,0,41,53,Monza,173.709
28,11,2,39,53,Monza,120.963
29,19,2,37,53,Monza,87.271
30,10,2,40,53,Monza,86.607
31,11,1,33,53,Monza,84.861
32,3,1,35,53,Monza,85.098
33,2,1,43,53,Monza,85.808
34,16,0,33,53,Monza,86.14
35,16,0,39,53,Monza,85.658
36,16,1,44,53,Monza,85.347
37,12,1,33,53,Monza,85.124
38,11,1,39,53,Monza,85.032
39,13,2,41,53,Monza,84.421
40,5,1,43,53,Monza,86.342
41,8,0,32,53,Monza,86.287
42,14,2,40,53,Monza,85.864
43,10,1,33,53,Monza,85.492
44,13,2,38,53,Monza,85.36
45,11,1,34,53,Monza,85.181
46,3,2,42,53,Monza,85.164
47,2,2,42,53,Monza,85.192
48,8,2,40,53,Monza,84.962
49,15,1,41,53,Monza,85.112
50,14,2,44,53,Monza,85.184
51,6,2,30,53,Monza,86.584
52,17,1,34,53,Monza,86.098
53,8,2,39,53,Monza,86.137
1,14,1,42,53,Monza,97.087
2,17,2,39,53,Monza,87.933
3,5,0,42,53,Monza,87.646
4,4,1,32,53,Monza,87.107
5,9,0,35,53,Monza,88.32
6,9,2,37,53,Monza,140.757
1,19,0,38,53,Monza,97.259
2,1,2,32,53,Monza,89.052
3,8,2,43,53,Monza,88.069
4,14,0,42,53,Monza,87.537
5,2,0,42,53,Monza,87.599
6,12,1,38,53,Monza,87.485
7,5,2,36,53,Monza,87.335
8,19,1,35,53,Monza,87.001
9,19,0,42,53,Monza,87.178
10,8,0,40,53,Monza,86.433
11,18,0,37,53,Monza,86.487
12,15,0,31,53,Monza,86.515
13,19,0,31,53,Monza,86.551
14,7,0,44,53,Monza,86.833
15,15,0,44,53,Monza,86.52
16,12,2,43,53,Monza,90.872
17,11,1,39,53,Monza,108.068
18,11,0,42,53,Monza,86.132
19,9,2,42,53,Monza,86.418
20,14,2,38,53,Monza,119.685
21,16,2,40,53,Monza,106.24
22,19,1,35,53,Monza,97.594
23,16,0,40,53,Monza,115.314
24,16,1,36,53,Monza,89.279
25,11,1,32,53,Monza,120.295
26,11,1,44,53,Monza,169.016
28,19,1,35,53,Monza,130.291
29,16,1,42,53,Monza,87.61
30,5,0,38,53,Monza,85.99
31,4,1,31,53,Monza,85.302
32,17,1,42,53,Monza,85.054
33,11,2,32,53,Monza,85.029
34,9,2,31,53,Monza,85.3
35,13,2,35,53,Monza,85.382
36,14,2,38,53,Monza,85.452
37,13,2,39,53,Monza,85.208
38,17,1,31,53,Monza,85.08
39,16,1,31,53,Monza,84.999
40,14,0,37,53,Monza,85.122
41,8,0,41,53,Monza,85.356
42,7,1,32,53,Monza,85.197
43,8,0,33,53,Monza,85.059
44,8,0,35,53,Monza,85.094
45,19,1,41,53,Monza,86.571
46,19,1,36,53,Monza,85.835
47,5,2,36,53,Monza,85.388
48,19,2,39,53,Monza,85.669
49,4,1,41,53,Monza,85.487
50,11,0,43,53,Monza,85.926
51,8,1,43,53,Monza,86.705
52,10,0,43,53,Monza,85.647
53,3,0,36,53,Monza,85.345
1,4,1,40,53,Monza,100.1
2,6,1,30,53,Monza,122.657
3,4,2,44,53,Monza,86.816
4,11,2,44,53,Monza,86.01
5,15,1,30,53,Monza,86.163
6,3,2,31,53,Monza,87.393
7,7,0,44,53,Monza,86.269
8,8,2,39,53,Monza,86.107
9,12,1,41,53,Monza,85.941
10,2,2,39,53,Monza,85.787
11,17,1,40,53,Monza,85.982
12,8,0,41,53,Monza,86.022
13,17,2,41,53,Monza,86.053
14,14,0,44,53,Monza,85.931
15,15,1,39,53,Monza,86.1
16,10,1,40,53,Monza,86.296
17,10,2,39,53,Monza,86.225
1,17,1,30,66,Barcelona,86.19
2,17,1,36,66,Barcelona,83.561
3,4,1,37,66,Barcelona,83.25
4,18,1,40,66,Barcelona,83.209
5,6,1,36,66,Barcelona,83.206
6,1,1,36,66,Barcelona,83.227
7,10,1,36,66,Barcelona,83.09
8,14,0,36,66,Barcelona,85.483
9,19,0,44,66,Barcelona,134.88
10,2,0,41,66,Barcelona,139.896
11,12,2,31,66,Barcelona,83.251
12,3,1,33,66,Barcelona,83.297
13,12,2,33,66,Barcelona,83.009
14,1,1,35,66,Barcelona,83.155
15,17,2,36,66,Barcelona,83.152
16,4,1,38,66,Barcelona,83.515
17,14,1,39,66,Barcelona,83.263
18,6,0,30,66,Barcelona,83.289
19,7,1,39,66,Barcelona,83.317
20,6,2,34,66,Barcelona,83.362
21,16,2,43,66,Barcelona,83.46
22,2,0,34,66,Barcelona,83.513
23,12,2,37,66,Barcelona,83.729
24,12,0,38,66,Barcelona,88.038
25,3,1,44,66,Barcelona,101.545
26,5,2,37,66,Barcelona,81.411
27,15,2,34,66,Barcelona,82.171
28,17,2,34,66,Barcelona,82.258
29,2,1,40,66,Barcelona,82.446
30,19,0,38,66,Barcelona,82.621
31,6,0,36,66,Barcelona,82.714
32,1,2,42,66,Barcelona,82.456
33,3,1,43,66,Barcelona,82.131
34,12,2,30,66,Barcelona,81.533
35,15,1,43,66,Barcelona,81.571
36,3,0,33,66,Barcelona,81.487
37,16,1,43,66,Barcelona,81.872
38,11,2,33,66,Barcelona,81.727
39,6,0,37,66,Barcelona,82.084
40,15,1,37,66,Barcelona,81.99
41,14,0,41,66,Barcelona,81.717
42,11,0,42,66,Barcelona,82.118
43,12,0,35,66,Barcelona,81.632
44,6,0,43,66,Barcelona,81.886
45,13,0,41,66,Barcelona,81.987
46,9,1,33,66,Barcelona,82.473
47,3,0,39,66,Barcelona,82.589
48,19,1,42,66,Barcelona,83.039
49,15,2,38,66,Barcelona,82.924
50,9,1,41,66,Barcelona,82.34
51,18,1,33,66,Barcelona,82.513
52,8,1,40,66,Barcelona,82.358
53,14,0,43,66,Barcelona,82.168
54,13,2,33,66,Barcelona,82.529
55,10,0,30,66,Barcelona,82.664
56,11,0,36,66,Barcelona,82.923
57,6,1,44,66,Barcelona,82.554
58,3,1,37,66,Barcelona,82.411
59,11,1,44,66,Barcelona,82.546
60,13,1,33,66,Barcelona,88.448
61,17,2,36,66,Barcelona,101.338
62,4,2,41,66,Barcelona,78.149
63,19,0,44,66,Barcelona,80.216
64,9,2,40,66,Barcelona,79.619
65,15,0,35,66,Barcelona,80.146
66,17,1,38,66,Barcelona,80.875
1,5,1,41,66,Barcelona,87.702
2,18,0,34,66,Barcelona,83.798
3,2,2,33,66,Barcelona,83.425
4,12,2,38,66,Barcelona,82.938
5,5,0,41,66,Barcelona,83.118
6,2,0,41,66,Barcelona,83.062
7,1,1,35,66,Barcelona,83.261
8,4,1,30,66,Barcelona,89.253
9,13,1,33,66,Barcelona,131.611
10,10,2,33,66,Barcelona,138.416
11,14,2,37,66,Barcelona,83.608
12,19,1,34,66,Barcelona,83.415
13,14,1,34,66,Barcelona,83.038
14,17,2,35,66,Barcelona,83.18
15,3,2,32,66,Barcelona,83.309
16,9,2,36,66,Barcelona,83.25
17,18,2,43,66,Barcelona,83.467
18,16,1,36,66,Barcelona,83.318
19,12,1,30,66,Barcelona,83.407
20,15,1,44,66,Barcelona,83.559
21,11,1,32,66,Barcelona,83.167
22,4,1,35,66,Barcelona,83.323
23,1,0,37,66,Barcelona,83.576
24,15,2,41,66,Barcelona,84.51
25,2,0,41,66,Barcelona,83.284
26,1,1,43,66,Barcelona,83.664
27,4,0,30,66,Barcelona,83.107
28,13,2,32,66,Barcelona,87.03
29,7,0,35,66,Barcelona,100.943
30,12,1,35,66,Barcelona,81.276
31,6,0,31,66,Barcelona,81.204
32,18,2,43,66,Barcelona,81.403
33,9,2,44,66,Barcelona,81.509
34,13,1,36,66,Barcelona,81.512
35,14,2,35,66,Barcelona,81.468
36,13,1,41,66,Barcelona,81.726
37,12,2,44,66,Barcelona,81.605
38,13,2,37,66,Barcelona,82.036
39,1,0,42,66,Barcelona,82.039
40,2,1,32,66,Barcelona,81.778
41,2,2,44,66,Barcelona,81.697
42,8,1,40,66,Barcelona,85.686
43,10,2,43,66,Barcelona,99.613
44,3,0,43,66,Barcelona,80.775
45,3,1,44,66,Barcelona,80.728
46,12,0,41,66,Barcelona,80.73
47,7,2,39,66,Barcelona,81.348
48,18,1,30,66,Barcelona,81.27
49,8,0,35,66,Barcelona,81.155
50,15,1,39,66,Barcelona,80.994
51,17,2,32,66,Barcelona,81.225
52,4,1,38,66,Barcelona,82.67
53,4,1,43,66,Barcelona,81.304
54,18,2,42,66,Barcelona,80.665
55,1,1,31,66,Barcelona,80.787
56,12,1,34,66,Barcelona,80.99
57,8,2,37,66,Barcelona,80.906
58,16,1,37,66,Barcelona,80.931
59,19,0,34,66,Barcelona,81.521
60,13,1,38,66,Barcelona,82.205
61,4,1,40,66,Barcelona,81.107
62,11,1,40,66,Barcelona,81.636
63,16,1,39,66,Barcelona,81.705
64,14,2,43,66,Barcelona,81.708
65,14,2,44,66,Barcelona,81.985
66,9,1,43,66,Barcelona,82.044
1,3,1,30,66,Barcelona,89.442
2,12,1,39,66,Barcelona,84.948
3,1,0,30,66,Barcelona,84.403
4,7,0,30,66,Barcelona,84.198
5,10,1,43,66,Barcelona,84.269
6,7,0,36,66,Barcelona,84.195
7,17,2,40,66,Barcelona,84.062
8,4,1,36,66,Barcelona,91.332
9,2,0,38,66,Barcelona,122.691
10,9,1,43,66,Barcelona,137.414
11,10,2,43,66,Barcelona,84.637
12,7,1,39,66,Barcelona,84.059
13,16,1,42,66,Barcelona,83.839
14,19,0,36,66,Barcelona,83.846
15,16,2,34,66,Barcelona,83.786
16,17,0,34,66,Barcelona,83.89
17,3,0,43,66,Barcelona,83.742
18,6,1,31,66,Barcelona,83.758
19,3,1,33,66,Barcelona,83.821
20,4,0,33,66,Barcelona,83.963
21,4,0,43,66,Barcelona,83.834
22,13,0,36,66,Barcelona,84.105
23,17,1,37,66,Barcelona,84.275
24,3,1,31,66,Barcelona,84.17
25,18,0,41,66,Barcelona,84.227
26,15,2,42,66,Barcelona,84.595
27,8,1,37,66,Barcelona,84.519
28,12,1,43,66,Barcelona,88.933
29,4,0,44,66,Barcelona,101.185
30,1,1,39,66,Barcelona,82.775
31,17,1,41,66,Barcelona,82.799
32,3,2,43,66,Barcelona,82.945
33,9,0,37,66,Barcelona,82.71
34,7,2,33,66,Barcelona,82.625
35,9,1,33,66,Barcelona,82.582
36,15,2,36,66,Barcelona,82.586
37,19,1,31,66,Barcelona,82.604
38,17,0,37,66,Barcelona,82.824
39,3,1,34,66,Barcelona,82.66
40,15,0,30,66,Barcelona,82.56
41,19,0,30,66,Barcelona,82.826
42,5,1,43,66,Barcelona,82.698
43,15,0,41,66,Barcelona,82.735
44,1,1,38,66,Barcelona,82.759
45,6,1,38,66,Barcelona,82.805
46,9,2,38,66,Barcelona,82.737
47,5,1,32,66,Barcelona,83.04
48,18,1,31,66,Barcelona,83.016
49,3,0,34,66,Barcelona,82.411
50,12,1,35,66,Barcelona,82.531
51,5,1,32,66,Barcelona,82.461
52,14,1,34,66,Barcelona,82.462
53,2,1,40,66,Barcelona,82.286
54,15,0,39,66,Barcelona,82.717
55,18,1,43,66,Barcelona,82.944
56,2,0,31,66,Barcelona,82.956
57,14,0,38,66,Barcelona,84.245
58,17,0,31,66,Barcelona,86.959
59,1,1,43,66,Barcelona,100.867
60,9,0,44,66,Barcelona,81.064
61,14,1,44,66,Barcelona,81.056
62,19,1,36,66,Barcelona,80.931
63,7,2,30,66,Barcelona,81.326
64,10,0,38,66,Barcelona,80.459
65,8,1,35,66,Barcelona,82.501
66,18,1,42,66,Barcelona,83.696
1,8,2,40,66,Barcelona,90.174
2,18,1,34,66,Barcelona,85.251
3,12,1,41,66,Barcelona,84.121
4,12,2,38,66,Barcelona,84.192
5,8,0,31,66,Barcelona,84.784
6,7,2,41,66,Barcelona,83.802
7,16,1,42,66,Barcelona,83.896
8,18,2,33,66,Barcelona,92.075
9,16,2,41,66,Barcelona,122.218
10,1,1,30,66,Barcelona,136.909
11,2,2,31,66,Barcelona,85.078
12,15,1,33,66,Barcelona,84.108
13,3,1,40,66,Barcelona,83.988
14,1,2,34,66,Barcelona,83.881
15,14,0,31,66,Barcelona,84.035
16,8,1,43,66,Barcelona,83.898
17,15,2,33,66,Barcelona,83.731
18,10,0,30,66,Barcelona,83.736
19,13,0,30,66,Barcelona,83.699
20,6,0,35,66,Barcelona,83.84
21,12,0,43,66,Barcelona,83.837
22,19,2,30,66,Barcelona,84.151
23,10,2,31,66,Barcelona,87.743
24,8,1,37,66,Barcelona,100.129
25,11,0,38,66,Barcelona,81.993
26,6,2,42,66,Barcelona,82.445
27,7,2,39,66,Barcelona,82.408
28,18,1,33,66,Barcelona,82.168
29,7,2,36,66,Barcelona,82.572
30,15,0,41,66,Barcelona,82.456
31,19,0,34,66,Barcelona,82.391
32,15,1,44,66,Barcelona,82.263
33,7,1,34,66,Barcelona,82.228
34,4,2,43,66,Barcelona,82.377
35,19,1,41,66,Barcelona,81.407
36,3,2,30,66,Barcelona,81.789
37,14,1,40,66,Barcelona,81.527
38,5,2,36,66,Barcelona,81.946
39,7,0,44,66,Barcelona,82.346
40,4,1,43,66,Barcelona,81.635
41,10,2,42,66,Barcelona,82.838
42,16,1,42,66,Barcelona,82.694
43,18,0,34,66,Barcelona,82.683
44,4,1,42,66,Barcelona,82.038
45,2,1,31,66,Barcelona,82.338
46,13,1,44,66,Barcelona,82.55
47,2,2,36,66,Barcelona,82.254
48,8,1,42,66,Barcelona,82.045
49,16,2,34,66,Barcelona,82.245
50,3,1,44,66,Barcelona,82.9
51,7,2,44,66,Barcelona,82.728
52,12,2,30,66,Barcelona,85.165
53,2,1,32,66,Barcelona,87.702
54,6,1,33,66,Barcelona,100.105
55,18,0,44,66,Barcelona,80.091
56,6,2,44,66,Barcelona,82.012
57,14,0,41,66,Barcelona,80.242
58,14,1,38,66,Barcelona,81.333
59,7,0,37,66,Barcelona,82.241
60,2,1,35,66,Barcelona,83.9
61,10,2,32,66,Barcelona,83.695
62,15,0,34,66,Barcelona,81.331
63,9,1,39,66,Barcelona,80.619
64,1,2,31,66,Barcelona,80.632
65,12,2,42,66,Barcelona,79.43
66,18,0,38,66,Barcelona,81.252
1,7,0,33,66,Barcelona,91.083
2,1,0,41,66,Barcelona,85.429
3,13,1,37,66,Barcelona,84.68
4,10,2,43,66,Barcelona,84.436
5,14,1,44,66,Barcelona,84.411
6,4,2,43,66,Barcelona,84.468
7,3,0,38,66,Barcelona,84.212
8,10,2,33,66,Barcelona,92.522
9,10,2,35,66,Barcelona,120.615
10,6,2,43,66,Barcelona,136.222
11,1,1,33,66,Barcelona,85.621
12,9,2,41,66,Barcelona,84.598
13,18,1,41,66,Barcelona,84.619
14,17,1,39,66,Barcelona,84.666
15,19,2,32,66,Barcelona,84.923
16,16,0,32,66,Barcelona,84.705
17,19,0,32,66,Barcelona,84.491
18,16,1,33,66,Barcelona,84.588
19,11,2,44,66,Barcelona,84.479
20,11,2,41,66,Barcelona,84.436
21,1,1,30,66,Barcelona,84.643
22,13,2,34,66,Barcelona,84.769
23,10,0,31,66,Barcelona,84.514
24,14,1,38,66,Barcelona,84.547
25,12,0,43,66,Barcelona,87.87
26,16,1,35,66,Barcelona,102.377
27,6,1,38,66,Barcelona,83.073
28,13,1,32,66,Barcelona,83.316
29,19,0,35,66,Barcelona,84.012
30,14,1,40,66,Barcelona,83.545
31,12,0,31,66,Barcelona,83.047
32,7,2,40,66,Barcelona,83.14
33,1,2,42,66,Barcelona,83.049
34,5,1,34,66,Barcelona,83.045
35,14,2,32,66,Barcelona,82.969
36,18,0,39,66,Barcelona,83.142
37,1,1,39,66,Barcelona,82.953
38,12,0,34,66,Barcelona,83.026
39,11,1,40,66,Barcelona,83.006
40,12,2,43,66,Barcelona,83.352
41,11,0,43,66,Barcelona,83.719
42,18,0,43,66,Barcelona,83.364
43,15,2,38,66,Barcelona,83.433
44,18,2,39,66,Barcelona,82.966
45,16,0,36,66,Barcelona,83.303
46,2,1,32,66,Barcelona,88.536
47,12,2,36,66,Barcelona,101.018
48,2,0,30,66,Barcelona,82.58
49,3,0,32,66,Barcelona,83.428
50,6,1,39,66,Barcelona,82.437
51,8,2,32,66,Barcelona,84.413
52,15,0,40,66,Barcelona,82.604
53,9,2,42,66,Barcelona,82.746
54,16,1,39,66,Barcelona,82.267
55,15,0,33,66,Barcelona,81.993
56,10,1,40,66,Barcelona,82.036
57,13,0,41,66,Barcelona,81.86
58,8,1,34,66,Barcelona,82.256
59,2,1,33,66,Barcelona,82.531
60,9,1,32,66,Barcelona,81.853
61,16,1,41,66,Barcelona,82.091
62,4,2,33,66,Barcelona,82.123
63,15,2,37,66,Barcelona,82.067
64,3,2,36,66,Barcelona,82.489
65,19,1,33,66,Barcelona,82.298
66,11,0,31,66,Barcelona,82.438
1,16,1,35,66,Barcelona,91.943
2,12,0,31,66,Barcelona,85.241
3,7,2,31,66,Barcelona,84.792
4,10,0,40,66,Barcelona,84.723
5,17,1,36,66,Barcelona,84.067
6,13,1,36,66,Barcelona,84.544
7,10,1,43,66,Barcelona,84.305
8,9,1,42,66,Barcelona,93.466
9,8,2,39,66,Barcelona,119.695
10,6,1,43,66,Barcelona,136.144
11,4,1,38,66,Barcelona,85.649
12,7,0,39,66,Barcelona,84.816
13,15,1,44,66,Barcelona,84.437
14,15,2,40,66,Barcelona,85.046
15,1,2,33,66,Barcelona,84.989
16,17,1,42,66,Barcelona,84.563
17,9,2,41,66,Barcelona,84.53
18,8,1,36,66,Barcelona,84.394
19,6,0,40,66,Barcelona,84.514
20,2,1,37,66,Barcelona,84.512
21,11,1,38,66,Barcelona,84.723
22,9,1,32,66,Barcelona,84.764
23,5,1,37,66,Barcelona,84.545
24,9,2,43,66,Barcelona,84.527
25,14,1,33,66,Barcelona,85.924
26,10,1,39,66,Barcelona,83.608
27,5,1,35,66,Barcelona,86.984
28,10,1,32,66,Barcelona,103.231
29,16,1,40,66,Barcelona,81.962
30,6,2,39,66,Barcelona,82.141
31,9,0,40,66,Barcelona,82.906
32,2,0,30,66,Barcelona,83.181
33,15,2,38,66,Barcelona,83.043
34,18,2,39,66,Barcelona,83.051
35,5,0,41,66,Barcelona,82.951
36,19,1,30,66,Barcelona,83.361
37,14,2,35,66,Barcelona,82.768
38,15,1,42,66,Barcelona,82.955
39,5,0,35,66,Barcelona,82.92
40,6,1,33,66,Barcelona,83.371
41,7,0,39,66,Barcelona,84.725
42,8,2,33,66,Barcelona,82.967
43,15,1,41,66,Barcelona,83.103
44,13,1,42,66,Barcelona,82.77
45,13,2,39,66,Barcelona,83.211
46,13,2,38,66,Barcelona,82.272
47,12,2,33,66,Barcelona,82.055
48,11,1,31,66,Barcelona,81.883
49,15,1,38,66,Barcelona,82.204
50,16,1,30,66,Barcelona,82.024
51,1,1,30,66,Barcelona,82.579
52,15,0,33,66,Barcelona,82.567
53,2,2,41,66,Barcelona,83.031
54,1,0,37,66,Barcelona,82.69
55,13,0,37,66,Barcelona,82.682
56,12,1,35,66,Barcelona,83.11
57,11,2,36,66,Barcelona,87.212
58,2,2,44,66,Barcelona,100.501
59,9,2,36,66,Barcelona,82.891
60,11,0,37,66,Barcelona,79.483
61,16,2,34,66,Barcelona,81.668
62,17,0,38,66,Barcelona,81.4
63,12,0,41,66,Barcelona,80.955
64,1,0,33,66,Barcelona,81.703
65,1,1,38,66,Barcelona,81.408
66,10,1,40,66,Barcelona,80.971
1,9,1,39,66,Barcelona,92.775
2,2,2,39,66,Barcelona,85.631
3,13,0,34,66,Barcelona,85.236
4,7,1,37,66,Barcelona,84.858
5,9,1,43,66,Barcelona,84.449
6,6,1,33,66,Barcelona,84.906
7,7,0,31,66,Barcelona,84.617
8,14,1,32,66,Barcelona,93.985
9,15,0,39,66,Barcelona,117.57
10,12,0,44,66,Barcelona,135.246
11,10,0,43,66,Barcelona,86.308
12,5,1,44,66,Barcelona,85.262
13,15,2,32,66,Barcelona,85.014
14,10,2,31,66,Barcelona,84.952
15,10,0,41,66,Barcelona,84.906
16,14,2,33,66,Barcelona,84.954
17,19,0,41,66,Barcelona,84.623
18,16,1,34,66,Barcelona,84.886
19,7,0,40,66,Barcelona,84.729
20,16,2,38,66,Barcelona,85.167
21,1,2,31,66,Barcelona,85.228
22,18,1,41,66,Barcelona,85.145
23,16,1,36,66,Barcelona,88.11
24,9,1,40,66,Barcelona,103.206
25,9,2,35,66,Barcelona,84.122
26,12,1,30,66,Barcelona,84.926
27,16,1,36,66,Barcelona,83.98
28,5,0,35,66,Barcelona,84.085
29,16,2,36,66,Barcelona,83.955
30,13,1,33,66,Barcelona,84.226
31,19,1,40,66,Barcelona,83.873
32,10,0,35,66,Barcelona,84.213
33,3,2,33,66,Barcelona,84.326
34,9,1,30,66,Barcelona,84.204
35,6,2,44,66,Barcelona,84.272
36,12,1,36,66,Barcelona,84.119
37,13,1,37,66,Barcelona,83.999
38,10,1,30,66,Barcelona,83.823
39,7,1,40,66,Barcelona,83.745
40,1,1,43,66,Barcelona,83.452
41,7,0,42,66,Barcelona,83.484
42,5,1,36,66,Barcelona,83.466
43,13,1,42,66,Barcelona,83.64
44,19,1,41,66,Barcelona,83.472
45,7,1,39,66,Barcelona,83.353
46,17,1,39,66,Barcelona,83.311
47,17,1,42,66,Barcelona,83.799
48,8,1,44,66,Barcelona,83.611
49,2,2,41,66,Barcelona,83.583
50,17,2,38,66,Barcelona,83.793
51,5,2,37,66,Barcelona,84.691
52,11,1,30,66,Barcelona,85.589
53,18,0,30,66,Barcelona,85.088
54,8,2,44,66,Barcelona,84.758
55,16,1,43,66,Barcelona,86.767
56,18,2,42,66,Barcelona,86.157
57,7,2,31,66,Barcelona,84.52
58,15,0,38,66,Barcelona,84.479
59,4,0,43,66,Barcelona,85.084
60,14,0,36,66,Barcelona,84.941
61,5,1,32,66,Barcelona,86.208
62,16,0,35,66,Barcelona,86.775
63,5,2,32,66,Barcelona,85.23
64,8,0,31,66,Barcelona,86.766
65,13,0,32,66,Barcelona,86.593
1,2,2,30,66,Barcelona,93.5
2,10,1,30,66,Barcelona,85.97
3,9,1,32,66,Barcelona,85.249
4,3,2,37,66,Barcelona,84.828
5,2,0,43,66,Barcelona,84.759
6,9,1,38,66,Barcelona,84.896
7,7,0,38,66,Barcelona,84.46
8,16,1,33,66,Barcelona,94.859
9,11,2,34,66,Barcelona,117.331
10,10,2,35,66,Barcelona,133.662
11,3,1,32,66,Barcelona,86.753
12,17,0,41,66,Barcelona,85.296
13,16,0,42,66,Barcelona,85.179
14,14,1,39,66,Barcelona,84.727
15,4,1,42,66,Barcelona,85.321
16,9,1,37,66,Barcelona,84.988
17,6,0,42,66,Barcelona,84.888
18,19,0,32,66,Barcelona,84.872
19,19,2,41,66,Barcelona,84.768
20,12,2,31,66,Barcelona,85.154
21,16,0,36,66,Barcelona,84.977
22,1,0,40,66,Barcelona,88.62
23,10,1,41,66,Barcelona,100.926
24,13,0,36,66,Barcelona,83.991
25,7,1,42,66,Barcelona,84.501
26,11,2,34,66,Barcelona,83.835
27,8,2,30,66,Barcelona,83.494
28,8,0,40,66,Barcelona,83.792
29,17,2,32,66,Barcelona,83.134
30,8,2,36,66,Barcelona,83.889
31,16,0,41,66,Barcelona,82.476
32,14,0,42,66,Barcelona,83.004
33,6,1,34,66,Barcelona,82.956
34,16,2,44,66,Barcelona,82.901
35,10,0,36,66,Barcelona,82.806
36,4,1,33,66,Barcelona,82.977
37,17,1,42,66,Barcelona,82.832
38,12,2,35,66,Barcelona,82.651
39,8,0,41,66,Barcelona,82.988
40,13,0,32,66,Barcelona,82.967
41,4,1,44,66,Barcelona,83.948
42,7,0,36,66,Barcelona,83.499
43,14,0,34,66,Barcelona,83.521
44,4,0,44,66,Barcelona,82.914
45,3,1,43,66,Barcelona,83.173
46,8,0,44,66,Barcelona,87.033
47,11,1,36,66,Barcelona,101.059
48,8,0,37,66,Barcelona,82.095
49,13,0,44,66,Barcelona,84.034
50,14,1,32,66,Barcelona,81.852
51,2,1,31,66,Barcelona,84.136
52,15,1,42,66,Barcelona,84.631
53,4,1,32,66,Barcelona,81.568
54,12,2,40,66,Barcelona,81.918
55,2,0,33,66,Barcelona,81.815
56,6,1,37,66,Barcelona,81.934
57,1,0,40,66,Barcelona,82.052
58,16,1,35,66,Barcelona,82.249
59,13,2,43,66,Barcelona,82.221
60,6,2,37,66,Barcelona,82.014
61,18,0,43,66,Barcelona,82.12
62,17,1,33,66,Barcelona,82.29
63,6,0,33,66,Barcelona,82.037
64,11,0,42,66,Barcelona,82.454
65,1,2,33,66,Barcelona,82.259
66,14,1,38,66,Barcelona,82.347
1,5,0,37,66,Barcelona,93.959
2,19,0,37,66,Barcelona,86.5
3,5,0,40,66,Barcelona,85.746
4,15,0,41,66,Barcelona,84.945
5,4,2,36,66,Barcelona,84.95
6,13,2,37,66,Barcelona,85.13
7,4,1,30,66,Barcelona,84.853
8,12,2,33,66,Barcelona,94.755
9,5,1,40,66,Barcelona,117.441
10,1,1,34,66,Barcelona,131.688
11,9,0,42,66,Barcelona,87.143
12,10,0,44,66,Barcelona,85.919
13,17,1,35,66,Barcelona,85.244
14,17,2,33,66,Barcelona,85.485
15,3,1,32,66,Barcelona,85.077
16,11,0,42,66,Barcelona,85.052
17,7,0,38,66,Barcelona,85.599
18,9,1,42,66,Barcelona,85.179
19,17,0,31,66,Barcelona,84.615
20,9,0,32,66,Barcelona,84.485
21,5,2,32,66,Barcelona,84.792
22,3,1,32,66,Barcelona,84.783
23,15,1,34,66,Barcelona,87.125
24,4,1,40,66,Barcelona,103.909
25,1,0,31,66,Barcelona,84.378
26,1,2,42,66,Barcelona,84.395
27,16,1,44,66,Barcelona,84.43
28,3,0,43,66,Barcelona,84.127
29,2,1,42,66,Barcelona,84.308
30,6,2,35,66,Barcelona,84.379
31,9,2,32,66,Barcelona,84.438
32,11,1,44,66,Barcelona,84.053
33,15,2,44,66,Barcelona,84.08
34,5,0,32,66,Barcelona,84.12
35,6,1,43,66,Barcelona,84.276
36,3,0,44,66,Barcelona,84.933
37,1,0,39,66,Barcelona,83.575
38,19,2,38,66,Barcelona,83.266
39,2,1,44,66,Barcelona,83.224
40,12,1,39,66,Barcelona,83.176
41,5,2,33,66,Barcelona,83.26
42,10,2,40,66,Barcelona,83.157
43,16,0,40,66,Barcelona,83.172
44,7,1,41,66,Barcelona,83.27
45,6,1,40,66,Barcelona,83.381
46,4,2,39,66,Barcelona,83.416
47,16,0,37,66,Barcelona,83.589
48,3,1,39,66,Barcelona,83.448
49,15,1,38,66,Barcelona,85.779
50,3,2,34,66,Barcelona,84.764
51,11,2,40,66,Barcelona,86.88
52,3,1,44,66,Barcelona,101.83
53,3,2,30,66,Barcelona,82.349
54,18,0,35,66,Barcelona,83.303
55,14,2,40,66,Barcelona,83.941
56,4,2,30,66,Barcelona,81.279
57,11,1,36,66,Barcelona,82.082
58,15,2,38,66,Barcelona,81.701
59,5,2,37,66,Barcelona,81.788
60,5,1,36,66,Barcelona,83.14
61,3,2,38,66,Barcelona,82.263
62,2,2,43,66,Barcelona,83.656
63,4,1,34,66,Barcelona,85.197
64,17,0,37,66,Barcelona,82.989
65,6,1,40,66,Barcelona,83.099
1,8,0,31,66,Barcelona,94.655
2,16,2,41,66,Barcelona,86.882
3,12,1,36,66,Barcelona,85.698
4,13,0,34,66,Barcelona,85.097
5,18,2,41,66,Barcelona,85.177
6,9,2,35,66,Barcelona,85.115
7,4,2,38,66,Barcelona,84.966
8,5,2,42,66,Barcelona,94.31
9,1,0,42,66,Barcelona,117.266
10,18,1,40,66,Barcelona,131.431
11,10,2,38,66,Barcelona,88.119
12,7,1,41,66,Barcelona,86.158
13,15,2,38,66,Barcelona,85.34
14,12,2,36,66,Barcelona,85.556
15,4,0,40,66,Barcelona,85.459
16,5,0,31,66,Barcelona,85.438
17,18,2,34,66,Barcelona,85.157
18,16,1,39,66,Barcelona,85.634
19,14,1,33,66,Barcelona,85.195
20,11,2,37,66,Barcelona,85.331
21,19,2,43,66,Barcelona,88.466
22,17,2,33,66,Barcelona,102.352
23,11,0,30,66,Barcelona,83.886
24,19,2,42,66,Barcelona,83.858
25,8,0,43,66,Barcelona,84.705
26,16,0,38,66,Barcelona,84.733
27,16,2,34,66,Barcelona,84.418
28,11,1,37,66,Barcelona,84.591
29,7,2,40,66,Barcelona,85.604
30,6,0,44,66,Barcelona,84.274
31,9,1,32,66,Barcelona,84.089
32,2,0,33,66,Barcelona,84.484
33,8,1,31,66,Barcelona,84.187
34,14,0,41,66,Barcelona,84.102
35,16,1,38,66,Barcelona,84.106
36,13,2,33,66,Barcelona,84.329
37,5,2,43,66,Barcelona,84.377
38,14,0,33,66,Barcelona,84.032
39,13,1,33,66,Barcelona,84.046
40,15,2,40,66,Barcelona,83.944
41,17,1,41,66,Barcelona,84.011
42,15,1,38,66,Barcelona,84.12
43,17,2,35,66,Barcelona,83.968
44,16,2,32,66,Barcelona,83.923
45,14,0,36,66,Barcelona,84.04
46,11,0,30,66,Barcelona,84.205
47,5,2,33,66,Barcelona,84.423
48,6,0,44,66,Barcelona,85.825
49,12,1,33,66,Barcelona,84.35
50,2,2,38,66,Barcelona,84.342
51,10,0,38,66,Barcelona,84.861
52,19,2,32,66,Barcelona,84.596
53,11,0,42,66,Barcelona,85.347
54,3,1,44,66,Barcelona,84.629
55,16,1,42,66,Barcelona,85.543
56,4,1,33,66,Barcelona,85.384
57,15,2,30,66,Barcelona,85.15
58,18,1,33,66,Barcelona,85.336
59,8,1,39,66,Barcelona,85.706
60,10,2,33,66,Barcelona,87.797
61,4,2,41,66,Barcelona,91.873
62,19,1,36,66,Barcelona,106.209
63,10,2,43,66,Barcelona,81.182
64,8,2,32,66,Barcelona,83.452
65,16,1,33,66,Barcelona,81.355
1,10,0,33,66,Barcelona,95.051
2,13,2,32,66,Barcelona,87.001
3,17,1,35,66,Barcelona,86.054
4,5,1,38,66,Barcelona,85.293
5,16,0,40,66,Barcelona,85.044
6,18,0,31,66,Barcelona,85.139
7,9,1,35,66,Barcelona,85.112
8,10,1,37,66,Barcelona,95.339
9,10,0,33,66,Barcelona,116.562
10,17,2,37,66,Barcelona,130.488
11,6,1,42,66,Barcelona,86.81
12,14,1,44,66,Barcelona,86.059
13,3,0,39,66,Barcelona,85.574
14,19,0,40,66,Barcelona,85.265
15,12,1,33,66,Barcelona,85.326
16,17,2,38,66,Barcelona,85.512
17,19,1,35,66,Barcelona,85.264
18,2,2,31,66,Barcelona,85.282
19,19,2,38,66,Barcelona,85.041
20,18,2,33,66,Barcelona,85.219
21,12,2,35,66,Barcelona,85.119
22,14,2,40,66,Barcelona,88.864
23,10,0,36,66,Barcelona,101.265
24,13,2,39,66,Barcelona,83.832
25,10,2,35,66,Barcelona,84.484
26,5,1,36,66,Barcelona,84.23
27,1,2,33,66,Barcelona,84.506
28,7,2,34,66,Barcelona,85.375
29,10,0,43,66,Barcelona,83.798
30,12,1,30,66,Barcelona,84.453
31,3,0,44,66,Barcelona,84.195
32,6,1,41,66,Barcelona,84.228
33,5,2,35,66,Barcelona,83.989
34,18,1,32,66,Barcelona,84.234
35,2,2,34,66,Barcelona,84.277
36,7,2,44,66,Barcelona,84.606
37,4,1,39,66,Barcelona,85.034
38,5,0,40,66,Barcelona,83.642
39,16,0,44,66,Barcelona,87.013
40,14,1,43,66,Barcelona,101.986
41,2,0,31,66,Barcelona,83.068
42,8,0,34,66,Barcelona,83.515
43,4,0,36,66,Barcelona,83.239
44,7,1,32,66,Barcelona,82.944
45,3,1,37,66,Barcelona,84.777
46,8,2,34,66,Barcelona,83.589
47,10,0,38,66,Barcelona,82.607
48,1,0,30,66,Barcelona,82.915
49,1,2,39,66,Barcelona,84.741
50,11,0,34,66,Barcelona,82.91
51,14,1,36,66,Barcelona,83.064
52,9,0,39,66,Barcelona,84.109
53,16,1,37,66,Barcelona,83.008
54,5,0,39,66,Barcelona,83.265
55,6,2,38,66,Barcelona,83.688
56,13,2,39,66,Barcelona,84.542
57,1,0,41,66,Barcelona,85.146
58,18,2,32,66,Barcelona,85.166
59,11,2,31,66,Barcelona,85.066
60,1,0,39,66,Barcelona,87.774
61,19,2,31,66,Barcelona,82.67
62,3,0,34,66,Barcelona,84.615
63,18,0,44,66,Barcelona,82.864
64,15,1,32,66,Barcelona,83.177
65,16,0,38,66,Barcelona,83.643
1,7,0,44,66,Barcelona,95.498
2,17,1,38,66,Barcelona,87.277
3,7,2,39,66,Barcelona,86.125
4,19,1,41,66,Barcelona,85.312
5,8,2,30,66,Barcelona,85.201
6,10,2,30,66,Barcelona,85.152
7,12,1,40,66,Barcelona,85.047
8,8,1,32,66,Barcelona,94.995
9,5,1,40,66,Barcelona,116.652
10,5,1,43,66,Barcelona,130.428
11,10,2,32,66,Barcelona,87.601
12,19,2,31,66,Barcelona,86.475
13,2,0,41,66,Barcelona,85.487
14,3,1,32,66,Barcelona,85.315
15,10,0,39,66,Barcelona,85.604
16,2,1,39,66,Barcelona,85.476
17,4,1,39,66,Barcelona,84.956
18,16,1,35,66,Barcelona,85.695
19,17,0,34,66,Barcelona,85.349
20,7,1,44,66,Barcelona,85.545
21,4,1,34,66,Barcelona,88.53
22,2,1,39,66,Barcelona,104.529
23,8,1,33,66,Barcelona,83.247
24,3,0,42,66,Barcelona,83.523
25,5,0,34,66,Barcelona,83.788
26,1,1,34,66,Barcelona,84.265
27,15,2,38,66,Barcelona,84.316
28,3,1,31,66,Barcelona,84.465
29,2,1,32,66,Barcelona,85.473
30,5,1,31,66,Barcelona,85.212
31,7,2,37,66,Barcelona,84.277
32,9,2,36,66,Barcelona,84.054
33,4,0,35,66,Barcelona,84.321
34,14,0,41,66,Barcelona,83.92
35,7,2,43,66,Barcelona,83.914
36,19,0,35,66,Barcelona,84.335
37,8,1,39,66,Barcelona,84.369
38,16,0,33,66,Barcelona,87.558
39,5,2,36,66,Barcelona,102.16
40,15,2,39,66,Barcelona,83.264
41,15,2,38,66,Barcelona,83.096
42,8,0,39,66,Barcelona,85.554
43,6,1,30,66,Barcelona,83.037
44,12,2,32,66,Barcelona,82.949
45,13,1,40,66,Barcelona,83.438
46,11,0,44,66,Barcelona,83.426
47,1,0,32,66,Barcelona,84.652
48,11,0,34,66,Barcelona,84.514
49,10,1,40,66,Barcelona,84.237
50,10,1,38,66,Barcelona,83.381
51,15,1,31,66,Barcelona,83.515
52,2,2,38,66,Barcelona,83.148
53,12,1,43,66,Barcelona,84.633
54,19,2,41,66,Barcelona,83.062
55,10,1,43,66,Barcelona,83.101
56,9,1,39,66,Barcelona,82.82
57,17,2,39,66,Barcelona,83.374
58,18,1,43,66,Barcelona,84.72
59,19,1,30,66,Barcelona,85.309
60,17,1,31,66,Barcelona,85.907
61,19,1,37,66,Barcelona,86.156
62,8,1,33,66,Barcelona,83.465
63,13,2,39,66,Barcelona,83.813
64,9,1,42,66,Barcelona,83.51
65,11,0,38,66,Barcelona,83.519
1,5,1,38,66,Barcelona,96.03
2,2,2,31,66,Barcelona,87.333
3,19,1,36,66,Barcelona,86.014
4,5,1,44,66,Barcelona,85.503
5,6,0,42,66,Barcelona,85.25
6,12,0,34,66,Barcelona,85.194
7,5,2,40,66,Barcelona,85.027
8,10,0,43,66,Barcelona,94.747
9,10,2,36,66,Barcelona,117.318
10,5,2,42,66,Barcelona,129.701
11,2,1,40,66,Barcelona,87.61
12,11,0,34,66,Barcelona,86.572
13,15,1,32,66,Barcelona,85.73
14,13,1,34,66,Barcelona,85.35
15,5,0,40,66,Barcelona,85.588
16,8,1,32,66,Barcelona,85.45
17,13,1,36,66,Barcelona,85.133
18,19,1,40,66,Barcelona,88.954
19,1,2,34,66,Barcelona,107.357
20,10,1,37,66,Barcelona,83.081
21,6,2,43,66,Barcelona,83.046
22,9,2,38,66,Barcelona,85.942
23,11,0,30,66,Barcelona,84.718
24,2,0,33,66,Barcelona,83.853
25,4,0,43,66,Barcelona,84.043
26,18,2,35,66,Barcelona,84.139
27,15,2,32,66,Barcelona,84.12
28,3,1,42,66,Barcelona,84.259
29,11,0,43,66,Barcelona,84.941
30,5,1,36,66,Barcelona,86.682
31,1,1,32,66,Barcelona,83.567
32,5,1,30,66,Barcelona,83.816
33,19,0,34,66,Barcelona,84.03
34,15,0,43,66,Barcelona,83.955
35,9,1,33,66,Barcelona,84.079
36,13,0,32,66,Barcelona,84.341
37,4,1,43,66,Barcelona,84.498
38,7,0,35,66,Barcelona,84.336
39,18,2,34,66,Barcelona,83.711
40,2,0,37,66,Barcelona,83.755
41,3,1,35,66,Barcelona,83.876
42,10,2,35,66,Barcelona,83.952
43,10,0,43,66,Barcelona,83.723
44,14,0,42,66,Barcelona,83.903
45,13,1,31,66,Barcelona,84.14
46,10,2,33,66,Barcelona,84.151
47,9,2,43,66,Barcelona,89.486
48,16,1,43,66,Barcelona,104.31
49,8,2,37,66,Barcelona,81.496
50,6,1,44,66,Barcelona,83.056
51,12,1,31,66,Barcelona,81.387
52,16,0,35,66,Barcelona,82.019
53,13,1,34,66,Barcelona,81.729
54,11,1,31,66,Barcelona,83.036
55,15,1,30,66,Barcelona,82.945
56,9,1,34,66,Barcelona,82.895
57,2,0,40,66,Barcelona,83.422
58,7,2,44,66,Barcelona,84.878
59,14,2,41,66,Barcelona,85.339
60,13,1,34,66,Barcelona,86.694
61,1,0,33,66,Barcelona,82.804
62,5,1,31,66,Barcelona,81.892
63,10,2,33,66,Barcelona,81.404
64,2,1,37,66,Barcelona,81.375
65,2,1,38,66,Barcelona,83.746
1,13,2,43,66,Barcelona,96.748
2,9,1,38,66,Barcelona,87.611
3,5,1,36,66,Barcelona,86.177
4,14,1,43,66,Barcelona,85.585
5,2,0,35,66,Barcelona,85.363
6,8,1,35,66,Barcelona,85.421
7,1,0,41,66,Barcelona,85.434
8,8,1,38,66,Barcelona,95.413
9,1,1,39,66,Barcelona,116.45
10,16,2,33,66,Barcelona,128.604
11,1,0,37,66,Barcelona,87.58
12,15,1,42,66,Barcelona,86.762
13,1,2,37,66,Barcelona,85.986
14,9,1,43,66,Barcelona,85.503
15,1,1,44,66,Barcelona,85.589
16,4,1,39,66,Barcelona,85.541
17,8,2,43,66,Barcelona,85.463
18,19,1,39,66,Barcelona,85.485
19,18,1,36,66,Barcelona,85.171
20,6,0,44,66,Barcelona,85.447
21,11,0,39,66,Barcelona,85.123
22,10,2,36,66,Barcelona,84.94
23,17,0,37,66,Barcelona,84.769
24,18,2,32,66,Barcelona,84.991
25,3,1,34,66,Barcelona,84.725
26,9,0,31,66,Barcelona,84.788
27,16,2,39,66,Barcelona,84.791
28,15,1,38,66,Barcelona,84.391
29,1,0,38,66,Barcelona,86.309
30,7,2,44,66,Barcelona,86.038
31,11,1,36,66,Barcelona,85.928
32,11,2,33,66,Barcelona,85.187
33,4,1,43,66,Barcelona,84.913
34,8,1,44,66,Barcelona,84.949
35,7,2,38,66,Barcelona,86.779
36,2,0,40,66,Barcelona,85.867
37,2,1,43,66,Barcelona,90.354
38,1,2,37,66,Barcelona,104.27
39,16,1,31,66,Barcelona,83.915
40,9,2,35,66,Barcelona,83.444
41,6,0,33,66,Barcelona,83.17
42,9,1,36,66,Barcelona,85.493
43,9,1,39,66,Barcelona,82.964
44,10,0,33,66,Barcelona,83.002
45,14,2,38,66,Barcelona,83.194
46,11,1,34,66,Barcelona,83.53
47,18,2,40,66,Barcelona,84.8
48,5,1,34,66,Barcelona,84.879
49,13,0,33,66,Barcelona,83.56
50,5,2,32,66,Barcelona,83.284
51,11,2,38,66,Barcelona,83.57
52,7,1,30,66,Barcelona,82.935
53,3,1,44,66,Barcelona,83.112
54,1,1,36,66,Barcelona,82.868
55,19,1,33,66,Barcelona,83.146
56,10,2,33,66,Barcelona,82.947
57,15,1,33,66,Barcelona,83.395
58,5,2,39,66,Barcelona,84.922
59,17,2,39,66,Barcelona,85.413
60,1,1,33,66,Barcelona,87.936
61,5,0,36,66,Barcelona,83.668
62,14,1,34,66,Barcelona,83.465
63,10,2,37,66,Barcelona,83.102
64,9,1,37,66,Barcelona,83.057
65,5,2,37,66,Barcelona,83.61
1,3,1,42,66,Barcelona,97.299
2,13,1,39,66,Barcelona,87.724
3,2,2,40,66,Barcelona,86.328
4,10,2,31,66,Barcelona,85.723
5,5,1,31,66,Barcelona,85.571
6,9,2,30,66,Barcelona,85.437
7,2,1,31,66,Barcelona,85.294
8,12,1,31,66,Barcelona,98.019
9,2,0,36,66,Barcelona,160.997
10,17,1,34,66,Barcelona,94.073
11,2,2,35,66,Barcelona,84.691
12,13,2,42,66,Barcelona,84.854
13,17,1,30,66,Barcelona,84.908
14,6,1,41,66,Barcelona,85.239
15,4,0,39,66,Barcelona,86.395
16,2,2,32,66,Barcelona,84.931
17,1,0,40,66,Barcelona,85.405
18,14,0,39,66,Barcelona,84.888
19,4,1,39,66,Barcelona,85.042
20,4,2,41,66,Barcelona,85.269
21,18,0,41,66,Barcelona,85.288
22,8,0,44,66,Barcelona,85.261
23,19,1,44,66,Barcelona,84.996
24,5,2,32,66,Barcelona,85.431
25,12,1,35,66,Barcelona,85.013
26,17,1,41,66,Barcelona,86.182
27,15,2,37,66,Barcelona,86.851
28,1,2,42,66,Barcelona,86.595
29,2,1,30,66,Barcelona,86.4
30,17,0,34,66,Barcelona,88.134
31,13,2,30,66,Barcelona,86.402
32,6,1,35,66,Barcelona,86.408
33,12,1,35,66,Barcelona,85.302
34,14,0,35,66,Barcelona,85.029
35,10,2,34,66,Barcelona,85.234
36,12,1,41,66,Barcelona,85.111
37,8,0,31,66,Barcelona,86.82
38,10,1,37,66,Barcelona,85.72
39,2,1,36,66,Barcelona,92.536
40,2,1,39,66,Barcelona,104.771
41,19,1,41,66,Barcelona,83.22
42,4,2,41,66,Barcelona,82.802
43,10,1,31,66,Barcelona,83.004
44,12,0,35,66,Barcelona,83.056
45,12,0,43,66,Barcelona,83.193
46,9,1,34,66,Barcelona,83.266
47,3,0,42,66,Barcelona,83.532
48,7,2,36,66,Barcelona,83.521
49,2,2,43,66,Barcelona,83.429
50,19,2,42,66,Barcelona,84.806
51,3,1,30,66,Barcelona,83.381
52,3,1,41,66,Barcelona,83.303
53,13,1,38,66,Barcelona,83.237
54,6,2,43,66,Barcelona,83.119
55,1,1,32,66,Barcelona,83.05
56,6,0,35,66,Barcelona,83.06
57,4,0,38,66,Barcelona,83.098
58,8,2,32,66,Barcelona,83.229
59,10,1,43,66,Barcelona,83.511
60,14,1,36,66,Barcelona,83.623
61,9,0,44,66,Barcelona,83.555
62,3,2,39,66,Barcelona,85.31
63,16,2,37,66,Barcelona,83.949
64,16,2,30,66,Barcelona,83.445
65,13,2,31,66,Barcelona,83.896
1,18,2,30,66,Barcelona,97.64
2,4,0,33,66,Barcelona,88.135
3,1,0,37,66,Barcelona,86.736
4,17,1,37,66,Barcelona,86.209
5,4,1,42,66,Barcelona,87.216
6,17,0,39,66,Barcelona,86.032
7,13,2,39,66,Barcelona,86.324
8,10,0,37,66,Barcelona,100.855
9,12,2,36,66,Barcelona,112.822
10,13,2,36,66,Barcelona,121.225
11,15,0,32,66,Barcelona,87.945
12,14,2,35,66,Barcelona,88.065
13,4,1,40,66,Barcelona,86.496
14,13,0,44,66,Barcelona,86.657
15,2,2,44,66,Barcelona,87.827
16,5,1,43,66,Barcelona,86.352
17,4,0,43,66,Barcelona,85.773
18,17,0,32,66,Barcelona,87.943
19,7,1,44,66,Barcelona,86.159
20,10,0,33,66,Barcelona,85.978
21,6,0,30,66,Barcelona,86.076
22,4,1,37,66,Barcelona,86.3
23,10,1,31,66,Barcelona,89.741
24,13,1,31,66,Barcelona,106.559
25,15,1,35,66,Barcelona,84.244
26,18,1,42,66,Barcelona,84.435
27,4,0,36,66,Barcelona,84.419
28,8,0,32,66,Barcelona,84.372
29,3,2,32,66,Barcelona,83.989
30,9,2,36,66,Barcelona,83.959
31,19,2,31,66,Barcelona,84.029
32,16,0,42,66,Barcelona,84.569
33,7,1,42,66,Barcelona,83.962
34,9,2,43,66,Barcelona,84.267
35,11,0,40,66,Barcelona,84.238
36,1,2,34,66,Barcelona,84.381
37,15,2,30,66,Barcelona,87.523
38,13,1,30,66,Barcelona,85.48
39,13,2,36,66,Barcelona,86.294
40,12,2,31,66,Barcelona,84.978
41,12,1,41,66,Barcelona,84.258
42,3,1,31,66,Barcelona,84.398
43,8,2,40,66,Barcelona,86.013
44,19,0,44,66,Barcelona,84.384
45,10,1,43,66,Barcelona,84.092
46,10,2,42,66,Barcelona,84.223
47,4,2,43,66,Barcelona,86.973
48,16,2,38,66,Barcelona,84.728
49,18,2,37,66,Barcelona,84.56
50,19,0,30,66,Barcelona,88.28
51,4,2,39,66,Barcelona,103.198
52,17,0,44,66,Barcelona,82.97
53,3,1,36,66,Barcelona,82.752
54,16,1,31,66,Barcelona,82.637
55,15,1,43,66,Barcelona,82.649
56,14,1,37,66,Barcelona,82.646
57,17,2,35,66,Barcelona,83.567
58,18,1,42,66,Barcelona,86.684
59,19,0,30,66,Barcelona,86.422
60,4,1,39,66,Barcelona,83.102
61,1,2,31,66,Barcelona,83.825
62,7,1,32,66,Barcelona,83.547
63,2,0,32,66,Barcelona,85.695
64,5,1,36,66,Barcelona,83.585
1,3,1,36,66,Barcelona,98.084
2,11,0,32,66,Barcelona,88.774
3,18,0,39,66,Barcelona,87.083
4,9,1,38,66,Barcelona,86.223
5,16,1,41,66,Barcelona,86.348
6,8,2,42,66,Barcelona,86.158
7,9,2,32,66,Barcelona,86.109
8,3,1,34,66,Barcelona,98.318
9,13,2,30,66,Barcelona,114.735
10,10,1,34,66,Barcelona,122.194
11,4,1,35,66,Barcelona,87.634
12,3,1,40,66,Barcelona,86.442
13,2,2,36,66,Barcelona,86.057
14,11,0,35,66,Barcelona,85.749
15,2,2,43,66,Barcelona,85.522
16,2,0,37,66,Barcelona,85.845
17,1,0,32,66,Barcelona,85.212
18,6,1,32,66,Barcelona,85.455
19,18,2,44,66,Barcelona,85.448
20,3,0,43,66,Barcelona,85.712
21,6,0,41,66,Barcelona,85.679
22,13,0,43,66,Barcelona,85.048
23,11,2,39,66,Barcelona,85.104
24,17,1,41,66,Barcelona,85.086
25,15,1,37,66,Barcelona,84.691
26,16,2,32,66,Barcelona,84.705
27,5,0,37,66,Barcelona,85.994
28,19,2,35,66,Barcelona,87.78
29,4,0,44,66,Barcelona,101.012
30,11,1,38,66,Barcelona,83.208
31,5,0,39,66,Barcelona,83.651
32,13,2,32,66,Barcelona,83.631
33,8,0,35,66,Barcelona,83.614
34,6,2,40,66,Barcelona,83.986
35,1,1,34,66,Barcelona,84.412
36,12,2,35,66,Barcelona,84.067
37,4,1,35,66,Barcelona,84.495
38,9,2,34,66,Barcelona,84.515
39,12,2,37,66,Barcelona,84.016
40,16,1,41,66,Barcelona,83.915
41,19,1,34,66,Barcelona,83.882
42,2,0,31,66,Barcelona,83.649
43,13,1,36,66,Barcelona,83.78
44,14,1,30,66,Barcelona,83.89
45,13,0,30,66,Barcelona,85.394
46,8,1,36,66,Barcelona,84.241
47,16,1,43,66,Barcelona,83.949
48,8,2,32,66,Barcelona,84.159
49,16,1,33,66,Barcelona,83.707
50,18,0,31,66,Barcelona,83.995
51,13,0,35,66,Barcelona,84.183
52,15,1,34,66,Barcelona,85.238
53,6,0,36,66,Barcelona,84.483
54,3,2,40,66,Barcelona,84.48
55,6,0,36,66,Barcelona,85.577
56,12,1,43,66,Barcelona,84.782
57,8,1,42,66,Barcelona,85.045
58,9,2,43,66,Barcelona,85.435
59,15,0,37,66,Barcelona,88.62
60,6,1,42,66,Barcelona,87.411
61,18,2,44,66,Barcelona,86.176
62,2,1,36,66,Barcelona,84.867
63,18,0,44,66,Barcelona,85.234
64,5,0,42,66,Barcelona,86.77
65,3,2,37,66,Barcelona,85.794
1,10,0,44,66,Barcelona,98.543
2,13,1,30,66,Barcelona,87.714
3,10,0,44,66,Barcelona,86.76
4,2,1,42,66,Barcelona,86.189
5,15,2,42,66,Barcelona,84.825
6,15,2,41,66,Barcelona,85.148
1,11,2,36,66,Barcelona,99.177
2,4,0,44,66,Barcelona,88.361
3,7,0,39,66,Barcelona,87.194
4,11,2,44,66,Barcelona,86.338
5,8,2,31,66,Barcelona,86.276
6,19,0,33,66,Barcelona,86.574
7,11,1,34,66,Barcelona,86.037
8,8,2,32,66,Barcelona,100.465
9,10,2,30,66,Barcelona,114.725
10,3,0,32,66,Barcelona,119.384
11,17,2,41,66,Barcelona,87.806
12,10,0,36,66,Barcelona,87.48
13,8,1,30,66,Barcelona,86.425
14,13,1,42,66,Barcelona,86.592
15,9,1,37,66,Barcelona,85.714
16,7,2,33,66,Barcelona,85.442
17,9,1,34,66,Barcelona,85.419
18,16,0,35,66,Barcelona,85.56
19,5,1,30,66,Barcelona,85.349
20,5,2,41,66,Barcelona,85.497
21,16,2,35,66,Barcelona,85.557
22,7,0,38,66,Barcelona,85.596
23,15,1,34,66,Barcelona,85.292
24,4,1,32,66,Barcelona,85.385
25,3,0,32,66,Barcelona,85.192
26,2,1,37,66,Barcelona,85.048
27,18,1,34,66,Barcelona,89.626
28,13,1,40,66,Barcelona,102.425
29,17,2,32,66,Barcelona,84.29
30,3,0,36,66,Barcelona,84.058
31,2,1,33,66,Barcelona,83.973
32,1,1,30,66,Barcelona,84.008
33,10,2,33,66,Barcelona,83.514
34,6,2,30,66,Barcelona,83.828
35,3,1,41,66,Barcelona,84.411
36,8,1,36,66,Barcelona,84.247
37,4,1,36,66,Barcelona,83.855
38,17,1,42,66,Barcelona,84.337
39,5,1,36,66,Barcelona,84.104
40,6,2,34,66,Barcelona,83.93
41,11,2,43,66,Barcelona,83.9
42,11,1,41,66,Barcelona,85.623
43,10,2,34,66,Barcelona,84.266
44,12,1,31,66,Barcelona,83.906
45,5,1,39,66,Barcelona,84.061
46,2,1,31,66,Barcelona,85.922
47,2,2,40,66,Barcelona,87.143
48,3,1,41,66,Barcelona,84.916
49,5,2,40,66,Barcelona,86.946
50,2,0,42,66,Barcelona,88.65
51,3,1,41,66,Barcelona,103.082
52,4,2,37,66,Barcelona,83.127
53,10,2,30,66,Barcelona,82.977
54,13,2,35,66,Barcelona,83.28
55,12,1,42,66,Barcelona,83.515
56,5,1,42,66,Barcelona,83.144
57,17,1,31,66,Barcelona,82.905
58,8,1,32,66,Barcelona,83.194
59,9,1,36,66,Barcelona,84.998
60,15,2,36,66,Barcelona,83.041
61,16,0,43,66,Barcelona,82.988
62,3,0,32,66,Barcelona,83.038
63,5,1,43,66,Barcelona,82.96
64,13,1,32,66,Barcelona,82.942
65,19,2,34,66,Barcelona,88.857
1,2,0,40,66,Barcelona,99.826
2,3,0,42,66,Barcelona,88.311
3,5,2,43,66,Barcelona,87.309
4,19,2,44,66,Barcelona,86.368
5,1,0,34,66,Barcelona,86.945
6,6,2,40,66,Barcelona,86.904
7,7,1,36,66,Barcelona,86.46
8,8,1,31,66,Barcelona,101.651
9,6,0,31,66,Barcelona,111.289
10,9,0,33,66,Barcelona,118.697
11,9,0,37,66,Barcelona,89.483
12,13,1,39,66,Barcelona,87.754
13,12,2,30,66,Barcelona,87.042
14,19,1,39,66,Barcelona,87.211
15,13,0,41,66,Barcelona,86.891
16,6,2,36,66,Barcelona,87.647
17,15,0,39,66,Barcelona,86.744
18,7,1,37,66,Barcelona,86.881
19,9,1,39,66,Barcelona,86.627
20,3,2,33,66,Barcelona,86.548
21,2,1,40,66,Barcelona,86.782
22,2,1,36,66,Barcelona,91.969
23,3,1,37,66,Barcelona,106.885
24,13,0,43,66,Barcelona,84.384
25,2,1,32,66,Barcelona,86.761
26,11,1,34,66,Barcelona,84.806
27,2,0,35,66,Barcelona,84.844
28,17,2,34,66,Barcelona,84.862
29,14,2,33,66,Barcelona,84.754
30,3,2,44,66,Barcelona,84.83
31,10,1,34,66,Barcelona,85.107
32,9,1,35,66,Barcelona,87.806
33,11,0,34,66,Barcelona,85.466
34,11,1,37,66,Barcelona,87.73
35,8,2,32,66,Barcelona,85.299
36,3,1,36,66,Barcelona,85.147
37,3,1,33,66,Barcelona,85.221
38,14,2,32,66,Barcelona,86.812
39,8,1,32,66,Barcelona,85.457
40,6,1,42,66,Barcelona,85.809
41,19,2,40,66,Barcelona,85.309
42,1,2,40,66,Barcelona,89.125
43,3,1,40,66,Barcelona,106.069
44,8,0,38,66,Barcelona,84.842
45,19,1,43,66,Barcelona,84.04
46,19,1,44,66,Barcelona,84.392
47,12,1,39,66,Barcelona,84.539
48,1,1,35,66,Barcelona,84.381
49,19,1,34,66,Barcelona,86.441
50,19,1,36,66,Barcelona,84.465
51,6,1,30,66,Barcelona,84.053
52,5,2,43,66,Barcelona,84.204
53,13,1,35,66,Barcelona,86.228
54,4,0,35,66,Barcelona,84.824
55,7,1,34,66,Barcelona,84.42
56,14,0,40,66,Barcelona,86.574
57,10,2,32,66,Barcelona,84.949
58,10,0,39,66,Barcelona,84.698
59,4,1,33,66,Barcelona,86.61
60,16,1,30,66,Barcelona,87.116
61,16,2,36,66,Barcelona,90.047
62,16,1,43,66,Barcelona,87.399
63,12,2,30,66,Barcelona,84.739
64,2,1,41,66,Barcelona,84.471
1,18,1,35,78,Monaco,81.986
2,1,0,38,78,Monaco,77.48
3,17,1,34,78,Monaco,77.298
4,11,0,41,78,Monaco,77.237
5,19,1,33,78,Monaco,76.892
6,15,0,41,78,Monaco,77.147
7,11,2,30,78,Monaco,76.722
8,4,1,36,78,Monaco,77.12
9,4,1,44,78,Monaco,76.91
10,7,2,35,78,Monaco,76.944
11,19,0,35,78,Monaco,76.265
12,2,2,44,78,Monaco,76.339
13,4,1,36,78,Monaco,75.954
14,15,0,34,78,Monaco,76.305
15,8,2,31,78,Monaco,75.818
16,15,2,36,78,Monaco,75.76
17,17,1,33,78,Monaco,75.99
18,2,1,34,78,Monaco,75.917
19,6,0,44,78,Monaco,75.655
20,19,1,33,78,Monaco,76.084
21,5,2,41,78,Monaco,76.184
22,9,0,43,78,Monaco,76.144
23,16,2,39,78,Monaco,76.272
24,4,0,43,78,Monaco,76.244
25,14,1,33,78,Monaco,76.531
26,10,0,36,78,Monaco,76.322
27,8,2,30,78,Monaco,76.0
28,8,0,31,78,Monaco,75.981
29,17,2,41,78,Monaco,76.551
30,8,1,33,78,Monaco,76.582
31,4,1,37,78,Monaco,75.167
32,17,0,40,78,Monaco,75.889
33,12,0,35,78,Monaco,75.827
34,7,1,44,78,Monaco,92.339
35,15,0,31,78,Monaco,80.639
36,5,1,35,78,Monaco,75.494
37,18,1,31,78,Monaco,75.861
38,15,1,32,78,Monaco,76.438
39,19,0,44,78,Monaco,76.535
40,6,0,34,78,Monaco,75.881
41,3,1,42,78,Monaco,75.468
42,17,0,43,78,Monaco,75.581
43,11,0,33,78,Monaco,75.624
44,5,0,32,78,Monaco,74.993
45,15,1,30,78,Monaco,74.93
46,5,2,38,78,Monaco,75.502
47,17,1,31,78,Monaco,75.494
48,18,2,43,78,Monaco,74.851
49,19,0,35,78,Monaco,75.186
50,9,2,34,78,Monaco,74.714
51,3,2,32,78,Monaco,74.95
52,7,2,33,78,Monaco,74.853
53,9,2,43,78,Monaco,74.745
54,17,1,39,78,Monaco,74.967
55,16,2,43,78,Monaco,74.783
56,19,1,40,78,Monaco,74.799
57,8,1,43,78,Monaco,74.762
58,1,2,34,78,Monaco,74.649
59,7,1,40,78,Monaco,75.092
60,14,2,35,78,Monaco,75.37
61,7,1,44,78,Monaco,75.557
62,17,1,33,78,Monaco,75.455
63,17,2,37,78,Monaco,75.014
64,12,1,39,78,Monaco,75.473
65,9,1,40,78,Monaco,75.356
66,17,1,41,78,Monaco,75.301
67,19,2,37,78,Monaco,75.035
68,7,0,41,78,Monaco,74.843
69,1,0,44,78,Monaco,74.836
70,14,1,35,78,Monaco,75.321
71,17,2,41,78,Monaco,75.237
72,4,1,38,78,Monaco,74.942
73,16,1,34,78,Monaco,75.316
74,18,1,32,78,Monaco,75.515
75,5,2,37,78,Monaco,74.909
76,17,1,35,78,Monaco,75.331
77,8,1,30,78,Monaco,76.533
78,12,0,42,78,Monaco,76.829
1,14,1,33,78,Monaco,83.015
2,17,0,34,78,Monaco,77.613
3,7,0,42,78,Monaco,77.329
4,8,2,44,78,Monaco,77.154
5,3,1,37,78,Monaco,77.236
6,5,0,41,78,Monaco,76.863
7,6,0,42,78,Monaco,77.082
8,1,2,33,78,Monaco,76.751
9,18,1,33,78,Monaco,76.961
10,16,2,42,78,Monaco,77.012
11,4,0,30,78,Monaco,76.575
12,9,2,43,78,Monaco,76.54
13,7,0,42,78,Monaco,76.04
14,11,1,31,78,Monaco,76.028
15,6,1,35,78,Monaco,75.974
16,14,2,40,78,Monaco,76.275
17,2,1,40,78,Monaco,75.914
18,2,2,36,78,Monaco,75.706
19,9,1,41,78,Monaco,75.908
20,3,1,37,78,Monaco,76.335
21,1,0,33,78,Monaco,76.6
22,8,1,33,78,Monaco,76.471
23,8,1,30,78,Monaco,76.641
24,17,1,42,78,Monaco,77.198
25,13,1,41,78,Monaco,76.543
26,12,0,31,78,Monaco,76.687
27,17,1,30,78,Monaco,76.247
28,7,1,38,78,Monaco,76.034
29,6,2,33,78,Monaco,76.265
1,3,0,31,78,Monaco,84.727
2,6,2,41,78,Monaco,77.929
3,7,0,44,78,Monaco,77.32
4,17,2,39,78,Monaco,78.028
5,13,2,33,78,Monaco,77.304
6,12,2,33,78,Monaco,76.988
7,12,1,31,78,Monaco,76.736
8,7,1,32,78,Monaco,76.687
9,11,0,35,78,Monaco,76.672
10,2,0,32,78,Monaco,76.747
11,7,0,35,78,Monaco,76.748
12,19,0,43,78,Monaco,76.445
13,8,0,31,78,Monaco,76.524
14,4,1,33,78,Monaco,75.926
15,14,2,44,78,Monaco,76.08
16,9,2,33,78,Monaco,75.917
17,14,0,39,78,Monaco,76.021
18,16,2,35,78,Monaco,75.957
19,12,2,41,78,Monaco,75.766
20,2,0,38,78,Monaco,75.925
21,6,1,30,78,Monaco,76.236
22,19,2,40,78,Monaco,76.158
23,7,0,34,78,Monaco,76.751
24,13,1,36,78,Monaco,77.06
25,18,0,33,78,Monaco,76.693
26,7,0,32,78,Monaco,76.889
27,19,2,37,78,Monaco,76.237
28,11,0,37,78,Monaco,76.153
29,17,1,38,78,Monaco,76.22
30,15,1,41,78,Monaco,76.707
31,5,1,31,78,Monaco,76.485
32,13,0,41,78,Monaco,93.98
33,11,0,31,78,Monaco,79.941
34,19,0,30,78,Monaco,74.699
35,15,1,33,78,Monaco,74.621
36,9,2,33,78,Monaco,75.288
37,17,0,38,78,Monaco,75.163
38,3,0,39,78,Monaco,75.158
39,2,2,35,78,Monaco,75.122
40,11,1,39,78,Monaco,76.364
41,17,2,44,78,Monaco,75.565
42,5,1,36,78,Monaco,75.588
43,6,1,34,78,Monaco,75.329
44,1,1,32,78,Monaco,75.056
45,16,0,43,78,Monaco,74.808
46,18,0,40,78,Monaco,75.203
47,8,1,43,78,Monaco,75.626
48,6,0,30,78,Monaco,74.874
49,19,1,43,78,Monaco,74.731
50,17,1,44,78,Monaco,75.049
51,4,0,41,78,Monaco,75.052
52,8,2,38,78,Monaco,74.859
53,17,0,33,78,Monaco,74.792
54,19,2,41,78,Monaco,74.76
55,4,1,40,78,Monaco,74.646
56,11,0,40,78,Monaco,74.914
57,4,1,39,78,Monaco,75.051
58,2,2,32,78,Monaco,75.347
59,11,1,44,78,Monaco,75.32
60,18,1,41,78,Monaco,75.706
61,13,1,41,78,Monaco,76.343
62,5,1,30,78,Monaco,75.592
63,11,1,41,78,Monaco,76.394
64,13,2,35,78,Monaco,75.751
65,6,2,41,78,Monaco,75.455
66,6,0,34,78,Monaco,75.561
67,13,1,31,78,Monaco,75.356
68,19,2,43,78,Monaco,75.397
69,14,1,44,78,Monaco,75.261
70,4,0,30,78,Monaco,75.364
71,2,2,35,78,Monaco,75.269
72,12,2,34,78,Monaco,74.877
73,17,2,31,78,Monaco,75.141
74,2,0,42,78,Monaco,75.76
75,3,1,35,78,Monaco,75.53
76,8,2,41,78,Monaco,75.605
77,17,2,37,78,Monaco,76.139
78,1,0,44,78,Monaco,76.345
1,19,2,39,78,Monaco,85.729
2,5,0,40,78,Monaco,78.426
3,13,2,43,78,Monaco,77.634
4,9,1,42,78,Monaco,77.772
5,9,1,42,78,Monaco,77.864
6,11,0,31,78,Monaco,77.048
7,15,2,39,78,Monaco,77.195
8,3,0,33,78,Monaco,76.655
9,6,2,38,78,Monaco,77.027
10,11,2,37,78,Monaco,77.19
11,9,0,35,78,Monaco,76.601
12,8,2,38,78,Monaco,76.56
13,16,1,33,78,Monaco,76.5
14,8,2,31,78,Monaco,76.302
15,12,1,37,78,Monaco,76.074
16,4,1,38,78,Monaco,76.094
17,15,1,43,78,Monaco,75.965
18,13,2,32,78,Monaco,76.602
19,7,2,36,78,Monaco,76.135
20,8,1,34,78,Monaco,75.812
21,2,1,30,78,Monaco,75.8
22,18,2,38,78,Monaco,76.284
23,19,0,33,78,Monaco,76.128
24,6,0,36,78,Monaco,76.653
25,10,1,35,78,Monaco,76.965
26,4,0,39,78,Monaco,76.636
27,1,1,36,78,Monaco,77.02
28,17,0,38,78,Monaco,77.635
29,7,2,32,78,Monaco,76.902
30,3,1,40,78,Monaco,93.286
31,17,0,44,78,Monaco,79.617
32,4,0,41,78,Monaco,74.838
33,5,0,35,78,Monaco,76.21
34,11,0,42,78,Monaco,75.03
35,1,0,30,78,Monaco,74.991
36,8,1,37,78,Monaco,75.195
37,7,1,31,78,Monaco,75.735
38,16,0,44,78,Monaco,75.683
39,8,0,38,78,Monaco,75.625
40,16,2,43,78,Monaco,75.672
41,11,2,38,78,Monaco,75.757
42,5,1,34,78,Monaco,76.281
43,2,0,38,78,Monaco,75.912
44,11,0,36,78,Monaco,75.613
45,14,0,42,78,Monaco,75.18
46,18,2,30,78,Monaco,75.141
47,17,1,31,78,Monaco,75.458
48,14,1,42,78,Monaco,75.524
49,10,1,35,78,Monaco,75.584
50,8,2,31,78,Monaco,75.716
51,2,2,42,78,Monaco,75.531
52,7,0,30,78,Monaco,75.188
53,6,2,39,78,Monaco,75.27
54,2,0,41,78,Monaco,75.252
55,3,2,34,78,Monaco,75.339
56,10,1,36,78,Monaco,75.515
57,19,2,39,78,Monaco,75.441
58,19,0,43,78,Monaco,75.315
59,16,1,34,78,Monaco,75.63
60,4,1,40,78,Monaco,75.847
61,5,1,41,78,Monaco,76.048
62,11,1,39,78,Monaco,75.622
63,10,1,42,78,Monaco,75.416
64,13,2,36,78,Monaco,75.874
65,5,2,39,78,Monaco,76.145
66,15,2,35,78,Monaco,76.038
67,11,1,37,78,Monaco,75.572
68,18,1,34,78,Monaco,75.154
69,17,0,36,78,Monaco,75.381
70,8,2,34,78,Monaco,75.575
71,14,1,44,78,Monaco,75.974
72,11,0,36,78,Monaco,74.795
73,1,0,34,78,Monaco,75.034
74,3,2,37,78,Monaco,75.141
75,19,1,32,78,Monaco,75.032
76,1,1,40,78,Monaco,74.67
77,5,1,32,78,Monaco,75.091
78,16,1,41,78,Monaco,76.101
1,8,1,39,78,Monaco,86.902
2,1,0,36,78,Monaco,78.737
3,10,0,40,78,Monaco,77.821
4,10,0,36,78,Monaco,78.06
5,17,0,30,78,Monaco,77.909
6,6,1,43,78,Monaco,77.393
7,12,0,44,78,Monaco,77.204
8,4,1,34,78,Monaco,76.838
9,6,2,31,78,Monaco,77.055
10,4,2,42,78,Monaco,77.182
11,8,0,43,78,Monaco,76.798
12,2,1,33,78,Monaco,76.414
13,6,2,32,78,Monaco,76.897
14,10,1,32,78,Monaco,76.331
15,4,2,40,78,Monaco,76.128
16,16,0,30,78,Monaco,76.138
17,13,1,37,78,Monaco,76.058
18,16,0,42,78,Monaco,76.151
19,8,1,43,78,Monaco,77.309
20,9,0,35,78,Monaco,76.087
21,9,1,41,78,Monaco,75.925
22,4,0,32,78,Monaco,76.055
23,19,1,40,78,Monaco,76.355
24,10,0,34,78,Monaco,76.06
25,5,0,34,78,Monaco,77.135
26,8,2,43,78,Monaco,76.576
27,11,1,39,78,Monaco,77.134
28,13,0,30,78,Monaco,76.701
29,13,0,34,78,Monaco,76.723
30,18,1,40,78,Monaco,93.589
31,18,1,37,78,Monaco,81.727
32,15,1,38,78,Monaco,78.95
33,3,2,35,78,Monaco,76.459
34,18,1,37,78,Monaco,76.292
35,15,0,42,78,Monaco,75.894
36,4,0,31,78,Monaco,76.031
37,18,2,36,78,Monaco,76.467
38,19,1,41,78,Monaco,76.874
39,17,2,42,78,Monaco,76.708
40,2,2,36,78,Monaco,76.226
41,14,2,32,78,Monaco,76.713
42,8,2,42,78,Monaco,76.205
43,7,0,41,78,Monaco,76.757
44,12,1,41,78,Monaco,76.104
45,2,2,37,78,Monaco,76.357
46,2,1,37,78,Monaco,76.318
47,4,0,39,78,Monaco,76.32
48,18,2,40,78,Monaco,76.358
49,9,2,40,78,Monaco,75.906
50,4,1,30,78,Monaco,75.809
51,7,1,35,78,Monaco,76.128
52,9,1,38,78,Monaco,76.122
53,16,2,43,78,Monaco,76.126
54,15,2,31,78,Monaco,76.603
55,11,1,38,78,Monaco,76.398
56,8,1,32,78,Monaco,76.316
57,7,1,43,78,Monaco,75.732
58,6,1,44,78,Monaco,75.896
59,17,0,38,78,Monaco,75.921
60,18,1,39,78,Monaco,75.861
61,17,2,35,78,Monaco,75.657
62,15,0,43,78,Monaco,75.458
63,12,2,31,78,Monaco,75.687
64,2,1,39,78,Monaco,75.845
65,12,0,31,78,Monaco,75.882
66,12,2,35,78,Monaco,75.761
67,14,1,32,78,Monaco,75.646
68,14,2,36,78,Monaco,76.034
69,2,0,33,78,Monaco,75.514
70,3,1,36,78,Monaco,75.611
71,15,1,42,78,Monaco,75.412
72,10,1,40,78,Monaco,75.646
73,15,0,35,78,Monaco,75.974
74,1,1,36,78,Monaco,75.888
75,3,1,44,78,Monaco,75.763
76,8,1,35,78,Monaco,75.691
77,19,0,42,78,Monaco,75.884
78,6,2,35,78,Monaco,76.12
1,5,0,44,78,Monaco,87.982
2,17,1,42,78,Monaco,78.742
3,17,0,30,78,Monaco,78.24
4,8,2,31,78,Monaco,77.936
5,17,0,34,78,Monaco,78.221
6,3,0,30,78,Monaco,77.448
7,6,0,44,78,Monaco,77.205
8,3,0,34,78,Monaco,77.009
9,3,1,41,78,Monaco,76.779
10,10,0,36,78,Monaco,76.869
11,1,1,38,78,Monaco,76.698
12,1,1,35,78,Monaco,76.667
13,14,1,35,78,Monaco,77.07
14,18,1,36,78,Monaco,76.555
15,5,0,30,78,Monaco,76.262
16,16,2,32,78,Monaco,76.152
17,6,0,33,78,Monaco,76.033
18,15,2,43,78,Monaco,75.854
19,1,2,39,78,Monaco,76.485
20,4,0,36,78,Monaco,76.8
21,12,1,35,78,Monaco,76.395
22,19,1,41,78,Monaco,76.017
23,5,2,30,78,Monaco,76.096
24,12,0,42,78,Monaco,76.343
25,13,0,35,78,Monaco,76.636
26,11,0,37,78,Monaco,76.497
27,10,1,40,78,Monaco,76.622
28,17,0,30,78,Monaco,77.044
29,16,1,39,78,Monaco,93.051
30,3,0,33,78,Monaco,78.739
31,10,2,31,78,Monaco,79.326
32,2,1,39,78,Monaco,78.966
33,9,0,41,78,Monaco,77.702
34,8,1,43,78,Monaco,76.42
35,16,2,31,78,Monaco,75.929
36,8,1,34,78,Monaco,76.036
37,9,1,40,78,Monaco,76.621
38,5,0,35,78,Monaco,76.209
39,9,1,43,78,Monaco,76.392
40,16,2,34,78,Monaco,76.542
41,8,1,42,78,Monaco,76.349
42,18,0,34,78,Monaco,76.964
43,11,2,41,78,Monaco,77.853
44,11,0,37,78,Monaco,76.793
45,10,1,42,78,Monaco,75.903
46,3,2,40,78,Monaco,75.72
47,13,1,35,78,Monaco,75.277
48,5,2,41,78,Monaco,76.717
49,16,0,33,78,Monaco,76.328
50,18,2,34,78,Monaco,76.216
51,3,1,30,78,Monaco,76.266
52,15,0,39,78,Monaco,76.129
53,5,1,41,78,Monaco,75.641
54,11,2,39,78,Monaco,75.894
55,8,0,33,78,Monaco,75.953
56,5,1,40,78,Monaco,76.148
57,12,1,44,78,Monaco,76.877
58,3,0,35,78,Monaco,76.241
59,2,1,32,78,Monaco,76.006
60,18,2,36,78,Monaco,76.013
61,13,1,30,78,Monaco,75.858
62,9,0,41,78,Monaco,75.926
63,5,2,43,78,Monaco,75.404
64,4,0,39,78,Monaco,76.498
65,4,1,36,78,Monaco,75.684
66,3,2,34,78,Monaco,75.261
67,5,1,30,78,Monaco,91.81
68,5,0,38,78,Monaco,77.137
69,13,0,42,78,Monaco,72.909
70,2,1,41,78,Monaco,73.382
71,5,2,35,78,Monaco,74.433
72,10,1,31,78,Monaco,75.081
73,6,2,30,78,Monaco,75.08
74,18,0,39,78,Monaco,75.323
75,12,1,37,78,Monaco,76.795
76,15,1,32,78,Monaco,74.539
77,8,0,44,78,Monaco,76.05
78,18,2,38,78,Monaco,78.003
1,8,0,39,78,Monaco,88.935
2,8,2,43,78,Monaco,79.731
3,18,2,35,78,Monaco,78.778
4,7,0,31,78,Monaco,78.133
5,2,1,43,78,Monaco,77.921
6,1,0,44,78,Monaco,77.992
7,2,1,40,78,Monaco,77.872
8,16,1,37,78,Monaco,77.805
9,17,0,33,78,Monaco,77.825
10,16,0,39,78,Monaco,77.416
11,16,2,40,78,Monaco,77.599
12,2,0,36,78,Monaco,76.702
13,7,2,38,78,Monaco,76.555
14,5,1,30,78,Monaco,76.286
15,6,1,32,78,Monaco,75.885
16,10,1,32,78,Monaco,75.868
17,8,1,31,78,Monaco,76.028
18,19,1,37,78,Monaco,76.072
19,4,1,44,78,Monaco,75.919
20,11,1,43,78,Monaco,76.019
21,16,0,36,78,Monaco,75.997
22,12,2,33,78,Monaco,76.006
23,9,2,37,78,Monaco,76.16
24,2,0,40,78,Monaco,76.143
25,15,1,42,78,Monaco,76.317
26,11,0,40,78,Monaco,76.926
27,4,0,33,78,Monaco,76.33
28,17,1,42,78,Monaco,76.636
29,19,2,39,78,Monaco,76.298
30,12,1,37,78,Monaco,76.03
31,19,1,41,78,Monaco,92.812
32,12,1,42,78,Monaco,79.635
33,4,2,37,78,Monaco,75.316
34,4,2,37,78,Monaco,75.416
35,6,2,37,78,Monaco,75.568
36,17,1,39,78,Monaco,77.038
37,17,1,38,78,Monaco,77.051
38,14,0,41,78,Monaco,76.691
39,6,1,30,78,Monaco,76.402
40,1,0,41,78,Monaco,76.483
41,18,2,33,78,Monaco,76.706
42,6,0,39,78,Monaco,76.074
43,5,1,36,78,Monaco,76.22
44,19,2,39,78,Monaco,76.045
45,16,1,31,78,Monaco,75.903
46,1,2,31,78,Monaco,76.857
47,3,0,39,78,Monaco,75.991
48,2,2,38,78,Monaco,75.797
49,8,0,38,78,Monaco,75.591
50,14,2,41,78,Monaco,76.063
51,19,2,33,78,Monaco,76.059
52,7,1,44,78,Monaco,76.268
53,15,0,31,78,Monaco,76.452
54,17,2,33,78,Monaco,76.613
55,9,0,35,78,Monaco,75.5
56,3,2,40,78,Monaco,75.761
57,7,1,40,78,Monaco,75.883
58,11,1,42,78,Monaco,75.87
59,5,1,39,78,Monaco,75.9
60,16,1,36,78,Monaco,75.89
61,10,0,31,78,Monaco,75.762
62,5,0,44,78,Monaco,75.468
63,3,1,38,78,Monaco,76.085
64,10,1,34,78,Monaco,75.809
65,6,1,35,78,Monaco,76.37
66,3,0,35,78,Monaco,75.744
67,11,1,35,78,Monaco,75.345
68,8,2,33,78,Monaco,75.758
69,9,0,39,78,Monaco,75.954
70,10,1,40,78,Monaco,75.93
71,4,2,31,78,Monaco,75.782
72,10,2,38,78,Monaco,76.009
73,9,1,42,78,Monaco,76.185
74,4,2,39,78,Monaco,76.093
75,9,1,39,78,Monaco,75.911
76,16,0,44,78,Monaco,75.862
77,2,2,43,78,Monaco,76.234
78,7,1,42,78,Monaco,77.071
1,13,1,31,78,Monaco,89.638
2,3,0,44,78,Monaco,79.594
3,5,2,40,78,Monaco,78.532
4,3,1,33,78,Monaco,78.164
5,7,2,42,78,Monaco,78.945
6,18,1,39,78,Monaco,78.401
7,1,0,41,78,Monaco,78.241
8,9,1,32,78,Monaco,78.337
9,1,2,34,78,Monaco,77.771
10,19,2,41,78,Monaco,77.474
11,4,2,44,78,Monaco,77.102
12,1,0,32,78,Monaco,75.949
13,5,2,38,78,Monaco,75.881
14,4,0,40,78,Monaco,76.42
15,17,1,42,78,Monaco,76.497
16,17,0,31,78,Monaco,76.338
17,19,2,35,78,Monaco,76.118
18,9,2,34,78,Monaco,75.638
19,16,0,39,78,Monaco,76.084
20,13,1,36,78,Monaco,75.827
21,13,0,40,78,Monaco,76.528
22,19,1,40,78,Monaco,75.843
23,1,2,30,78,Monaco,76.19
24,13,1,34,78,Monaco,76.093
25,9,2,32,78,Monaco,75.856
26,17,2,44,78,Monaco,76.715
27,3,0,40,78,Monaco,76.327
28,7,0,31,78,Monaco,76.719
29,9,1,40,78,Monaco,76.289
30,18,1,41,78,Monaco,75.934
31,8,2,32,78,Monaco,76.166
32,15,1,30,78,Monaco,74.552
33,12,1,31,78,Monaco,74.67
34,13,1,39,78,Monaco,75.062
35,3,0,32,78,Monaco,92.675
36,7,1,38,78,Monaco,79.543
37,6,0,31,78,Monaco,76.381
38,13,1,44,78,Monaco,75.841
39,3,0,38,78,Monaco,76.007
40,9,0,40,78,Monaco,76.15
41,18,0,40,78,Monaco,74.95
42,10,1,42,78,Monaco,75.488
43,16,1,44,78,Monaco,75.6
44,3,2,41,78,Monaco,75.706
45,18,2,34,78,Monaco,75.344
46,6,2,44,78,Monaco,75.595
47,17,0,37,78,Monaco,75.7
48,18,1,41,78,Monaco,74.988
49,11,1,31,78,Monaco,74.81
50,3,1,32,78,Monaco,75.895
51,16,1,37,78,Monaco,74.743
52,9,0,43,78,Monaco,75.143
53,17,1,30,78,Monaco,74.915
54,13,2,36,78,Monaco,74.98
55,13,1,35,78,Monaco,75.238
56,19,2,30,78,Monaco,75.163
57,4,0,35,78,Monaco,75.736
58,17,2,38,78,Monaco,74.988
59,17,2,39,78,Monaco,75.052
60,18,1,30,78,Monaco,75.125
61,17,0,33,78,Monaco,75.27
62,18,1,43,78,Monaco,74.759
63,6,2,42,78,Monaco,74.778
64,12,1,42,78,Monaco,75.149
65,4,0,33,78,Monaco,75.883
66,11,2,42,78,Monaco,75.789
67,14,1,32,78,Monaco,75.982
68,13,2,37,78,Monaco,75.466
69,12,0,33,78,Monaco,75.453
70,9,2,42,78,Monaco,75.412
71,3,0,32,78,Monaco,75.613
72,5,2,40,78,Monaco,75.074
73,9,2,34,78,Monaco,75.167
74,4,1,38,78,Monaco,75.561
75,10,2,44,78,Monaco,75.175
76,11,2,44,78,Monaco,74.905
77,11,0,36,78,Monaco,74.916
78,17,1,30,78,Monaco,75.307
1,4,2,40,78,Monaco,90.113
2,12,0,40,78,Monaco,79.695
3,7,2,43,78,Monaco,79.07
4,15,0,33,78,Monaco,78.34
5,6,0,33,78,Monaco,78.636
6,18,0,38,78,Monaco,78.64
7,4,0,36,78,Monaco,78.244
8,13,2,33,78,Monaco,77.977
9,16,0,40,78,Monaco,78.402
10,15,1,43,78,Monaco,77.873
11,2,2,38,78,Monaco,77.363
12,14,1,33,78,Monaco,77.088
13,10,1,40,78,Monaco,77.175
14,8,2,36,78,Monaco,76.86
15,9,0,39,78,Monaco,76.974
16,14,2,42,78,Monaco,77.037
17,3,1,44,78,Monaco,76.54
18,4,2,44,78,Monaco,76.727
19,19,2,36,78,Monaco,76.588
20,6,0,32,78,Monaco,76.468
21,18,0,41,78,Monaco,76.718
22,6,1,32,78,Monaco,76.758
23,17,2,43,78,Monaco,76.853
24,2,1,31,78,Monaco,77.263
25,2,1,31,78,Monaco,76.826
26,8,0,36,78,Monaco,77.056
27,15,2,38,78,Monaco,77.136
28,7,0,33,78,Monaco,77.5
29,19,2,34,78,Monaco,78.045
30,19,2,43,78,Monaco,78.318
31,12,1,44,78,Monaco,78.689
32,10,1,36,78,Monaco,78.673
33,13,2,36,78,Monaco,95.523
34,18,1,40,78,Monaco,80.718
35,8,1,33,78,Monaco,75.673
36,14,2,43,78,Monaco,76.866
37,15,2,43,78,Monaco,76.038
38,17,1,37,78,Monaco,77.113
39,18,0,44,78,Monaco,76.448
40,2,0,44,78,Monaco,76.013
41,12,0,44,78,Monaco,75.331
42,12,1,32,78,Monaco,75.402
43,12,1,39,78,Monaco,75.569
44,6,2,41,78,Monaco,75.707
45,12,0,31,78,Monaco,75.865
46,19,0,41,78,Monaco,76.179
47,13,0,31,78,Monaco,76.444
48,16,2,33,78,Monaco,76.712
49,17,2,33,78,Monaco,76.736
50,17,2,35,78,Monaco,76.577
51,17,0,31,78,Monaco,76.524
52,19,2,31,78,Monaco,76.466
53,6,0,44,78,Monaco,76.688
54,5,1,41,78,Monaco,76.647
55,7,0,42,78,Monaco,76.394
56,15,0,39,78,Monaco,76.482
57,12,2,35,78,Monaco,76.71
58,11,1,38,78,Monaco,77.878
59,3,2,39,78,Monaco,78.885
60,18,2,36,78,Monaco,79.997
61,19,1,34,78,Monaco,77.788
62,13,0,42,78,Monaco,77.774
63,19,0,37,78,Monaco,77.748
64,14,1,40,78,Monaco,77.436
65,19,2,35,78,Monaco,79.182
66,9,0,37,78,Monaco,79.104
67,16,2,33,78,Monaco,77.354
68,4,2,37,78,Monaco,77.2
69,5,1,42,78,Monaco,77.193
70,14,0,33,78,Monaco,76.833
71,19,2,41,78,Monaco,76.751
72,8,0,39,78,Monaco,77.056
73,7,0,43,78,Monaco,76.951
74,9,0,37,78,Monaco,76.88
75,1,0,33,78,Monaco,76.744
76,15,0,37,78,Monaco,76.829
77,5,0,44,78,Monaco,77.269
1,5,0,30,78,Monaco,90.963
2,14,1,42,78,Monaco,80.154
3,10,1,40,78,Monaco,79.421
4,5,1,32,78,Monaco,78.494
5,12,1,43,78,Monaco,78.546
6,18,0,44,78,Monaco,78.526
7,5,1,42,78,Monaco,78.572
8,16,0,44,78,Monaco,77.967
9,11,1,41,78,Monaco,78.38
10,17,0,30,78,Monaco,78.298
11,10,1,31,78,Monaco,77.77
12,18,0,41,78,Monaco,77.677
13,15,1,32,78,Monaco,77.253
14,9,1,42,78,Monaco,76.82
15,12,1,34,78,Monaco,76.81
16,14,0,31,78,Monaco,76.876
17,12,1,34,78,Monaco,76.572
18,8,1,36,78,Monaco,76.416
19,12,2,30,78,Monaco,76.754
20,8,1,40,78,Monaco,76.598
21,1,0,39,78,Monaco,76.543
22,19,1,33,78,Monaco,76.67
23,11,0,30,78,Monaco,76.656
24,12,1,35,78,Monaco,77.295
25,14,1,44,78,Monaco,77.343
26,6,1,41,78,Monaco,76.519
27,6,1,38,78,Monaco,76.85
28,5,1,35,78,Monaco,77.158
29,3,2,36,78,Monaco,77.515
30,19,0,36,78,Monaco,78.393
31,14,2,40,78,Monaco,78.301
32,8,2,41,78,Monaco,78.797
33,1,0,36,78,Monaco,78.032
34,9,2,31,78,Monaco,76.427
35,18,0,39,78,Monaco,76.052
36,5,0,44,78,Monaco,76.154
37,10,1,42,78,Monaco,92.516
38,14,1,35,78,Monaco,80.372
39,15,1,38,78,Monaco,76.171
40,10,0,42,78,Monaco,75.55
41,6,2,40,78,Monaco,75.316
42,3,2,35,78,Monaco,75.459
43,18,2,34,78,Monaco,75.823
44,11,1,30,78,Monaco,75.858
45,1,1,30,78,Monaco,76.012
46,7,2,38,78,Monaco,76.026
47,1,2,38,78,Monaco,76.782
48,3,1,36,78,Monaco,76.975
49,15,1,38,78,Monaco,76.749
50,19,0,39,78,Monaco,76.521
51,9,1,40,78,Monaco,76.43
52,10,0,44,78,Monaco,76.675
53,19,1,30,78,Monaco,76.689
54,5,2,42,78,Monaco,76.447
55,7,0,33,78,Monaco,76.466
56,2,2,38,78,Monaco,76.438
57,11,2,33,78,Monaco,76.712
58,11,1,44,78,Monaco,76.988
59,18,2,41,78,Monaco,79.864
60,18,2,30,78,Monaco,80.445
61,1,1,37,78,Monaco,77.675
62,16,1,40,78,Monaco,77.694
63,10,1,39,78,Monaco,77.764
64,1,0,40,78,Monaco,77.485
65,10,1,32,78,Monaco,77.557
66,9,2,39,78,Monaco,80.526
67,5,0,42,78,Monaco,77.478
68,19,0,33,78,Monaco,77.311
69,9,1,39,78,Monaco,76.944
70,8,2,31,78,Monaco,76.935
71,5,1,37,78,Monaco,76.774
72,6,2,40,78,Monaco,76.994
73,18,2,43,78,Monaco,76.936
74,16,2,34,78,Monaco,76.846
75,18,1,33,78,Monaco,76.895
76,9,1,34,78,Monaco,76.655
77,7,0,42,78,Monaco,77.581
1,3,1,37,78,Monaco,91.448
2,14,2,40,78,Monaco,80.334
3,7,1,32,78,Monaco,79.437
4,16,2,39,78,Monaco,78.644
5,11,0,38,78,Monaco,78.626
6,16,1,43,78,Monaco,78.497
7,3,2,39,78,Monaco,78.748
8,14,0,37,78,Monaco,78.398
9,12,2,31,78,Monaco,78.477
10,1,2,43,78,Monaco,78.226
11,18,0,39,78,Monaco,77.902
12,10,0,40,78,Monaco,77.682
13,10,2,43,78,Monaco,77.3
14,15,0,42,78,Monaco,76.833
15,6,2,36,78,Monaco,76.843
16,8,1,39,78,Monaco,76.518
17,14,2,32,78,Monaco,77.166
18,8,0,39,78,Monaco,77.596
19,3,1,34,78,Monaco,77.613
20,12,1,40,78,Monaco,77.259
21,16,0,38,78,Monaco,76.994
22,14,2,30,78,Monaco,76.731
23,2,1,36,78,Monaco,76.63
24,19,1,39,78,Monaco,76.671
25,13,2,39,78,Monaco,76.671
26,11,2,32,78,Monaco,76.452
27,2,1,33,78,Monaco,76.546
28,3,0,31,78,Monaco,76.383
29,9,1,34,78,Monaco,76.538
30,15,0,30,78,Monaco,78.563
31,13,1,42,78,Monaco,77.278
32,5,1,36,78,Monaco,78.417
33,18,0,44,78,Monaco,78.351
34,18,2,39,78,Monaco,77.081
35,6,2,39,78,Monaco,76.69
36,12,1,37,78,Monaco,76.429
37,14,2,30,78,Monaco,76.252
38,5,2,43,78,Monaco,76.159
39,8,2,37,78,Monaco,75.811
40,6,2,44,78,Monaco,75.756
41,8,2,40,78,Monaco,75.695
42,17,1,36,78,Monaco,76.089
43,4,1,38,78,Monaco,75.983
44,13,1,44,78,Monaco,76.58
45,4,0,40,78,Monaco,77.562
46,18,0,42,78,Monaco,75.828
47,7,0,39,78,Monaco,75.92
48,12,2,31,78,Monaco,76.523
49,8,0,41,78,Monaco,75.989
50,17,1,37,78,Monaco,75.871
51,15,2,44,78,Monaco,76.024
52,19,1,31,78,Monaco,76.156
53,9,2,40,78,Monaco,75.595
54,14,2,32,78,Monaco,75.783
55,16,1,34,78,Monaco,75.806
56,11,2,31,78,Monaco,75.768
57,6,1,39,78,Monaco,76.725
58,3,2,37,78,Monaco,92.618
59,17,1,40,78,Monaco,78.442
60,17,1,33,78,Monaco,77.151
61,3,1,43,78,Monaco,76.586
62,5,0,31,78,Monaco,75.878
63,11,1,31,78,Monaco,75.508
64,3,0,33,78,Monaco,75.183
65,18,1,44,78,Monaco,78.419
66,7,1,41,78,Monaco,76.087
67,6,0,41,78,Monaco,75.373
68,11,1,44,78,Monaco,75.507
69,7,1,31,78,Monaco,75.862
70,12,2,36,78,Monaco,75.85
71,19,2,39,78,Monaco,75.604
72,1,2,37,78,Monaco,75.294
73,3,0,33,78,Monaco,75.565
74,2,0,32,78,Monaco,74.674
75,19,1,44,78,Monaco,75.67
76,5,1,40,78,Monaco,76.392
77,18,1,32,78,Monaco,76.487
1,7,1,41,78,Monaco,93.051
2,8,0,35,78,Monaco,80.858
3,12,0,34,78,Monaco,79.846
4,2,1,36,78,Monaco,79.102
5,13,2,42,78,Monaco,78.913
6,2,1,38,78,Monaco,78.511
7,6,0,37,78,Monaco,78.927
8,16,1,33,78,Monaco,78.716
9,5,1,33,78,Monaco,78.49
10,12,2,31,78,Monaco,78.262
11,7,2,30,78,Monaco,78.193
12,10,0,34,78,Monaco,78.31
13,13,1,41,78,Monaco,77.445
14,8,2,31,78,Monaco,77.969
15,13,2,32,78,Monaco,77.629
16,13,2,44,78,Monaco,77.283
17,14,2,37,78,Monaco,77.064
18,19,0,32,78,Monaco,77.241
19,7,1,39,78,Monaco,77.221
20,17,0,34,78,Monaco,77.055
21,8,2,44,78,Monaco,77.581
22,13,1,42,78,Monaco,77.306
23,11,1,42,78,Monaco,77.39
24,12,2,42,78,Monaco,76.708
25,10,1,30,78,Monaco,77.425
26,19,1,34,78,Monaco,77.073
27,13,2,30,78,Monaco,76.902
28,12,2,36,78,Monaco,77.098
29,14,2,36,78,Monaco,77.067
30,16,0,41,78,Monaco,77.806
31,19,2,39,78,Monaco,77.262
32,12,2,35,78,Monaco,76.621
33,9,1,31,78,Monaco,76.54
34,4,2,34,78,Monaco,77.282
35,2,0,39,78,Monaco,78.335
36,6,1,38,78,Monaco,77.663
37,5,1,44,78,Monaco,76.386
38,7,2,31,78,Monaco,76.951
39,8,1,41,78,Monaco,76.565
40,12,2,32,78,Monaco,76.815
41,8,0,39,78,Monaco,76.901
42,17,2,42,78,Monaco,76.45
43,2,1,35,78,Monaco,93.514
44,5,2,42,78,Monaco,81.46
45,12,1,36,78,Monaco,77.657
46,7,2,31,78,Monaco,81.927
47,1,2,38,78,Monaco,76.697
48,8,0,40,78,Monaco,76.045
49,9,2,39,78,Monaco,76.304
50,4,1,39,78,Monaco,76.036
51,10,0,32,78,Monaco,76.163
52,18,0,44,78,Monaco,75.411
53,1,1,37,78,Monaco,75.025
54,16,1,35,78,Monaco,75.165
55,1,2,31,78,Monaco,74.971
56,19,0,31,78,Monaco,75.288
57,3,0,36,78,Monaco,75.588
58,3,1,37,78,Monaco,75.13
59,9,0,40,78,Monaco,75.311
60,9,1,41,78,Monaco,75.479
61,14,1,37,78,Monaco,75.691
62,19,0,38,78,Monaco,75.922
63,18,1,34,78,Monaco,76.95
64,11,1,33,78,Monaco,80.815
65,6,2,33,78,Monaco,76.494
66,2,2,30,78,Monaco,78.29
67,18,2,41,78,Monaco,77.937
68,2,1,38,78,Monaco,77.236
69,14,0,39,78,Monaco,77.242
70,7,2,39,78,Monaco,76.919
71,16,2,39,78,Monaco,76.521
72,1,0,37,78,Monaco,76.897
73,14,2,30,78,Monaco,77.112
74,4,0,44,78,Monaco,77.51
75,8,2,40,78,Monaco,76.273
76,6,1,42,78,Monaco,76.617
77,6,2,37,78,Monaco,76.864
1,7,1,34,78,Monaco,93.662
2,11,2,43,78,Monaco,81.326
3,16,2,34,78,Monaco,79.874
4,15,1,39,78,Monaco,79.801
5,13,1,33,78,Monaco,79.588
6,10,1,36,78,Monaco,79.103
7,7,0,40,78,Monaco,78.304
8,15,1,40,78,Monaco,78.441
9,16,2,31,78,Monaco,78.385
10,4,2,30,78,Monaco,78.886
11,2,2,30,78,Monaco,78.625
12,1,0,32,78,Monaco,77.959
13,14,1,42,78,Monaco,77.624
14,18,1,42,78,Monaco,77.387
15,19,1,42,78,Monaco,77.227
16,18,1,40,78,Monaco,77.614
17,13,1,39,78,Monaco,77.049
18,17,1,30,78,Monaco,77.092
19,19,0,35,78,Monaco,77.204
20,5,0,42,78,Monaco,77.704
21,8,1,38,78,Monaco,77.945
22,16,2,32,78,Monaco,77.708
23,3,0,38,78,Monaco,77.669
24,6,1,40,78,Monaco,77.26
25,9,1,38,78,Monaco,77.125
26,9,2,33,78,Monaco,77.165
27,10,2,32,78,Monaco,77.436
28,14,0,41,78,Monaco,77.46
29,8,2,42,78,Monaco,77.202
30,12,0,44,78,Monaco,76.99
31,1,2,34,78,Monaco,77.699
32,6,1,30,78,Monaco,77.468
33,5,1,32,78,Monaco,77.638
34,4,2,42,78,Monaco,77.9
35,16,1,41,78,Monaco,78.265
36,2,2,36,78,Monaco,95.412
37,17,2,39,78,Monaco,81.447
38,1,1,35,78,Monaco,76.217
39,12,1,30,78,Monaco,75.205
40,5,1,35,78,Monaco,75.457
41,18,2,33,78,Monaco,74.856
42,4,1,37,78,Monaco,75.164
43,8,2,44,78,Monaco,74.578
44,7,1,43,78,Monaco,77.703
45,4,1,35,78,Monaco,77.707
46,9,1,35,78,Monaco,82.04
47,11,1,32,78,Monaco,77.23
48,16,0,33,78,Monaco,76.179
49,2,2,36,78,Monaco,76.284
50,1,2,36,78,Monaco,76.156
51,12,1,31,78,Monaco,78.131
52,9,1,30,78,Monaco,75.382
53,12,0,41,78,Monaco,75.386
54,4,1,40,78,Monaco,75.976
55,17,1,38,78,Monaco,75.298
56,1,0,41,78,Monaco,75.518
57,1,1,30,78,Monaco,75.268
58,16,0,38,78,Monaco,75.308
59,2,1,40,78,Monaco,75.633
60,16,2,34,78,Monaco,76.352
61,6,0,30,78,Monaco,78.843
62,17,1,39,78,Monaco,75.432
63,13,2,43,78,Monaco,75.246
64,18,2,32,78,Monaco,75.799
65,10,1,42,78,Monaco,76.018
66,8,2,39,78,Monaco,77.475
67,15,1,39,78,Monaco,77.762
68,2,1,30,78,Monaco,77.286
69,15,0,43,78,Monaco,77.332
70,17,0,34,78,Monaco,77.17
71,1,1,35,78,Monaco,76.952
72,6,1,38,78,Monaco,76.364
73,3,1,34,78,Monaco,76.987
74,8,0,33,78,Monaco,77.271
75,8,0,44,78,Monaco,77.126
76,19,0,35,78,Monaco,76.732
77,11,0,41,78,Monaco,77.357
1,14,1,43,78,Monaco,94.069
2,4,0,30,78,Monaco,81.498
3,18,1,31,78,Monaco,80.548
4,19,2,40,78,Monaco,80.121
5,4,0,31,78,Monaco,79.757
6,4,1,31,78,Monaco,78.825
7,11,1,43,78,Monaco,78.738
8,4,2,30,78,Monaco,78.254
9,1,1,39,78,Monaco,78.904
10,13,2,30,78,Monaco,78.147
11,15,2,34,78,Monaco,78.778
12,3,0,40,78,Monaco,78.414
13,1,2,35,78,Monaco,77.807
14,6,2,31,78,Monaco,77.529
15,13,1,31,78,Monaco,77.803
16,19,1,31,78,Monaco,77.84
17,2,2,40,78,Monaco,77.414
18,5,1,32,78,Monaco,77.636
19,1,0,42,78,Monaco,77.81
20,18,1,36,78,Monaco,77.648
21,2,2,43,78,Monaco,77.823
22,17,1,33,78,Monaco,77.805
23,9,0,42,78,Monaco,77.864
24,12,2,34,78,Monaco,77.891
25,13,1,41,78,Monaco,77.244
26,2,1,40,78,Monaco,77.808
27,4,0,39,78,Monaco,77.414
28,13,1,37,78,Monaco,77.189
29,10,1,40,78,Monaco,76.897
30,19,2,37,78,Monaco,77.425
31,1,0,36,78,Monaco,77.473
32,16,0,33,78,Monaco,77.985
33,10,0,34,78,Monaco,77.09
34,2,1,34,78,Monaco,78.695
35,16,2,44,78,Monaco,77.241
36,16,0,39,78,Monaco,77.288
37,1,2,30,78,Monaco,77.172
38,5,2,40,78,Monaco,77.286
39,7,1,32,78,Monaco,77.102
40,6,1,44,78,Monaco,77.263
41,13,1,37,78,Monaco,77.267
42,16,2,38,78,Monaco,77.446
43,3,1,40,78,Monaco,77.602
44,2,1,35,78,Monaco,78.384
45,15,1,31,78,Monaco,94.415
46,13,1,34,78,Monaco,80.632
47,2,0,44,78,Monaco,75.12
48,7,1,35,78,Monaco,80.318
49,17,1,32,78,Monaco,76.757
50,3,1,36,78,Monaco,76.997
51,11,1,40,78,Monaco,76.727
52,19,0,44,78,Monaco,76.309
53,8,1,32,78,Monaco,76.557
54,11,0,35,78,Monaco,75.783
55,3,1,32,78,Monaco,75.954
56,17,1,33,78,Monaco,75.982
57,3,2,44,78,Monaco,76.071
58,1,1,34,78,Monaco,76.028
59,11,0,41,78,Monaco,75.89
60,14,2,43,78,Monaco,75.909
61,16,2,39,78,Monaco,76.007
62,8,2,32,78,Monaco,75.461
63,4,0,37,78,Monaco,75.868
64,3,2,44,78,Monaco,76.157
65,12,0,39,78,Monaco,75.536
66,12,1,42,78,Monaco,76.195
67,8,1,44,78,Monaco,75.318
68,14,0,39,78,Monaco,75.213
69,10,1,38,78,Monaco,75.667
70,16,1,36,78,Monaco,75.026
71,1,1,44,78,Monaco,75.226
72,9,1,43,78,Monaco,75.422
73,2,2,39,78,Monaco,76.111
74,19,1,42,78,Monaco,76.095
75,8,1,34,78,Monaco,76.601
76,14,0,33,78,Monaco,76.696
77,8,1,42,78,Monaco,77.07
1,14,2,39,78,Monaco,94.901
2,9,0,43,78,Monaco,81.405
3,9,1,36,78,Monaco,80.458
4,18,0,38,78,Monaco,80.091
5,19,2,34,78,Monaco,79.608
6,10,1,40,78,Monaco,79.391
7,15,0,30,78,Monaco,78.73
8,16,0,36,78,Monaco,78.627
9,14,1,38,78,Monaco,78.977
10,9,2,44,78,Monaco,78.523
11,1,0,42,78,Monaco,78.339
12,10,1,38,78,Monaco,78.469
13,16,1,40,78,Monaco,78.641
14,11,1,30,78,Monaco,78.211
15,10,0,44,78,Monaco,78.54
16,10,1,43,78,Monaco,78.444
17,18,2,36,78,Monaco,78.435
18,5,0,32,78,Monaco,78.162
19,14,1,38,78,Monaco,78.101
20,12,2,42,78,Monaco,78.238
21,3,2,38,78,Monaco,78.06
22,9,1,40,78,Monaco,78.111
23,5,1,42,78,Monaco,78.206
24,14,1,36,78,Monaco,77.866
25,14,1,37,78,Monaco,78.106
26,14,2,41,78,Monaco,78.189
27,14,0,39,78,Monaco,78.226
28,4,2,41,78,Monaco,78.581
29,3,1,35,78,Monaco,81.174
30,16,2,42,78,Monaco,78.97
31,2,2,31,78,Monaco,95.152
32,9,1,40,78,Monaco,82.576
33,18,1,40,78,Monaco,79.074
34,3,1,30,78,Monaco,76.392
35,13,1,41,78,Monaco,75.826
36,8,0,30,78,Monaco,75.802
37,7,0,44,78,Monaco,75.895
38,12,2,32,78,Monaco,75.951
39,10,1,44,78,Monaco,76.636
40,3,1,43,78,Monaco,75.667
41,18,1,33,78,Monaco,75.618
42,17,0,36,78,Monaco,76.346
43,10,0,35,78,Monaco,78.893
44,1,2,38,78,Monaco,77.165
45,18,0,37,78,Monaco,76.812
46,9,1,37,78,Monaco,76.131
47,7,1,38,78,Monaco,76.185
48,18,1,33,78,Monaco,76.379
49,8,2,34,78,Monaco,76.446
50,19,2,33,78,Monaco,76.659
51,5,1,30,78,Monaco,77.078
52,19,1,34,78,Monaco,76.879
53,4,0,35,78,Monaco,79.146
54,11,0,37,78,Monaco,77.259
55,16,1,44,78,Monaco,76.727
56,18,2,43,78,Monaco,83.427
57,18,1,41,78,Monaco,77.148
58,2,1,37,78,Monaco,75.964
59,4,0,35,78,Monaco,75.539
60,11,2,44,78,Monaco,75.929
61,7,0,33,78,Monaco,75.759
62,1,0,30,78,Monaco,75.695
63,10,0,38,78,Monaco,75.705
64,12,0,36,78,Monaco,75.935
65,7,1,37,78,Monaco,76.012
66,15,1,41,78,Monaco,75.855
67,19,0,41,78,Monaco,75.861
68,4,2,31,78,Monaco,76.132
69,5,1,41,78,Monaco,76.27
70,9,1,42,78,Monaco,76.158
71,12,0,43,78,Monaco,75.979
72,4,1,35,78,Monaco,76.342
73,7,2,43,78,Monaco,78.826
74,5,1,34,78,Monaco,77.303
75,15,1,41,78,Monaco,77.063
76,9,0,42,78,Monaco,76.585
77,11,0,31,78,Monaco,76.66
1,2,2,36,78,Monaco,96.04
2,1,1,39,78,Monaco,81.526
3,14,0,37,78,Monaco,80.126
4,8,0,37,78,Monaco,80.175
5,15,1,30,78,Monaco,79.516
6,1,1,44,78,Monaco,79.611
7,5,0,40,78,Monaco,78.95
8,6,2,31,78,Monaco,78.494
9,19,2,43,78,Monaco,78.804
10,8,2,33,78,Monaco,78.717
11,2,0,44,78,Monaco,78.558
12,6,0,44,78,Monaco,78.874
13,12,1,43,78,Monaco,78.998
14,1,1,39,78,Monaco,77.617
15,19,2,35,78,Monaco,78.328
16,11,2,36,78,Monaco,78.433
17,16,2,36,78,Monaco,78.46
18,4,0,35,78,Monaco,78.299
19,1,0,32,78,Monaco,77.966
20,15,1,44,78,Monaco,78.132
21,3,0,44,78,Monaco,78.305
22,8,1,34,78,Monaco,78.373
23,17,1,39,78,Monaco,78.035
24,6,1,37,78,Monaco,78.051
25,7,1,42,78,Monaco,78.14
26,9,1,32,78,Monaco,78.014
27,8,0,34,78,Monaco,77.989
28,10,2,34,78,Monaco,78.447
29,13,2,32,78,Monaco,80.75
30,17,1,34,78,Monaco,79.026
31,5,0,44,78,Monaco,80.096
32,4,0,40,78,Monaco,77.363
33,2,0,39,78,Monaco,76.967
34,10,1,39,78,Monaco,76.8
35,1,1,33,78,Monaco,76.692
36,17,2,39,78,Monaco,77.15
37,9,2,43,78,Monaco,77.912
38,17,0,41,78,Monaco,77.978
39,17,0,38,78,Monaco,79.567
40,9,1,39,78,Monaco,79.063
41,7,1,41,78,Monaco,77.323
42,8,0,32,78,Monaco,79.846
43,6,1,36,78,Monaco,94.2
44,16,1,33,78,Monaco,81.902
45,8,2,44,78,Monaco,76.122
46,3,2,40,78,Monaco,75.889
47,13,2,34,78,Monaco,76.286
48,7,0,43,78,Monaco,76.007
49,13,1,39,78,Monaco,76.355
50,13,2,33,78,Monaco,75.942
51,12,0,31,78,Monaco,75.867
52,15,1,41,78,Monaco,76.08
53,16,2,40,78,Monaco,76.146
54,18,1,30,78,Monaco,76.009
55,4,0,33,78,Monaco,75.703
56,19,2,31,78,Monaco,77.179
57,12,1,44,78,Monaco,76.863
58,15,2,38,78,Monaco,76.441
59,6,1,37,78,Monaco,76.039
60,6,1,42,78,Monaco,76.058
61,13,1,44,78,Monaco,75.82
62,7,1,35,78,Monaco,75.652
63,17,2,44,78,Monaco,75.921
64,9,0,44,78,Monaco,75.968
65,13,1,38,78,Monaco,76.173
66,13,0,36,78,Monaco,75.573
67,1,2,40,78,Monaco,75.984
68,5,2,44,78,Monaco,76.006
69,12,1,40,78,Monaco,76.048
70,14,1,36,78,Monaco,75.961
71,7,2,31,78,Monaco,76.211
72,4,0,41,78,Monaco,78.702
73,3,1,32,78,Monaco,76.068
74,5,1,40,78,Monaco,76.758
75,16,1,30,78,Monaco,76.815
76,3,1,42,78,Monaco,76.698
77,2,0,33,78,Monaco,76.748
1,14,1,41,78,Monaco,96.731
2,19,0,37,78,Monaco,81.852
3,3,1,40,78,Monaco,79.829
4,14,0,42,78,Monaco,80.526
5,19,1,40,78,Monaco,79.373
6,19,1,33,78,Monaco,79.498
7,18,2,39,78,Monaco,79.193
8,10,2,38,78,Monaco,78.427
9,17,2,41,78,Monaco,78.59
10,7,0,34,78,Monaco,79.119
11,19,1,39,78,Monaco,78.483
12,6,0,31,78,Monaco,78.848
13,19,1,33,78,Monaco,78.49
14,17,0,43,78,Monaco,78.42
15,19,2,44,78,Monaco,77.681
16,12,0,32,78,Monaco,78.444
17,17,2,30,78,Monaco,78.49
18,7,0,38,78,Monaco,78.829
19,15,0,34,78,Monaco,78.093
20,11,2,35,78,Monaco,77.842
21,10,1,41,78,Monaco,78.325
22,11,2,40,78,Monaco,78.374
23,5,2,33,78,Monaco,78.08
24,14,1,32,78,Monaco,77.989
25,13,1,35,78,Monaco,77.867
26,4,1,44,78,Monaco,78.251
27,6,0,41,78,Monaco,78.051
28,17,2,41,78,Monaco,80.396
29,4,1,41,78,Monaco,78.141
30,12,0,41,78,Monaco,80.625
31,11,1,44,78,Monaco,78.626
32,13,2,30,78,Monaco,77.754
33,16,1,39,78,Monaco,77.034
34,12,1,31,78,Monaco,77.043
35,13,2,43,78,Monaco,76.742
36,10,2,39,78,Monaco,76.82
37,11,1,37,78,Monaco,77.503
38,16,2,34,78,Monaco,80.113
39,11,2,31,78,Monaco,79.247
40,15,1,30,78,Monaco,77.312
41,4,1,39,78,Monaco,79.522
42,13,1,35,78,Monaco,77.556
43,14,2,44,78,Monaco,77.717
44,2,2,43,78,Monaco,75.88
45,6,2,43,78,Monaco,75.635
46,5,0,33,78,Monaco,77.634
47,11,0,31,78,Monaco,77.469
48,4,1,39,78,Monaco,76.913
49,12,1,40,78,Monaco,76.88
50,9,1,37,78,Monaco,77.24
51,11,0,44,78,Monaco,76.702
52,9,0,31,78,Monaco,76.589
53,4,1,35,78,Monaco,76.319
54,1,2,38,78,Monaco,76.334
55,4,0,35,78,Monaco,75.983
56,16,0,44,78,Monaco,75.919
57,17,0,43,78,Monaco,76.108
58,18,0,32,78,Monaco,75.975
59,9,2,35,78,Monaco,75.777
60,14,0,39,78,Monaco,75.852
61,10,1,36,78,Monaco,76.161
62,4,0,40,78,Monaco,76.18
63,8,2,39,78,Monaco,75.805
64,8,1,33,78,Monaco,94.429
65,7,2,38,78,Monaco,78.804
66,1,2,31,78,Monaco,74.037
67,7,2,32,78,Monaco,74.077
68,15,1,43,78,Monaco,75.671
69,9,0,37,78,Monaco,76.035
70,2,1,44,78,Monaco,76.821
71,4,2,35,78,Monaco,77.195
72,11,2,33,78,Monaco,76.787
73,8,2,32,78,Monaco,76.159
74,3,2,39,78,Monaco,77.043
75,12,1,31,78,Monaco,76.538
76,8,2,41,78,Monaco,76.575
77,5,2,30,78,Monaco,77.092
1,9,1,34,78,Monaco,97.443
2,18,1,32,78,Monaco,82.045
3,4,0,40,78,Monaco,80.586
4,14,1,40,78,Monaco,79.93
5,12,0,35,78,Monaco,79.362
6,2,0,40,78,Monaco,79.782
7,6,1,31,78,Monaco,79.247
8,3,2,39,78,Monaco,79.041
9,8,1,32,78,Monaco,79.004
10,4,0,31,78,Monaco,78.672
11,17,0,42,78,Monaco,78.575
12,9,0,42,78,Monaco,78.674
13,9,0,37,78,Monaco,78.992
14,17,1,39,78,Monaco,78.579
15,6,0,38,78,Monaco,78.294
16,13,1,34,78,Monaco,78.751
17,9,1,33,78,Monaco,78.58
18,17,2,35,78,Monaco,78.621
19,17,0,33,78,Monaco,78.909
20,1,2,31,78,Monaco,78.533
21,3,1,39,78,Monaco,78.533
22,16,2,33,78,Monaco,78.759
23,18,2,33,78,Monaco,78.495
24,10,2,33,78,Monaco,80.781
25,12,1,44,78,Monaco,82.457
26,14,1,41,78,Monaco,83.437
27,16,0,43,78,Monaco,89.167
28,2,0,37,78,Monaco,87.965
29,3,2,42,78,Monaco,91.596
30,2,0,36,78,Monaco,83.951
31,9,1,37,78,Monaco,86.779
32,17,2,30,78,Monaco,80.091
33,19,1,37,78,Monaco,77.77
34,12,1,42,78,Monaco,77.438
35,4,1,43,78,Monaco,79.106
36,10,1,33,78,Monaco,78.665
37,2,2,30,78,Monaco,95.956
38,2,2,30,78,Monaco,86.398
39,17,2,38,78,Monaco,84.818
40,4,2,39,78,Monaco,81.03
41,18,1,39,78,Monaco,77.591
42,11,1,33,78,Monaco,76.814
43,15,1,33,78,Monaco,77.825
44,2,1,32,78,Monaco,77.867
45,19,1,35,78,Monaco,77.852
46,15,2,30,78,Monaco,77.289
47,5,0,34,78,Monaco,77.434
48,16,1,40,78,Monaco,77.682
49,14,0,37,78,Monaco,76.94
50,17,0,38,78,Monaco,76.52
51,15,1,33,78,Monaco,76.425
52,1,1,35,78,Monaco,76.805
53,5,2,35,78,Monaco,76.767
54,16,1,36,78,Monaco,76.564
55,7,1,30,78,Monaco,76.624
56,17,2,42,78,Monaco,77.182
57,12,2,37,78,Monaco,77.915
58,7,1,39,78,Monaco,79.485
59,7,0,40,78,Monaco,77.713
60,12,0,35,78,Monaco,79.102
61,18,1,44,78,Monaco,78.282
62,17,1,31,78,Monaco,77.745
63,4,0,37,78,Monaco,77.133
64,10,0,43,78,Monaco,77.375
65,15,0,42,78,Monaco,77.779
66,9,2,34,78,Monaco,81.412
67,9,1,40,78,Monaco,77.582
68,13,1,32,78,Monaco,76.719
69,7,2,37,78,Monaco,76.763
70,10,1,43,78,Monaco,76.847
71,16,1,42,78,Monaco,76.778
72,11,1,30,78,Monaco,76.837
73,19,2,36,78,Monaco,77.064
74,7,1,41,78,Monaco,77.162
75,15,0,36,78,Monaco,77.633
1,13,0,32,78,Monaco,98.076
2,5,2,31,78,Monaco,81.965
3,8,0,42,78,Monaco,80.73
4,4,1,39,78,Monaco,79.805
5,14,0,38,78,Monaco,79.598
6,8,2,34,78,Monaco,79.839
7,2,1,43,78,Monaco,79.535
8,11,2,41,78,Monaco,79.281
9,9,2,32,78,Monaco,78.932
10,14,0,31,78,Monaco,78.872
11,13,2,37,78,Monaco,79.018
12,13,2,30,78,Monaco,78.904
13,3,2,31,78,Monaco,79.287
14,1,1,44,78,Monaco,79.422
15,17,0,33,78,Monaco,78.949
16,8,0,41,78,Monaco,78.804
17,9,0,40,78,Monaco,79.249
18,3,2,38,78,Monaco,79.163
19,13,1,40,78,Monaco,78.674
20,7,0,42,78,Monaco,78.862
21,10,0,31,78,Monaco,79.11
22,13,2,40,78,Monaco,80.825
23,15,1,41,78,Monaco,82.077
24,1,1,44,78,Monaco,84.946
25,3,0,43,78,Monaco,82.756
26,19,1,38,78,Monaco,79.064
27,7,1,37,78,Monaco,78.695
28,12,0,35,78,Monaco,79.503
29,4,1,42,78,Monaco,79.289
30,16,2,35,78,Monaco,82.719
31,5,1,44,78,Monaco,83.783
32,6,1,34,78,Monaco,79.23
33,12,1,37,78,Monaco,79.038
34,1,0,31,78,Monaco,96.881
35,16,1,31,78,Monaco,82.27
36,12,1,30,78,Monaco,78.661
37,14,2,40,78,Monaco,77.773
38,16,0,32,78,Monaco,77.976
39,2,1,38,78,Monaco,81.209
40,11,2,41,78,Monaco,80.12
41,9,1,40,78,Monaco,80.018
42,16,0,39,78,Monaco,80.555
43,8,0,41,78,Monaco,82.757
44,11,0,31,78,Monaco,81.445
45,10,2,30,78,Monaco,83.941
46,1,0,40,78,Monaco,82.519
47,18,1,38,78,Monaco,77.651
48,19,0,39,78,Monaco,77.407
49,13,2,35,78,Monaco,77.221
50,1,1,40,78,Monaco,76.917
51,9,0,36,78,Monaco,76.883
52,14,0,37,78,Monaco,76.919
53,10,0,36,78,Monaco,76.901
54,18,1,36,78,Monaco,76.899
55,11,0,33,78,Monaco,77.089
56,3,2,30,78,Monaco,77.638
57,3,0,38,78,Monaco,77.517
58,3,2,42,78,Monaco,77.89
59,10,1,33,78,Monaco,81.993
60,17,0,39,78,Monaco,77.499
61,7,2,44,78,Monaco,79.733
62,2,0,33,78,Monaco,77.422
63,5,1,34,78,Monaco,76.868
64,13,1,43,78,Monaco,76.866
65,3,2,35,78,Monaco,77.046
66,3,1,32,78,Monaco,77.107
67,16,1,43,78,Monaco,77.105
68,13,0,36,78,Monaco,80.632
69,17,1,32,78,Monaco,77.133
70,4,2,36,78,Monaco,77.303
71,14,1,30,78,Monaco,77.632
72,13,0,37,78,Monaco,77.276
73,6,1,41,78,Monaco,77.252
74,17,0,39,78,Monaco,77.786
75,6,1,37,78,Monaco,77.153
1,6,1,34,52,Silverstone,122.7
2,9,1,33,52,Silverstone,159.045
4,10,0,36,52,Silverstone,160.134
5,6,2,34,52,Silverstone,92.805
6,4,1,30,52,Silverstone,92.91
7,2,2,44,52,Silverstone,93.003
8,13,2,30,52,Silverstone,93.105
9,6,0,42,52,Silverstone,92.97
10,4,2,33,52,Silverstone,93.232
11,19,2,41,52,Silverstone,92.841
12,4,1,38,52,Silverstone,92.939
13,17,0,34,52,Silverstone,92.969
14,18,2,44,52,Silverstone,92.744
15,18,2,32,52,Silverstone,93.282
16,16,2,42,52,Silverstone,92.623
17,9,0,38,52,Silverstone,92.475
18,18,2,31,52,Silverstone,92.296
19,15,1,37,52,Silverstone,91.985
20,2,0,44,52,Silverstone,92.128
21,17,1,30,52,Silverstone,91.974
22,11,0,34,52,Silverstone,92.223
23,12,2,30,52,Silverstone,92.259
24,10,1,44,52,Silverstone,92.296
25,14,0,41,52,Silverstone,92.048
26,18,1,35,52,Silverstone,91.993
27,8,1,37,52,Silverstone,92.082
28,2,1,39,52,Silverstone,91.958
29,6,1,34,52,Silverstone,91.847
30,11,0,35,52,Silverstone,111.72
31,4,2,31,52,Silverstone,91.552
32,8,2,37,52,Silverstone,91.541
33,17,1,30,52,Silverstone,91.716
34,18,0,31,52,Silverstone,91.978
35,6,2,38,52,Silverstone,91.448
36,4,2,37,52,Silverstone,91.384
37,16,2,30,52,Silverstone,91.5
38,2,1,41,52,Silverstone,91.542
39,13,1,34,52,Silverstone,91.599
40,10,0,32,52,Silverstone,91.425
41,13,0,41,52,Silverstone,91.539
42,8,1,40,52,Silverstone,91.271
43,3,2,41,52,Silverstone,90.917
44,19,2,36,52,Silverstone,90.846
45,17,1,42,52,Silverstone,90.569
46,15,1,32,52,Silverstone,90.724
47,7,1,33,52,Silverstone,91.228
48,12,1,37,52,Silverstone,91.291
49,2,2,38,52,Silverstone,91.149
50,5,0,36,52,Silverstone,92.956
51,13,0,39,52,Silverstone,92.454
52,4,1,37,52,Silverstone,92.857
1,17,0,30,52,Silverstone,125.599
2,13,1,43,52,Silverstone,158.142
4,9,0,41,52,Silverstone,157.266
5,7,0,31,52,Silverstone,93.049
6,5,2,40,52,Silverstone,93.113
7,4,2,42,52,Silverstone,92.738
8,7,2,35,52,Silverstone,92.928
9,15,1,42,52,Silverstone,93.013
10,14,1,33,52,Silverstone,93.458
11,15,1,36,52,Silverstone,92.95
12,18,2,34,52,Silverstone,92.943
13,11,1,43,52,Silverstone,93.158
14,16,0,39,52,Silverstone,92.749
15,5,2,31,52,Silverstone,92.713
16,19,0,30,52,Silverstone,92.473
17,6,2,31,52,Silverstone,92.291
18,14,1,30,52,Silverstone,92.548
19,1,0,39,52,Silverstone,92.597
20,17,1,43,52,Silverstone,92.076
21,10,1,38,52,Silverstone,92.297
22,16,2,40,52,Silverstone,92.189
23,8,0,30,52,Silverstone,92.311
24,9,0,38,52,Silverstone,92.686
25,9,2,41,52,Silverstone,92.115
26,9,0,42,52,Silverstone,91.854
27,3,2,36,52,Silverstone,92.852
28,8,1,42,52,Silverstone,123.392
29,3,1,30,52,Silverstone,90.762
30,19,1,32,52,Silverstone,91.113
31,18,0,34,52,Silverstone,91.257
32,13,0,38,52,Silverstone,92.488
33,11,1,38,52,Silverstone,92.038
34,10,1,39,52,Silverstone,91.219
35,5,0,41,52,Silverstone,90.817
36,12,2,38,52,Silverstone,91.025
37,16,2,39,52,Silverstone,90.807
38,14,0,38,52,Silverstone,90.594
39,9,0,39,52,Silverstone,90.859
40,16,1,33,52,Silverstone,90.443
41,6,1,37,52,Silverstone,90.468
42,1,1,32,52,Silverstone,90.16
43,9,2,34,52,Silverstone,90.258
44,17,0,42,52,Silverstone,89.801
45,17,1,40,52,Silverstone,89.699
46,12,1,34,52,Silverstone,89.701
47,12,2,43,52,Silverstone,90.52
48,19,1,43,52,Silverstone,90.503
49,16,2,38,52,Silverstone,90.525
50,9,1,43,52,Silverstone,90.9
51,11,2,38,52,Silverstone,91.037
52,3,2,33,52,Silverstone,91.635
1,5,0,41,52,Silverstone,126.173
2,1,1,31,52,Silverstone,159.641
4,4,0,33,52,Silverstone,156.914
5,6,0,34,52,Silverstone,93.727
6,8,2,39,52,Silverstone,93.577
7,10,0,33,52,Silverstone,93.543
8,1,0,37,52,Silverstone,93.571
9,1,2,39,52,Silverstone,93.096
10,8,2,41,52,Silverstone,93.312
11,12,0,42,52,Silverstone,93.397
12,9,2,37,52,Silverstone,93.423
13,14,1,44,52,Silverstone,93.38
14,13,2,33,52,Silverstone,93.34
15,11,0,42,52,Silverstone,92.694
16,10,2,31,52,Silverstone,92.415
17,7,0,37,52,Silverstone,92.454
18,12,0,40,52,Silverstone,92.543
19,16,2,39,52,Silverstone,92.639
20,2,1,34,52,Silverstone,92.409
21,14,1,32,52,Silverstone,92.488
22,16,1,40,52,Silverstone,91.869
23,1,0,35,52,Silverstone,112.484
24,7,2,41,52,Silverstone,91.988
25,1,2,39,52,Silverstone,91.415
26,9,1,31,52,Silverstone,91.52
27,10,1,43,52,Silverstone,91.804
28,16,0,34,52,Silverstone,91.651
29,11,1,37,52,Silverstone,92.16
30,5,0,43,52,Silverstone,92.48
31,9,1,32,52,Silverstone,92.683
32,11,0,39,52,Silverstone,92.191
33,2,0,34,52,Silverstone,91.72
34,12,2,40,52,Silverstone,91.799
35,6,0,40,52,Silverstone,91.252
36,10,1,40,52,Silverstone,91.435
37,14,2,43,52,Silverstone,91.094
38,10,1,39,52,Silverstone,91.066
39,9,1,44,52,Silverstone,91.146
40,16,1,38,52,Silverstone,93.278
41,16,2,32,52,Silverstone,91.445
42,19,1,40,52,Silverstone,91.084
43,5,0,44,52,Silverstone,91.161
44,7,2,35,52,Silverstone,90.688
45,15,2,44,52,Silverstone,90.524
46,4,1,43,52,Silverstone,90.641
47,12,1,43,52,Silverstone,90.872
48,9,2,39,52,Silverstone,91.181
49,2,0,41,52,Silverstone,91.473
50,11,1,43,52,Silverstone,92.153
51,19,2,31,52,Silverstone,91.698
52,9,1,40,52,Silverstone,92.424
1,2,2,37,52,Silverstone,128.698
2,18,2,33,52,Silverstone,158.631
4,10,0,30,52,Silverstone,152.439
5,15,0,36,52,Silverstone,93.318
6,2,0,30,52,Silverstone,93.428
7,15,0,40,52,Silverstone,93.556
8,7,1,35,52,Silverstone,93.402
9,11,0,40,52,Silverstone,93.373
10,6,0,43,52,Silverstone,93.011
11,19,2,33,52,Silverstone,93.286
12,7,1,34,52,Silverstone,93.295
13,19,1,30,52,Silverstone,93.193
14,11,1,43,52,Silverstone,93.165
15,12,2,34,52,Silverstone,92.827
16,18,0,35,52,Silverstone,92.778
17,1,0,30,52,Silverstone,92.586
18,10,0,42,52,Silverstone,92.52
19,9,0,39,52,Silverstone,92.586
20,8,0,41,52,Silverstone,92.293
21,8,0,32,52,Silverstone,91.418
22,2,0,43,52,Silverstone,115.033
23,10,2,31,52,Silverstone,93.509
24,2,0,37,52,Silverstone,92.83
25,4,2,34,52,Silverstone,92.274
26,5,1,38,52,Silverstone,92.04
27,10,1,43,52,Silverstone,92.047
28,14,0,36,52,Silverstone,92.096
29,5,1,33,52,Silverstone,92.217
30,6,1,31,52,Silverstone,92.073
31,14,1,40,52,Silverstone,93.668
32,13,1,41,52,Silverstone,93.174
33,13,2,39,52,Silverstone,92.41
34,17,2,38,52,Silverstone,92.139
35,17,0,39,52,Silverstone,91.94
36,14,2,32,52,Silverstone,91.945
37,3,2,38,52,Silverstone,91.848
38,17,1,35,52,Silverstone,91.823
39,2,1,44,52,Silverstone,92.061
40,18,2,44,52,Silverstone,91.624
41,13,2,42,52,Silverstone,91.8
42,1,1,34,52,Silverstone,91.572
43,12,2,35,52,Silverstone,91.762
44,13,2,44,52,Silverstone,91.42
45,11,0,31,52,Silverstone,91.666
46,6,0,34,52,Silverstone,91.836
47,10,0,40,52,Silverstone,91.9
48,9,0,32,52,Silverstone,91.75
49,11,1,41,52,Silverstone,92.868
50,6,1,37,52,Silverstone,92.679
51,1,1,37,52,Silverstone,92.208
52,15,2,34,52,Silverstone,92.244
1,17,1,33,52,Silverstone,129.397
2,12,2,34,52,Silverstone,161.042
4,4,0,34,52,Silverstone,150.939
5,3,2,31,52,Silverstone,94.142
6,14,0,38,52,Silverstone,94.023
7,12,0,37,52,Silverstone,93.82
8,1,2,36,52,Silverstone,93.89
9,10,0,33,52,Silverstone,93.71
10,16,0,35,52,Silverstone,93.638
11,10,1,33,52,Silverstone,93.842
12,11,2,38,52,Silverstone,93.817
13,7,1,37,52,Silverstone,93.956
14,14,2,30,52,Silverstone,93.903
15,18,1,34,52,Silverstone,93.757
16,4,1,30,52,Silverstone,93.497
17,12,0,30,52,Silverstone,93.603
18,19,1,38,52,Silverstone,93.627
19,13,1,30,52,Silverstone,93.389
20,16,0,42,52,Silverstone,92.164
21,17,1,32,52,Silverstone,113.326
22,19,2,35,52,Silverstone,92.711
23,10,1,44,52,Silverstone,92.212
24,5,0,31,52,Silverstone,92.67
25,8,0,38,52,Silverstone,92.637
26,8,1,35,52,Silverstone,92.569
27,15,0,40,52,Silverstone,92.923
28,11,1,44,52,Silverstone,93.434
29,5,1,42,52,Silverstone,93.169
30,4,1,30,52,Silverstone,92.955
31,9,2,35,52,Silverstone,92.42
32,3,2,40,52,Silverstone,92.569
33,2,0,41,52,Silverstone,92.471
34,13,1,41,52,Silverstone,92.557
35,18,1,43,52,Silverstone,92.263
36,6,0,37,52,Silverstone,92.57
37,2,1,37,52,Silverstone,92.595
38,9,1,30,52,Silverstone,92.748
39,10,1,40,52,Silverstone,92.447
40,8,0,31,52,Silverstone,92.151
41,7,0,40,52,Silverstone,91.933
42,14,1,30,52,Silverstone,91.879
43,4,1,40,52,Silverstone,91.784
44,14,2,40,52,Silverstone,91.825
45,16,1,43,52,Silverstone,91.72
46,17,2,34,52,Silverstone,91.703
47,9,2,35,52,Silverstone,91.946
48,1,0,36,52,Silverstone,91.819
49,11,1,39,52,Silverstone,91.774
50,6,1,44,52,Silverstone,91.642
51,5,1,38,52,Silverstone,91.284
52,19,2,32,52,Silverstone,91.323
1,18,2,43,52,Silverstone,130.61
2,18,2,43,52,Silverstone,163.397
4,8,0,33,52,Silverstone,162.978
5,3,2,41,52,Silverstone,95.272
6,10,0,41,52,Silverstone,94.602
7,15,0,32,52,Silverstone,95.27
8,17,0,31,52,Silverstone,94.986
9,5,1,34,52,Silverstone,94.37
10,15,2,32,52,Silverstone,94.437
11,12,1,43,52,Silverstone,94.548
12,2,0,40,52,Silverstone,94.505
13,9,0,34,52,Silverstone,94.732
14,15,1,44,52,Silverstone,94.351
15,15,1,32,52,Silverstone,94.615
16,6,2,41,52,Silverstone,94.685
17,8,2,32,52,Silverstone,94.168
18,6,0,41,52,Silverstone,93.837
19,2,1,30,52,Silverstone,113.237
20,12,2,39,52,Silverstone,93.442
21,3,1,32,52,Silverstone,93.436
22,5,1,36,52,Silverstone,93.203
23,9,0,34,52,Silverstone,93.325
24,6,1,41,52,Silverstone,93.749
25,11,2,32,52,Silverstone,93.43
26,9,2,37,52,Silverstone,93.454
27,18,2,30,52,Silverstone,93.158
28,3,1,30,52,Silverstone,93.407
29,12,1,32,52,Silverstone,93.709
30,8,2,41,52,Silverstone,93.713
31,15,2,37,52,Silverstone,93.59
32,1,2,35,52,Silverstone,93.502
33,7,0,43,52,Silverstone,93.084
34,18,1,39,52,Silverstone,93.509
35,15,0,37,52,Silverstone,93.059
36,11,1,32,52,Silverstone,93.545
37,18,1,31,52,Silverstone,93.561
38,7,1,40,52,Silverstone,93.064
39,3,0,37,52,Silverstone,93.721
40,7,1,39,52,Silverstone,101.335
1,13,1,37,52,Silverstone,132.307
2,17,1,31,52,Silverstone,163.56
4,11,2,36,52,Silverstone,144.593
5,18,1,41,52,Silverstone,95.626
6,1,1,36,52,Silverstone,94.496
7,3,2,31,52,Silverstone,94.993
8,12,1,40,52,Silverstone,94.889
9,12,0,43,52,Silverstone,94.701
10,8,2,40,52,Silverstone,94.211
11,9,1,41,52,Silverstone,94.43
12,18,1,44,52,Silverstone,94.577
13,8,1,37,52,Silverstone,93.869
14,8,1,33,52,Silverstone,93.677
15,4,1,37,52,Silverstone,93.553
16,11,0,40,52,Silverstone,93.434
17,12,0,43,52,Silverstone,93.261
18,15,2,41,52,Silverstone,93.396
19,6,1,37,52,Silverstone,93.18
20,15,1,40,52,Silverstone,93.097
21,19,2,39,52,Silverstone,92.95
22,7,2,42,52,Silverstone,93.179
23,3,0,33,52,Silverstone,95.154
24,8,2,32,52,Silverstone,93.49
25,12,0,30,52,Silverstone,113.53
26,2,1,40,52,Silverstone,93.077
27,9,2,33,52,Silverstone,92.901
28,16,2,34,52,Silverstone,93.621
29,4,0,30,52,Silverstone,93.588
30,4,2,35,52,Silverstone,93.502
31,2,2,30,52,Silverstone,93.617
32,12,1,39,52,Silverstone,93.367
33,6,2,44,52,Silverstone,93.27
34,1,1,35,52,Silverstone,93.356
35,1,0,38,52,Silverstone,93.153
36,4,2,41,52,Silverstone,93.208
37,7,0,33,52,Silverstone,93.309
38,11,1,42,52,Silverstone,93.07
39,19,1,35,52,Silverstone,93.166
40,12,1,38,52,Silverstone,92.763
41,18,1,36,52,Silverstone,92.767
42,11,2,33,52,Silverstone,92.708
43,11,2,32,52,Silverstone,92.443
44,8,1,37,52,Silverstone,92.225
45,6,2,35,52,Silverstone,92.24
46,2,0,42,52,Silverstone,92.476
47,3,1,41,52,Silverstone,92.047
48,2,2,38,52,Silverstone,91.698
49,11,1,41,52,Silverstone,92.361
50,14,0,31,52,Silverstone,92.194
51,11,0,31,52,Silverstone,92.81
52,13,2,42,52,Silverstone,92.821
1,11,2,44,52,Silverstone,133.629
2,4,2,37,52,Silverstone,165.213
4,15,2,42,52,Silverstone,142.426
5,9,2,41,52,Silverstone,93.782
6,13,0,40,52,Silverstone,94.026
7,14,0,35,52,Silverstone,93.807
8,18,2,40,52,Silverstone,93.937
9,12,2,37,52,Silverstone,93.915
10,17,1,35,52,Silverstone,94.001
11,6,0,41,52,Silverstone,93.886
12,17,2,32,52,Silverstone,93.862
13,19,0,38,52,Silverstone,94.135
14,6,1,34,52,Silverstone,93.798
15,4,2,33,52,Silverstone,93.598
16,16,0,32,52,Silverstone,93.637
17,17,1,38,52,Silverstone,93.202
18,7,1,42,52,Silverstone,93.192
19,18,0,36,52,Silverstone,93.344
20,6,0,33,52,Silverstone,92.73
21,8,0,40,52,Silverstone,92.457
22,2,1,35,52,Silverstone,92.366
23,3,0,37,52,Silverstone,92.064
24,14,2,30,52,Silverstone,92.254
25,5,1,34,52,Silverstone,91.885
26,8,1,32,52,Silverstone,91.819
27,14,0,40,52,Silverstone,92.26
28,10,1,30,52,Silverstone,91.816
29,12,0,42,52,Silverstone,120.799
30,6,1,34,52,Silverstone,91.306
31,4,2,44,52,Silverstone,91.706
32,18,0,38,52,Silverstone,92.305
33,1,1,38,52,Silverstone,92.335
34,17,1,32,52,Silverstone,92.74
35,2,1,43,52,Silverstone,92.258
36,5,1,33,52,Silverstone,92.701
37,6,1,36,52,Silverstone,92.686
38,2,2,30,52,Silverstone,92.354
39,4,0,30,52,Silverstone,92.569
40,4,2,44,52,Silverstone,92.253
41,2,1,37,52,Silverstone,91.816
42,5,0,33,52,Silverstone,91.868
43,10,0,41,52,Silverstone,91.929
44,14,0,39,52,Silverstone,91.737
45,4,0,43,52,Silverstone,91.745
46,16,2,42,52,Silverstone,91.592
47,2,0,41,52,Silverstone,91.927
48,17,0,32,52,Silverstone,91.856
49,9,0,34,52,Silverstone,91.784
50,1,1,42,52,Silverstone,91.742
51,17,1,30,52,Silverstone,91.223
52,8,0,43,52,Silverstone,91.302
1,11,1,35,52,Silverstone,136.273
2,4,1,37,52,Silverstone,165.159
4,3,2,30,52,Silverstone,139.184
5,13,0,35,52,Silverstone,96.398
6,7,0,40,52,Silverstone,94.929
7,12,2,42,52,Silverstone,95.251
8,5,0,41,52,Silverstone,95.003
9,1,1,41,52,Silverstone,94.988
10,10,2,44,52,Silverstone,94.766
11,10,0,39,52,Silverstone,94.554
12,16,2,42,52,Silverstone,94.845
13,8,0,35,52,Silverstone,94.788
14,5,0,40,52,Silverstone,94.681
15,19,1,44,52,Silverstone,94.264
16,13,1,30,52,Silverstone,94.273
17,19,1,36,52,Silverstone,94.142
18,19,2,31,52,Silverstone,93.762
19,12,2,34,52,Silverstone,112.938
20,9,2,38,52,Silverstone,94.157
21,13,1,43,52,Silverstone,93.789
22,19,0,39,52,Silverstone,93.943
23,15,2,35,52,Silverstone,93.939
24,14,1,43,52,Silverstone,93.907
25,13,1,33,52,Silverstone,93.404
26,19,0,30,52,Silverstone,93.609
27,5,2,31,52,Silverstone,93.56
28,1,2,44,52,Silverstone,93.246
29,17,0,35,52,Silverstone,93.378
30,2,1,42,52,Silverstone,93.543
31,2,1,38,52,Silverstone,93.276
32,9,2,36,52,Silverstone,93.057
33,19,0,37,52,Silverstone,93.432
34,8,2,43,52,Silverstone,93.508
35,14,1,42,52,Silverstone,93.381
36,15,0,42,52,Silverstone,93.303
37,18,1,36,52,Silverstone,93.47
38,8,1,42,52,Silverstone,93.331
39,12,1,44,52,Silverstone,93.236
40,6,1,36,52,Silverstone,93.252
41,10,2,33,52,Silverstone,92.931
42,17,2,44,52,Silverstone,93.13
43,15,1,39,52,Silverstone,93.012
44,8,0,33,52,Silverstone,92.531
45,11,1,35,52,Silverstone,92.345
46,4,2,33,52,Silverstone,102.269
47,7,1,41,52,Silverstone,96.555
48,15,2,43,52,Silverstone,91.895
49,14,0,39,52,Silverstone,92.275
50,9,1,37,52,Silverstone,92.012
51,17,0,33,52,Silverstone,92.537
1,15,1,30,52,Silverstone,136.727
2,3,0,34,52,Silverstone,166.033
4,8,1,37,52,Silverstone,136.604
5,19,2,43,52,Silverstone,95.13
6,18,1,43,52,Silverstone,94.832
7,2,0,38,52,Silverstone,94.982
8,16,0,41,52,Silverstone,95.072
9,14,1,34,52,Silverstone,94.762
10,10,1,43,52,Silverstone,94.548
11,11,1,36,52,Silverstone,94.639
12,18,2,36,52,Silverstone,94.593
13,12,1,37,52,Silverstone,94.781
14,11,2,37,52,Silverstone,94.389
15,2,2,42,52,Silverstone,94.09
16,4,1,34,52,Silverstone,94.152
17,12,2,44,52,Silverstone,93.975
18,18,0,36,52,Silverstone,94.037
19,14,2,31,52,Silverstone,93.472
20,13,0,42,52,Silverstone,113.457
21,4,1,32,52,Silverstone,92.946
22,10,2,44,52,Silverstone,94.079
23,1,0,36,52,Silverstone,93.186
24,14,1,32,52,Silverstone,93.223
25,19,1,30,52,Silverstone,92.939
26,17,2,38,52,Silverstone,92.784
27,13,1,33,52,Silverstone,92.882
28,1,2,38,52,Silverstone,92.84
29,8,1,36,52,Silverstone,94.35
30,16,0,34,52,Silverstone,93.657
31,9,2,30,52,Silverstone,93.252
32,10,0,37,52,Silverstone,93.114
33,5,0,35,52,Silverstone,93.022
34,6,1,42,52,Silverstone,92.764
35,1,0,35,52,Silverstone,92.963
36,17,0,37,52,Silverstone,93.166
37,5,1,34,52,Silverstone,93.051
38,10,0,41,52,Silverstone,92.855
39,8,1,39,52,Silverstone,92.845
40,11,1,37,52,Silverstone,92.497
41,15,2,40,52,Silverstone,92.622
42,10,0,34,52,Silverstone,92.588
43,6,0,42,52,Silverstone,92.492
44,17,2,37,52,Silverstone,92.522
45,17,2,34,52,Silverstone,92.236
46,3,0,37,52,Silverstone,92.612
47,6,2,30,52,Silverstone,92.4
48,8,0,41,52,Silverstone,92.21
49,8,1,41,52,Silverstone,92.349
50,7,2,44,52,Silverstone,92.244
51,15,2,37,52,Silverstone,92.738
52,15,1,40,52,Silverstone,92.804
1,13,1,33,52,Silverstone,137.724
2,11,1,37,52,Silverstone,166.803
4,9,1,38,52,Silverstone,132.54
5,2,0,43,52,Silverstone,95.163
6,1,2,35,52,Silverstone,94.664
7,13,2,36,52,Silverstone,94.986
8,8,2,41,52,Silverstone,94.921
9,17,1,30,52,Silverstone,94.625
10,12,0,37,52,Silverstone,94.338
11,9,1,30,52,Silverstone,94.338
12,14,0,31,52,Silverstone,94.473
13,7,0,39,52,Silverstone,94.227
14,12,0,35,52,Silverstone,94.191
15,3,0,32,52,Silverstone,93.936
16,8,2,38,52,Silverstone,93.779
17,5,0,44,52,Silverstone,93.331
18,15,1,40,52,Silverstone,93.453
19,18,1,42,52,Silverstone,93.552
20,14,1,39,52,Silverstone,93.337
21,2,2,42,52,Silverstone,93.285
22,16,1,31,52,Silverstone,93.817
23,18,2,42,52,Silverstone,92.955
24,2,1,30,52,Silverstone,112.567
25,6,2,35,52,Silverstone,93.581
26,2,1,40,52,Silverstone,93.106
27,5,0,34,52,Silverstone,92.943
28,5,2,36,52,Silverstone,93.405
29,17,0,34,52,Silverstone,93.685
30,10,1,34,52,Silverstone,93.612
31,3,0,33,52,Silverstone,93.458
32,2,2,32,52,Silverstone,93.346
33,7,2,42,52,Silverstone,93.278
34,3,0,33,52,Silverstone,93.215
35,6,1,44,52,Silverstone,93.247
36,7,1,31,52,Silverstone,93.244
37,11,1,44,52,Silverstone,93.395
38,13,0,32,52,Silverstone,93.003
39,2,1,33,52,Silverstone,93.16
40,19,1,43,52,Silverstone,92.821
41,11,0,38,52,Silverstone,92.655
42,19,1,43,52,Silverstone,92.807
43,9,1,39,52,Silverstone,92.429
44,10,0,39,52,Silverstone,92.239
45,1,2,40,52,Silverstone,92.33
46,11,0,31,52,Silverstone,92.491
47,16,1,41,52,Silverstone,92.458
48,12,1,36,52,Silverstone,91.992
49,16,1,36,52,Silverstone,92.23
50,12,1,38,52,Silverstone,92.447
51,19,0,30,52,Silverstone,92.602
52,10,2,44,52,Silverstone,93.251
1,19,2,32,52,Silverstone,139.081
2,18,1,33,52,Silverstone,168.344
4,12,0,39,52,Silverstone,128.686
5,2,0,43,52,Silverstone,96.555
6,7,1,33,52,Silverstone,94.385
7,14,2,41,52,Silverstone,95.21
8,15,0,40,52,Silverstone,95.158
9,16,0,36,52,Silverstone,94.927
10,3,1,43,52,Silverstone,94.729
11,6,1,40,52,Silverstone,94.537
12,7,0,38,52,Silverstone,94.825
13,8,1,37,52,Silverstone,94.958
14,7,2,41,52,Silverstone,94.588
15,6,2,38,52,Silverstone,94.227
16,13,2,44,52,Silverstone,94.314
17,4,0,32,52,Silverstone,94.135
18,10,0,35,52,Silverstone,94.26
19,3,2,30,52,Silverstone,92.96
20,3,2,33,52,Silverstone,92.932
21,2,2,35,52,Silverstone,92.788
22,18,1,43,52,Silverstone,92.933
23,19,2,44,52,Silverstone,92.925
24,14,1,44,52,Silverstone,92.855
25,18,1,36,52,Silverstone,92.784
26,16,1,38,52,Silverstone,92.764
27,13,1,32,52,Silverstone,93.201
28,4,1,33,52,Silverstone,92.66
29,2,2,31,52,Silverstone,113.002
30,13,0,31,52,Silverstone,92.686
31,19,1,43,52,Silverstone,92.836
32,17,1,32,52,Silverstone,93.166
33,14,0,39,52,Silverstone,93.508
34,3,1,38,52,Silverstone,93.037
35,17,0,33,52,Silverstone,93.125
36,4,1,36,52,Silverstone,93.17
37,1,1,38,52,Silverstone,93.228
38,1,1,42,52,Silverstone,92.907
39,9,0,38,52,Silverstone,92.505
40,17,1,35,52,Silverstone,92.565
41,14,1,34,52,Silverstone,92.544
42,6,0,32,52,Silverstone,92.752
43,8,1,39,52,Silverstone,92.414
44,2,1,31,52,Silverstone,92.402
45,16,0,40,52,Silverstone,92.109
46,10,0,44,52,Silverstone,93.003
47,5,0,37,52,Silverstone,110.418
48,6,2,44,52,Silverstone,90.74
49,12,2,43,52,Silverstone,92.093
50,18,0,44,52,Silverstone,90.995
51,4,0,37,52,Silverstone,90.494
52,10,1,41,52,Silverstone,90.266
1,4,2,31,52,Silverstone,140.441
2,5,1,41,52,Silverstone,169.294
4,1,2,44,52,Silverstone,125.661
5,16,2,44,52,Silverstone,96.308
6,13,0,30,52,Silverstone,95.876
7,4,2,30,52,Silverstone,95.379
8,7,1,39,52,Silverstone,95.295
9,1,0,37,52,Silverstone,96.091
10,8,0,35,52,Silverstone,94.858
11,7,0,34,52,Silverstone,94.635
12,2,1,42,52,Silverstone,94.917
13,16,1,32,52,Silverstone,94.743
14,18,0,35,52,Silverstone,94.656
15,9,0,43,52,Silverstone,94.571
16,18,1,41,52,Silverstone,94.554
17,12,2,41,52,Silverstone,94.051
18,17,1,41,52,Silverstone,94.331
19,11,1,30,52,Silverstone,94.034
20,6,0,35,52,Silverstone,93.478
21,8,0,32,52,Silverstone,93.765
22,18,2,34,52,Silverstone,93.622
23,4,0,42,52,Silverstone,93.119
24,2,0,38,52,Silverstone,113.252
25,5,2,32,52,Silverstone,93.247
26,5,1,42,52,Silverstone,93.205
27,2,0,31,52,Silverstone,93.431
28,16,1,32,52,Silverstone,93.59
29,1,1,35,52,Silverstone,93.867
30,12,1,38,52,Silverstone,93.726
31,3,1,36,52,Silverstone,93.565
32,15,0,35,52,Silverstone,93.729
33,10,0,30,52,Silverstone,93.29
34,9,2,40,52,Silverstone,93.2
35,19,1,30,52,Silverstone,93.257
36,8,1,43,52,Silverstone,93.495
37,12,1,34,52,Silverstone,93.226
38,12,2,35,52,Silverstone,93.08
39,18,2,33,52,Silverstone,93.135
40,7,2,44,52,Silverstone,92.925
41,9,2,33,52,Silverstone,93.924
42,5,1,37,52,Silverstone,93.584
43,1,1,34,52,Silverstone,92.621
44,7,0,30,52,Silverstone,92.817
45,12,1,30,52,Silverstone,92.873
46,1,1,40,52,Silverstone,92.705
47,12,1,31,52,Silverstone,92.668
48,11,1,30,52,Silverstone,93.27
49,18,0,38,52,Silverstone,92.346
50,8,1,36,52,Silverstone,94.269
51,12,2,41,52,Silverstone,94.792
1,16,2,31,52,Silverstone,142.688
2,14,1,34,52,Silverstone,171.364
4,1,1,40,52,Silverstone,122.552
5,15,1,40,52,Silverstone,96.865
6,1,1,40,52,Silverstone,95.26
7,2,0,44,52,Silverstone,96.469
8,4,0,40,52,Silverstone,95.577
9,14,1,41,52,Silverstone,95.192
10,13,1,31,52,Silverstone,94.723
11,1,0,38,52,Silverstone,94.878
12,13,1,38,52,Silverstone,94.754
13,13,1,40,52,Silverstone,95.352
14,10,1,41,52,Silverstone,94.693
15,2,1,38,52,Silverstone,94.282
16,9,0,43,52,Silverstone,94.385
17,17,2,32,52,Silverstone,94.122
18,16,0,44,52,Silverstone,92.972
19,9,0,41,52,Silverstone,111.666
20,5,1,31,52,Silverstone,93.23
21,19,2,42,52,Silverstone,93.563
22,16,0,34,52,Silverstone,93.716
23,6,0,38,52,Silverstone,93.883
24,19,0,43,52,Silverstone,93.831
25,16,2,42,52,Silverstone,93.295
26,7,0,41,52,Silverstone,93.467
27,13,1,42,52,Silverstone,93.292
28,3,0,42,52,Silverstone,93.256
29,2,1,36,52,Silverstone,94.063
30,19,2,33,52,Silverstone,93.578
31,8,1,34,52,Silverstone,93.855
32,13,0,40,52,Silverstone,93.566
33,2,2,37,52,Silverstone,93.176
34,14,1,34,52,Silverstone,93.165
35,15,2,41,52,Silverstone,93.269
36,19,1,31,52,Silverstone,93.4
37,18,2,43,52,Silverstone,93.302
38,14,2,37,52,Silverstone,93.2
39,19,0,38,52,Silverstone,93.388
40,11,1,30,52,Silverstone,93.1
41,9,2,39,52,Silverstone,93.72
42,13,0,41,52,Silverstone,93.238
43,12,0,39,52,Silverstone,92.936
44,18,1,38,52,Silverstone,92.629
45,2,2,32,52,Silverstone,92.597
46,17,1,38,52,Silverstone,92.675
47,13,1,44,52,Silverstone,92.617
48,13,1,30,52,Silverstone,92.424
49,11,1,37,52,Silverstone,92.049
50,1,2,38,52,Silverstone,92.861
51,14,0,32,52,Silverstone,94.423
1,13,2,30,52,Silverstone,144.225
2,18,0,40,52,Silverstone,172.335
4,18,2,36,52,Silverstone,120.737
5,12,2,38,52,Silverstone,97.689
6,8,0,33,52,Silverstone,95.655
7,6,1,37,52,Silverstone,95.51
8,8,2,30,52,Silverstone,95.609
9,14,0,35,52,Silverstone,95.213
10,12,2,40,52,Silverstone,94.806
11,14,0,38,52,Silverstone,94.936
12,19,2,39,52,Silverstone,94.687
13,15,1,33,52,Silverstone,95.31
14,11,2,30,52,Silverstone,94.639
15,14,2,36,52,Silverstone,94.299
16,12,1,31,52,Silverstone,94.542
17,11,2,35,52,Silverstone,94.283
18,5,1,31,52,Silverstone,94.152
19,6,1,44,52,Silverstone,93.552
20,7,1,44,52,Silverstone,93.125
21,14,1,38,52,Silverstone,93.724
22,8,0,40,52,Silverstone,93.485
23,12,0,38,52,Silverstone,93.458
24,13,2,44,52,Silverstone,92.873
25,12,2,44,52,Silverstone,92.681
26,9,0,30,52,Silverstone,92.578
27,10,0,33,52,Silverstone,92.577
28,19,1,33,52,Silverstone,92.671
29,4,0,44,52,Silverstone,93.574
30,3,2,40,52,Silverstone,92.682
31,2,0,38,52,Silverstone,113.783
32,3,2,40,52,Silverstone,92.942
33,13,1,33,52,Silverstone,93.635
34,10,1,44,52,Silverstone,93.398
35,16,2,38,52,Silverstone,93.255
36,1,2,33,52,Silverstone,93.414
37,17,1,41,52,Silverstone,93.452
38,12,0,30,52,Silverstone,93.313
39,11,2,40,52,Silverstone,93.572
40,9,1,31,52,Silverstone,92.919
41,18,1,42,52,Silverstone,93.062
42,7,0,36,52,Silverstone,93.071
43,19,2,43,52,Silverstone,93.949
44,9,2,44,52,Silverstone,92.359
45,15,2,38,52,Silverstone,92.667
46,11,0,31,52,Silverstone,92.319
47,17,2,32,52,Silverstone,92.253
48,3,0,42,52,Silverstone,91.559
49,16,2,32,52,Silverstone,91.209
50,6,1,42,52,Silverstone,90.886
51,3,0,42,52,Silverstone,90.826
52,9,2,30,52,Silverstone,91.101
1,16,2,40,52,Silverstone,145.57
2,15,0,39,52,Silverstone,172.95
4,8,2,31,52,Silverstone,119.887
5,6,0,41,52,Silverstone,99.029
6,13,2,31,52,Silverstone,97.141
7,13,2,36,52,Silverstone,96.993
8,11,2,41,52,Silverstone,97.531
9,2,0,33,52,Silverstone,96.428
10,17,0,43,52,Silverstone,96.098
11,19,0,37,52,Silverstone,96.141
12,15,2,44,52,Silverstone,96.616
13,5,1,43,52,Silverstone,96.449
14,9,0,44,52,Silverstone,96.074
15,17,2,33,52,Silverstone,95.82
16,17,1,33,52,Silverstone,95.631
17,2,1,34,52,Silverstone,95.857
18,9,0,41,52,Silverstone,95.94
19,14,1,36,52,Silverstone,97.027
20,9,2,34,52,Silverstone,95.63
21,12,1,43,52,Silverstone,95.951
22,4,2,30,52,Silverstone,95.452
23,17,2,30,52,Silverstone,95.387
24,13,1,41,52,Silverstone,93.93
25,16,1,33,52,Silverstone,117.006
26,15,0,30,52,Silverstone,94.381
27,2,0,36,52,Silverstone,95.266
28,17,0,32,52,Silverstone,95.721
29,16,2,36,52,Silverstone,96.468
30,18,1,37,52,Silverstone,97.139
31,1,0,32,52,Silverstone,95.172
32,13,1,42,52,Silverstone,94.412
33,8,1,37,52,Silverstone,94.158
34,6,1,37,52,Silverstone,94.08
35,9,1,40,52,Silverstone,93.972
36,3,2,31,52,Silverstone,93.959
37,12,2,39,52,Silverstone,94.097
38,7,1,30,52,Silverstone,96.633
39,3,0,39,52,Silverstone,94.579
40,12,2,30,52,Silverstone,93.895
41,9,1,31,52,Silverstone,93.536
42,15,1,33,52,Silverstone,93.481
43,1,1,44,52,Silverstone,92.997
44,4,2,43,52,Silverstone,93.292
45,14,0,35,52,Silverstone,93.654
46,17,1,40,52,Silverstone,93.767
47,4,1,40,52,Silverstone,93.371
48,14,1,30,52,Silverstone,93.091
49,15,0,42,52,Silverstone,93.179
50,4,1,41,52,Silverstone,92.862
51,12,1,36,52,Silverstone,92.987
1,1,2,33,52,Silverstone,146.229
2,4,1,38,52,Silverstone,174.392
4,6,2,34,52,Silverstone,116.501
5,13,2,33,52,Silverstone,97.107
6,15,2,31,52,Silverstone,95.62
7,19,2,31,52,Silverstone,95.773
8,1,0,36,52,Silverstone,95.548
9,7,2,39,52,Silverstone,95.35
10,11,0,38,52,Silverstone,94.984
11,10,2,34,52,Silverstone,94.706
12,13,1,31,52,Silverstone,95.126
13,11,0,33,52,Silverstone,94.897
14,10,2,38,52,Silverstone,94.867
15,12,2,41,52,Silverstone,94.273
16,5,2,43,52,Silverstone,94.48
17,13,0,35,52,Silverstone,94.387
18,6,2,31,52,Silverstone,94.49
19,11,1,37,52,Silverstone,93.034
20,1,2,37,52,Silverstone,112.614
21,7,1,39,52,Silverstone,93.566
22,10,2,33,52,Silverstone,93.515
23,3,2,39,52,Silverstone,93.497
24,3,0,37,52,Silverstone,93.803
25,10,2,40,52,Silverstone,93.6
26,4,2,43,52,Silverstone,93.169
27,19,1,39,52,Silverstone,93.241
28,12,1,34,52,Silverstone,93.452
29,2,0,43,52,Silverstone,93.78
30,8,2,32,52,Silverstone,93.484
31,2,2,39,52,Silverstone,93.654
32,3,2,31,52,Silverstone,93.574
33,18,2,33,52,Silverstone,93.253
34,6,2,38,52,Silverstone,93.339
35,13,2,31,52,Silverstone,93.146
36,1,2,40,52,Silverstone,92.932
37,2,2,40,52,Silverstone,93.255
38,3,0,44,52,Silverstone,92.994
39,19,1,43,52,Silverstone,92.807
40,2,0,38,52,Silverstone,93.468
41,8,1,31,52,Silverstone,92.787
42,19,0,39,52,Silverstone,93.104
43,18,1,41,52,Silverstone,92.765
44,15,2,32,52,Silverstone,92.982
45,16,0,37,52,Silverstone,93.203
46,6,2,39,52,Silverstone,93.142
47,8,0,34,52,Silverstone,93.571
48,15,1,40,52,Silverstone,95.201
49,1,1,39,52,Silverstone,93.043
50,12,2,37,52,Silverstone,92.718
51,2,1,33,52,Silverstone,92.477
1,11,0,44,52,Silverstone,148.985
2,9,0,43,52,Silverstone,173.397
4,5,2,33,52,Silverstone,104.503
5,11,0,30,52,Silverstone,98.789
6,11,0,36,52,Silverstone,97.188
7,17,1,44,52,Silverstone,97.928
8,16,1,35,52,Silverstone,97.033
9,16,0,37,52,Silverstone,96.697
10,17,0,35,52,Silverstone,96.408
11,2,1,44,52,Silverstone,96.265
12,2,2,33,52,Silverstone,96.732
13,11,2,38,52,Silverstone,96.397
14,17,1,37,52,Silverstone,96.363
15,5,0,40,52,Silverstone,96.104
16,14,2,31,52,Silverstone,96.152
17,12,1,37,52,Silverstone,95.735
18,3,1,30,52,Silverstone,95.376
19,8,0,41,52,Silverstone,96.011
20,16,1,42,52,Silverstone,95.879
21,16,1,36,52,Silverstone,95.692
22,18,1,36,52,Silverstone,95.822
23,13,0,31,52,Silverstone,95.634
24,19,0,36,52,Silverstone,94.736
25,14,0,35,52,Silverstone,93.671
26,10,0,40,52,Silverstone,115.157
27,1,2,44,52,Silverstone,94.423
28,8,0,38,52,Silverstone,94.404
29,13,1,34,52,Silverstone,94.715
30,16,0,43,52,Silverstone,96.036
31,2,2,38,52,Silverstone,97.864
32,19,1,31,52,Silverstone,94.543
33,3,0,37,52,Silverstone,94.32
34,3,0,42,52,Silverstone,94.077
35,10,1,32,52,Silverstone,94.149
36,1,2,30,52,Silverstone,94.09
37,10,2,34,52,Silverstone,94.066
38,17,1,43,52,Silverstone,96.24
39,11,1,43,52,Silverstone,94.15
40,17,1,33,52,Silverstone,93.947
41,4,0,32,52,Silverstone,93.558
42,5,2,33,52,Silverstone,93.734
43,18,0,38,52,Silverstone,93.422
44,9,1,44,52,Silverstone,93.402
45,3,2,43,52,Silverstone,93.404
46,1,0,40,52,Silverstone,93.341
47,9,2,44,52,Silverstone,93.525
48,12,1,43,52,Silverstone,93.252
49,17,0,34,52,Silverstone,93.097
50,4,1,31,52,Silverstone,92.927
51,11,0,39,52,Silverstone,92.909
1,10,2,34,52,Silverstone,149.563
2,9,1,32,52,Silverstone,174.839
4,10,0,38,52,Silverstone,102.651
5,3,2,35,52,Silverstone,95.983
6,19,1,30,52,Silverstone,95.256
7,16,0,37,52,Silverstone,94.763
8,17,1,31,52,Silverstone,94.882
9,7,1,35,52,Silverstone,94.058
10,6,1,41,52,Silverstone,94.621
11,10,1,30,52,Silverstone,94.535
12,1,1,39,52,Silverstone,94.822
13,10,1,42,52,Silverstone,94.837
14,18,1,36,52,Silverstone,94.57
15,18,1,34,52,Silverstone,94.353
16,2,2,35,52,Silverstone,94.182
17,10,2,35,52,Silverstone,94.081
18,4,1,36,52,Silverstone,93.404
19,8,0,38,52,Silverstone,112.025
20,13,1,37,52,Silverstone,92.816
21,12,2,43,52,Silverstone,92.609
22,16,1,34,52,Silverstone,92.062
23,5,2,32,52,Silverstone,92.297
24,5,1,41,52,Silverstone,92.159
25,5,1,42,52,Silverstone,92.448
26,6,0,37,52,Silverstone,92.835
27,4,1,38,52,Silverstone,92.755
28,19,1,33,52,Silverstone,93.276
29,13,0,32,52,Silverstone,93.639
30,1,1,41,52,Silverstone,93.373
31,12,2,40,52,Silverstone,93.77
32,2,0,32,52,Silverstone,93.306
33,10,2,41,52,Silverstone,93.135
34,6,0,40,52,Silverstone,93.207
35,1,1,32,52,Silverstone,93.411
36,6,1,31,52,Silverstone,93.045
37,8,1,37,52,Silverstone,93.376
38,14,1,31,52,Silverstone,91.9
39,1,0,35,52,Silverstone,110.566
40,11,2,43,52,Silverstone,91.07
41,14,1,42,52,Silverstone,92.14
42,1,1,33,52,Silverstone,91.953
43,18,0,40,52,Silverstone,92.319
44,14,2,42,52,Silverstone,92.617
45,4,2,36,52,Silverstone,92.224
46,1,2,39,52,Silverstone,92.502
47,9,2,33,52,Silverstone,90.958
48,11,0,40,52,Silverstone,90.0
49,11,1,30,52,Silverstone,118.246
50,12,2,43,52,Silverstone,88.617
51,8,2,38,52,Silverstone,91.284
1,11,0,41,53,Monza,97.656
2,8,1,39,53,Monza,90.745
3,13,1,35,53,Monza,86.326
4,15,2,41,53,Monza,86.313
5,19,1,38,53,Monza,86.41
6,9,0,30,53,Monza,86.419
7,3,2,30,53,Monza,86.473
8,8,1,38,53,Monza,86.789
9,1,2,39,53,Monza,86.44
10,18,0,38,53,Monza,86.723
11,6,1,38,53,Monza,86.529
12,16,2,31,53,Monza,86.705
13,3,0,35,53,Monza,86.506
14,16,1,40,53,Monza,86.391
15,6,2,35,53,Monza,86.666
16,14,1,44,53,Monza,86.628
17,6,0,44,53,Monza,86.565
18,3,2,43,53,Monza,86.917
19,11,0,41,53,Monza,86.825
20,10,2,40,53,Monza,87.061
21,16,2,44,53,Monza,87.335
22,16,2,32,53,Monza,92.063
23,11,1,44,53,Monza,105.539
24,4,1,36,53,Monza,86.037
25,5,1,31,53,Monza,86.021
26,10,2,33,53,Monza,104.051
27,18,1,40,53,Monza,153.47
28,14,0,30,53,Monza,156.254
29,18,0,38,53,Monza,150.162
30,7,0,37,53,Monza,153.385
31,4,0,34,53,Monza,86.525
32,13,2,38,53,Monza,86.533
33,8,2,41,53,Monza,86.131
34,13,1,39,53,Monza,86.164
35,2,1,41,53,Monza,86.394
36,13,0,37,53,Monza,85.796
37,8,2,40,53,Monza,86.214
38,12,2,39,53,Monza,85.9
39,7,1,37,53,Monza,86.06
40,9,2,33,53,Monza,85.77
41,8,1,30,53,Monza,85.905
42,18,1,44,53,Monza,85.926
43,4,1,31,53,Monza,86.051
44,11,2,36,53,Monza,104.842
45,14,1,37,53,Monza,85.404
46,11,1,42,53,Monza,85.608
47,19,0,44,53,Monza,85.713
48,18,0,39,53,Monza,85.617
49,9,1,38,53,Monza,85.548
50,12,2,32,53,Monza,85.44
51,19,0,30,53,Monza,85.234
52,13,2,37,53,Monza,85.374
53,15,1,36,53,Monza,84.812
1,11,1,40,53,Monza,99.532
2,2,1,34,53,Monza,90.125
3,12,1,33,53,Monza,85.808
4,2,2,36,53,Monza,86.395
5,5,1,42,53,Monza,86.377
6,5,1,44,53,Monza,86.341
7,2,2,33,53,Monza,87.159
8,2,0,35,53,Monza,86.333
9,3,1,38,53,Monza,86.531
10,17,0,30,53,Monza,86.499
11,13,2,32,53,Monza,86.668
12,1,2,34,53,Monza,86.741
13,14,0,35,53,Monza,86.443
14,13,0,43,53,Monza,86.691
15,17,1,34,53,Monza,86.309
16,3,2,33,53,Monza,86.702
17,5,2,36,53,Monza,86.777
18,8,2,41,53,Monza,86.78
19,16,2,36,53,Monza,86.812
20,12,0,39,53,Monza,87.125
21,10,1,37,53,Monza,87.708
22,18,2,35,53,Monza,87.466
23,13,1,32,53,Monza,91.184
24,6,1,34,53,Monza,114.069
25,18,1,31,53,Monza,85.173
1,2,2,31,53,Monza,101.695
2,14,2,38,53,Monza,90.131
3,3,1,30,53,Monza,86.073
4,5,2,30,53,Monza,86.728
5,9,0,39,53,Monza,86.309
6,2,2,34,53,Monza,86.526
7,9,0,38,53,Monza,86.784
8,19,1,42,53,Monza,86.466
9,14,0,35,53,Monza,86.548
10,8,1,31,53,Monza,86.69
11,13,1,34,53,Monza,86.663
12,6,2,35,53,Monza,87.304
13,17,2,33,53,Monza,87.323
14,7,1,31,53,Monza,87.132
15,13,0,30,53,Monza,86.681
16,13,0,42,53,Monza,86.497
17,7,2,33,53,Monza,86.917
18,18,1,41,53,Monza,86.943
19,9,0,40,53,Monza,86.635
20,7,0,30,53,Monza,86.664
21,2,0,32,53,Monza,87.153
22,13,1,31,53,Monza,87.151
23,12,1,42,53,Monza,87.131
24,7,1,42,53,Monza,92.641
25,10,2,44,53,Monza,106.151
26,15,1,32,53,Monza,107.03
27,10,2,43,53,Monza,145.123
28,5,0,41,53,Monza,156.8
29,15,0,44,53,Monza,150.099
30,9,2,42,53,Monza,150.238
31,8,2,42,53,Monza,86.782
32,18,1,40,53,Monza,86.394
33,3,0,33,53,Monza,85.954
34,9,1,38,53,Monza,86.533
35,1,2,44,53,Monza,85.949
36,8,1,42,53,Monza,86.296
37,8,1,41,53,Monza,86.187
38,5,0,35,53,Monza,86.072
39,7,0,41,53,Monza,85.912
40,9,1,34,53,Monza,85.838
41,12,2,44,53,Monza,85.86
42,10,1,39,53,Monza,85.925
43,4,1,32,53,Monza,87.034
44,8,0,31,53,Monza,104.645
45,7,1,38,53,Monza,85.38
46,6,2,36,53,Monza,85.386
47,1,0,35,53,Monza,85.573
48,18,1,34,53,Monza,85.728
49,8,2,33,53,Monza,85.396
50,15,2,43,53,Monza,85.372
51,19,1,35,53,Monza,85.285
52,10,0,44,53,Monza,85.414
53,9,1,36,53,Monza,84.971
1,14,1,35,53,Monza,105.494
2,5,2,42,53,Monza,87.866
3,1,0,34,53,Monza,85.87
4,2,1,34,53,Monza,86.252
5,18,0,38,53,Monza,86.026
6,9,0,37,53,Monza,86.778
7,8,1,38,53,Monza,86.846
8,1,2,32,53,Monza,86.413
9,10,2,30,53,Monza,86.595
10,5,1,42,53,Monza,86.497
11,12,2,30,53,Monza,86.368
12,1,2,37,53,Monza,87.39
13,14,0,34,53,Monza,87.44
14,9,1,39,53,Monza,87.472
15,18,0,31,53,Monza,86.757
16,10,1,30,53,Monza,86.58
17,6,1,35,53,Monza,87.01
18,5,2,35,53,Monza,86.778
19,1,0,36,53,Monza,86.826
20,18,2,34,53,Monza,86.609
21,6,1,39,53,Monza,86.952
22,5,0,37,53,Monza,86.943
23,9,1,37,53,Monza,87.032
24,12,1,30,53,Monza,86.586
25,1,2,40,53,Monza,90.855
1,12,0,30,53,Monza,108.161
2,19,0,33,53,Monza,87.99
3,5,2,32,53,Monza,86.073
4,2,1,40,53,Monza,86.58
5,13,1,35,53,Monza,86.473
6,13,1,41,53,Monza,86.493
7,4,0,30,53,Monza,86.765
8,9,2,31,53,Monza,86.613
9,11,0,33,53,Monza,86.506
10,16,0,43,53,Monza,86.585
11,16,0,43,53,Monza,86.543
12,2,2,31,53,Monza,86.622
13,16,2,36,53,Monza,86.652
14,12,2,35,53,Monza,87.043
15,6,2,40,53,Monza,87.301
16,15,1,44,53,Monza,87.194
17,1,2,33,53,Monza,86.985
18,6,2,30,53,Monza,86.993
19,15,1,39,53,Monza,86.643
20,19,0,32,53,Monza,86.964
21,12,1,44,53,Monza,87.415
22,8,1,40,53,Monza,87.285
23,12,2,31,53,Monza,87.224
24,16,1,36,53,Monza,87.353
25,2,2,35,53,Monza,87.225
26,2,2,40,53,Monza,104.442
27,19,1,34,53,Monza,164.572
28,9,1,33,53,Monza,156.74
29,15,2,43,53,Monza,150.123
30,11,2,41,53,Monza,152.401
31,5,0,44,53,Monza,88.0
32,7,0,34,53,Monza,87.935
33,5,0,36,53,Monza,86.537
34,14,0,41,53,Monza,86.696
35,5,0,36,53,Monza,85.697
36,11,1,43,53,Monza,86.016
37,6,2,32,53,Monza,86.157
38,4,0,35,53,Monza,85.801
39,14,1,37,53,Monza,86.359
40,18,2,41,53,Monza,86.088
41,13,1,37,53,Monza,85.826
42,5,0,40,53,Monza,85.73
43,18,1,37,53,Monza,86.881
44,14,2,35,53,Monza,104.866
45,13,1,35,53,Monza,85.993
46,9,2,35,53,Monza,85.606
47,8,1,38,53,Monza,85.956
48,2,2,42,53,Monza,85.941
49,7,2,35,53,Monza,85.619
50,11,2,44,53,Monza,85.511
51,5,2,44,53,Monza,85.517
52,7,0,35,53,Monza,85.664
53,19,1,37,53,Monza,85.319
1,15,1,38,53,Monza,109.405
2,7,0,42,53,Monza,87.898
3,7,0,38,53,Monza,86.611
4,18,1,39,53,Monza,87.168
5,4,2,37,53,Monza,86.803
6,8,1,37,53,Monza,86.985
7,13,1,41,53,Monza,87.192
8,2,2,30,53,Monza,86.99
9,1,2,38,53,Monza,89.642
10,17,1,40,53,Monza,87.675
11,1,1,44,53,Monza,87.447
12,9,2,38,53,Monza,87.38
13,9,1,41,53,Monza,87.014
14,1,2,30,53,Monza,87.008
15,9,0,42,53,Monza,87.003
16,12,0,40,53,Monza,86.898
17,12,2,34,53,Monza,86.954
18,6,1,38,53,Monza,87.055
19,10,0,35,53,Monza,87.012
20,2,2,42,53,Monza,87.314
21,16,2,34,53,Monza,87.778
22,15,0,31,53,Monza,87.575
23,2,2,43,53,Monza,87.458
24,19,1,36,53,Monza,87.406
25,17,0,41,53,Monza,89.071
26,18,0,34,53,Monza,109.421
27,8,0,44,53,Monza,151.631
28,17,1,32,53,Monza,158.417
29,15,2,38,53,Monza,148.704
30,12,0,44,53,Monza,148.409
31,2,2,36,53,Monza,87.967
32,5,1,34,53,Monza,88.024
33,8,1,36,53,Monza,86.949
34,4,0,35,53,Monza,86.185
35,13,0,34,53,Monza,85.858
36,5,0,43,53,Monza,86.03
37,7,1,34,53,Monza,85.862
38,4,1,38,53,Monza,85.911
39,7,1,37,53,Monza,86.193
40,7,1,39,53,Monza,85.922
41,1,0,38,53,Monza,85.784
42,1,1,38,53,Monza,85.715
43,5,2,30,53,Monza,86.777
44,14,2,42,53,Monza,104.756
45,8,2,30,53,Monza,86.169
46,2,1,35,53,Monza,85.653
47,1,1,35,53,Monza,86.11
48,18,0,43,53,Monza,86.04
49,4,1,44,53,Monza,85.992
50,1,1,38,53,Monza,86.282
51,16,2,31,53,Monza,85.928
52,17,1,34,53,Monza,85.91
53,18,1,36,53,Monza,85.559
1,8,1,32,53,Monza,110.352
2,7,1,38,53,Monza,87.606
3,15,1,40,53,Monza,86.741
4,7,0,32,53,Monza,87.002
5,7,2,38,53,Monza,87.049
6,9,0,30,53,Monza,87.019
7,17,2,30,53,Monza,86.971
8,7,2,33,53,Monza,86.823
9,8,0,44,53,Monza,87.595
10,2,0,32,53,Monza,86.623
11,1,2,33,53,Monza,86.322
12,16,1,30,53,Monza,86.387
13,5,0,42,53,Monza,86.529
14,18,0,40,53,Monza,86.536
15,16,2,33,53,Monza,86.499
16,16,0,43,53,Monza,86.946
17,17,2,43,53,Monza,86.855
18,17,2,32,53,Monza,86.88
19,4,0,34,53,Monza,86.859
20,15,2,36,53,Monza,86.882
21,11,0,39,53,Monza,87.377
22,12,2,33,53,Monza,87.679
23,4,0,39,53,Monza,86.919
24,10,1,39,53,Monza,87.257
25,6,0,39,53,Monza,87.273
26,18,0,31,53,Monza,105.619
27,14,1,37,53,Monza,164.484
28,11,0,41,53,Monza,156.093
29,5,0,40,53,Monza,149.828
30,11,1,32,53,Monza,149.721
31,7,1,38,53,Monza,87.677
32,16,1,33,53,Monza,86.594
33,9,0,39,53,Monza,85.645
34,12,2,38,53,Monza,86.151
35,19,1,39,53,Monza,86.038
36,2,1,35,53,Monza,86.045
37,2,2,37,53,Monza,86.209
38,19,2,31,53,Monza,86.373
39,17,0,30,53,Monza,85.718
40,16,2,44,53,Monza,86.134
41,7,0,41,53,Monza,85.86
42,16,1,32,53,Monza,85.919
43,13,0,36,53,Monza,87.04
44,2,1,42,53,Monza,104.518
45,14,2,31,53,Monza,85.965
46,8,0,43,53,Monza,85.361
47,6,1,32,53,Monza,85.553
48,11,0,40,53,Monza,85.8
49,6,1,41,53,Monza,85.603
50,5,1,34,53,Monza,85.448
51,18,2,37,53,Monza,85.274
52,8,0,40,53,Monza,85.281
53,13,0,44,53,Monza,85.156
1,7,0,36,53,Monza,111.426
2,10,0,30,53,Monza,87.987
3,13,1,30,53,Monza,86.738
4,7,1,40,53,Monza,87.427
5,7,0,36,53,Monza,87.249
6,4,1,32,53,Monza,87.483
7,9,1,39,53,Monza,87.567
8,3,2,33,53,Monza,87.621
9,16,0,36,53,Monza,87.566
10,7,1,31,53,Monza,87.659
11,13,0,35,53,Monza,87.694
12,5,2,33,53,Monza,87.729
13,12,1,32,53,Monza,87.63
14,14,1,31,53,Monza,87.59
15,15,2,32,53,Monza,87.465
16,8,0,34,53,Monza,87.354
17,8,0,39,53,Monza,87.452
18,14,2,37,53,Monza,87.305
19,15,0,36,53,Monza,87.254
20,5,2,36,53,Monza,87.186
21,2,1,34,53,Monza,88.104
22,17,0,38,53,Monza,88.861
23,7,0,41,53,Monza,87.615
24,10,2,37,53,Monza,87.541
25,19,1,38,53,Monza,91.605
26,19,0,34,53,Monza,134.773
27,17,2,34,53,Monza,119.612
28,13,2,39,53,Monza,158.151
29,3,1,41,53,Monza,150.426
30,15,1,40,53,Monza,143.817
31,12,1,33,53,Monza,88.45
32,6,1,31,53,Monza,87.748
33,17,2,39,53,Monza,86.823
34,4,0,39,53,Monza,86.523
35,7,2,42,53,Monza,85.98
36,11,1,34,53,Monza,86.315
37,13,2,31,53,Monza,86.32
38,19,2,30,53,Monza,86.298
39,4,1,32,53,Monza,86.338
40,3,1,31,53,Monza,86.313
41,2,0,36,53,Monza,86.071
42,7,1,40,53,Monza,85.868
43,11,2,41,53,Monza,86.639
44,15,1,34,53,Monza,104.93
45,3,1,39,53,Monza,86.67
46,2,1,39,53,Monza,86.296
47,5,0,40,53,Monza,86.337
48,5,2,31,53,Monza,86.261
49,3,1,35,53,Monza,86.225
50,10,1,31,53,Monza,86.018
51,8,1,30,53,Monza,85.929
52,10,1,44,53,Monza,85.853
53,12,1,40,53,Monza,86.077
1,13,0,34,53,Monza,113.42
2,12,2,31,53,Monza,87.173
3,16,1,40,53,Monza,87.688
4,2,1,40,53,Monza,87.75
5,9,0,38,53,Monza,87.418
6,14,0,33,53,Monza,87.745
7,15,1,38,53,Monza,87.629
8,3,0,32,53,Monza,87.727
9,1,2,32,53,Monza,87.84
10,18,1,42,53,Monza,87.749
11,3,1,39,53,Monza,87.52
12,9,2,43,53,Monza,87.407
13,6,1,32,53,Monza,87.299
14,16,1,35,53,Monza,87.319
15,15,1,33,53,Monza,87.359
16,14,2,37,53,Monza,87.369
17,14,1,37,53,Monza,88.781
18,16,1,34,53,Monza,87.743
19,5,0,42,53,Monza,87.347
20,6,2,44,53,Monza,87.299
21,11,1,42,53,Monza,87.756
22,4,2,37,53,Monza,87.71
23,4,1,37,53,Monza,87.838
24,16,1,42,53,Monza,88.781
25,14,0,41,53,Monza,92.11
26,3,2,38,53,Monza,134.49
27,16,0,32,53,Monza,119.084
28,11,2,35,53,Monza,155.966
29,12,0,40,53,Monza,151.038
30,5,1,36,53,Monza,142.422
31,7,0,38,53,Monza,88.28
32,6,1,39,53,Monza,87.49
33,1,2,40,53,Monza,87.168
34,7,2,31,53,Monza,86.614
35,18,0,30,53,Monza,86.448
36,17,1,42,53,Monza,86.69
37,2,2,44,53,Monza,86.48
38,2,2,40,53,Monza,86.239
39,2,2,40,53,Monza,86.224
40,15,0,31,53,Monza,86.11
41,19,0,37,53,Monza,85.868
42,16,1,32,53,Monza,86.017
43,10,0,38,53,Monza,87.18
44,8,2,34,53,Monza,105.578
45,17,2,36,53,Monza,86.574
46,2,2,38,53,Monza,86.474
47,12,0,43,53,Monza,86.342
48,8,0,31,53,Monza,86.238
49,10,2,31,53,Monza,86.021
50,9,2,31,53,Monza,85.861
51,13,1,37,53,Monza,85.91
52,18,0,40,53,Monza,85.472
53,15,0,41,53,Monza,85.511
1,8,0,35,53,Monza,114.99
2,13,0,44,53,Monza,87.158
3,14,0,43,53,Monza,87.577
4,12,1,43,53,Monza,87.472
5,17,2,43,53,Monza,87.462
6,2,0,43,53,Monza,87.752
7,18,1,44,53,Monza,89.329
8,1,2,33,53,Monza,88.031
9,18,1,32,53,Monza,87.525
10,14,1,39,53,Monza,87.75
11,1,1,37,53,Monza,88.496
12,14,0,39,53,Monza,87.714
13,19,2,34,53,Monza,87.853
14,14,1,32,53,Monza,87.745
15,14,2,31,53,Monza,88.094
16,8,0,36,53,Monza,87.422
17,4,1,30,53,Monza,87.617
18,13,1,39,53,Monza,87.691
19,11,1,34,53,Monza,87.463
20,2,2,33,53,Monza,87.877
21,3,1,38,53,Monza,88.146
22,18,1,31,53,Monza,88.065
23,12,0,37,53,Monza,88.037
24,10,0,37,53,Monza,87.558
25,16,2,44,53,Monza,87.603
26,12,1,34,53,Monza,115.315
27,19,0,38,53,Monza,142.102
28,8,1,31,53,Monza,157.329
29,19,0,30,53,Monza,152.706
30,19,0,34,53,Monza,136.436
31,12,1,34,53,Monza,88.425
32,13,0,42,53,Monza,87.567
33,17,0,34,53,Monza,87.326
34,5,0,31,53,Monza,86.936
35,16,2,34,53,Monza,86.383
36,13,1,43,53,Monza,86.797
37,7,0,37,53,Monza,86.447
38,6,0,30,53,Monza,85.993
39,13,0,36,53,Monza,86.417
40,11,0,41,53,Monza,86.404
41,8,2,39,53,Monza,86.275
42,19,2,34,53,Monza,86.256
43,10,0,44,53,Monza,86.763
44,19,1,38,53,Monza,104.875
45,4,0,39,53,Monza,86.321
46,1,0,36,53,Monza,86.57
47,13,1,41,53,Monza,86.783
48,17,0,35,53,Monza,86.632
49,3,1,34,53,Monza,86.264
50,18,1,32,53,Monza,85.971
51,1,0,43,53,Monza,86.042
52,16,0,40,53,Monza,85.905
53,8,1,34,53,Monza,85.566
1,6,1,42,53,Monza,116.194
2,11,2,36,53,Monza,87.106
3,6,2,42,53,Monza,87.11
4,8,0,35,53,Monza,87.643
5,2,0,44,53,Monza,87.58
6,17,2,41,53,Monza,87.493
7,7,2,44,53,Monza,87.804
8,6,2,31,53,Monza,87.826
9,14,2,35,53,Monza,87.411
10,6,0,41,53,Monza,87.663
11,3,0,38,53,Monza,87.694
12,6,0,42,53,Monza,87.716
13,3,1,37,53,Monza,88.852
14,19,0,42,53,Monza,87.705
15,16,2,34,53,Monza,87.829
16,5,1,31,53,Monza,87.624
17,15,1,30,53,Monza,87.768
18,2,0,35,53,Monza,87.707
19,14,1,39,53,Monza,87.534
20,12,0,40,53,Monza,87.858
21,18,2,39,53,Monza,88.021
22,18,1,40,53,Monza,87.688
23,8,1,35,53,Monza,92.043
24,10,0,38,53,Monza,106.192
25,8,1,37,53,Monza,86.391
26,4,2,40,53,Monza,117.024
27,2,1,38,53,Monza,119.303
28,8,2,38,53,Monza,157.605
29,12,1,39,53,Monza,151.23
30,16,1,42,53,Monza,138.164
31,5,0,37,53,Monza,88.688
32,5,0,43,53,Monza,89.035
33,12,1,42,53,Monza,87.131
34,11,0,38,53,Monza,86.962
35,17,0,40,53,Monza,86.68
36,1,2,36,53,Monza,86.739
37,1,2,39,53,Monza,86.582
38,19,1,41,53,Monza,86.235
39,3,1,37,53,Monza,86.686
40,19,2,35,53,Monza,86.443
41,13,1,33,53,Monza,86.17
42,10,2,41,53,Monza,86.797
43,11,2,31,53,Monza,86.991
44,9,1,43,53,Monza,103.538
45,16,0,37,53,Monza,86.672
46,7,2,43,53,Monza,87.469
47,14,1,36,53,Monza,86.377
48,14,1,35,53,Monza,86.181
49,12,1,36,53,Monza,86.171
50,2,2,34,53,Monza,85.953
51,1,0,31,53,Monza,86.259
52,2,2,32,53,Monza,86.289
53,7,2,35,53,Monza,86.282
1,17,0,44,53,Monza,118.083
2,18,1,34,53,Monza,87.568
3,16,1,35,53,Monza,87.408
4,1,1,36,53,Monza,87.224
5,11,2,30,53,Monza,87.137
6,1,1,39,53,Monza,86.954
7,2,1,30,53,Monza,87.462
8,14,2,30,53,Monza,88.442
9,4,2,34,53,Monza,88.995
10,17,2,33,53,Monza,87.75
11,10,0,41,53,Monza,87.448
12,17,1,31,53,Monza,87.61
13,17,2,37,53,Monza,87.545
14,7,1,37,53,Monza,87.585
15,19,2,40,53,Monza,88.807
16,3,0,43,53,Monza,87.847
17,19,0,37,53,Monza,87.73
18,11,1,32,53,Monza,87.523
19,17,0,43,53,Monza,87.495
20,2,0,36,53,Monza,87.761
21,5,2,33,53,Monza,87.768
22,11,0,40,53,Monza,92.328
23,3,2,41,53,Monza,109.176
24,4,1,41,53,Monza,87.095
25,7,1,42,53,Monza,86.85
26,4,0,43,53,Monza,121.789
27,9,1,34,53,Monza,135.317
28,18,1,42,53,Monza,134.563
29,15,1,42,53,Monza,152.546
30,14,2,33,53,Monza,135.043
31,2,1,43,53,Monza,88.916
32,7,1,33,53,Monza,89.135
33,5,2,37,53,Monza,87.464
34,3,0,34,53,Monza,86.936
35,3,2,42,53,Monza,86.873
36,14,1,32,53,Monza,86.54
37,6,2,38,53,Monza,86.406
38,4,1,35,53,Monza,86.5
39,12,0,30,53,Monza,86.627
40,16,2,36,53,Monza,86.688
41,19,1,31,53,Monza,86.483
42,4,2,30,53,Monza,86.804
43,9,1,41,53,Monza,87.137
44,3,2,39,53,Monza,103.023
45,8,1,33,53,Monza,86.631
46,8,2,41,53,Monza,86.498
47,14,2,43,53,Monza,86.273
48,7,1,39,53,Monza,86.322
49,12,1,32,53,Monza,86.15
50,19,0,31,53,Monza,85.938
51,3,1,36,53,Monza,86.402
52,17,0,44,53,Monza,86.281
53,12,2,44,53,Monza,86.11
1,8,1,43,53,Monza,118.146
2,17,0,35,53,Monza,89.102
3,7,0,37,53,Monza,87.675
4,4,1,40,53,Monza,88.159
5,16,1,30,53,Monza,88.164
6,7,0,41,53,Monza,87.338
7,3,0,36,53,Monza,87.123
8,12,2,31,53,Monza,87.227
9,2,1,33,53,Monza,87.794
10,6,0,36,53,Monza,87.757
11,10,2,37,53,Monza,87.9
12,4,2,32,53,Monza,87.75
13,19,0,33,53,Monza,87.778
14,19,0,36,53,Monza,87.674
15,13,1,40,53,Monza,88.048
16,17,0,33,53,Monza,87.74
17,9,2,37,53,Monza,88.035
18,6,0,34,53,Monza,87.919
19,19,2,36,53,Monza,87.648
20,19,0,44,53,Monza,87.818
21,13,0,34,53,Monza,88.154
22,5,0,43,53,Monza,87.53
23,4,2,36,53,Monza,87.456
24,5,2,41,53,Monza,87.709
25,13,2,37,53,Monza,87.495
26,19,1,36,53,Monza,115.947
27,3,0,31,53,Monza,135.424
28,13,0,38,53,Monza,157.8
29,15,1,31,53,Monza,151.483
30,7,2,41,53,Monza,139.346
31,12,2,40,53,Monza,88.593
32,8,2,36,53,Monza,87.613
33,8,1,40,53,Monza,87.358
34,19,0,42,53,Monza,86.802
35,11,0,40,53,Monza,86.534
36,18,1,37,53,Monza,86.554
37,13,1,44,53,Monza,86.522
38,16,2,34,53,Monza,86.296
39,12,2,34,53,Monza,86.274
40,11,0,40,53,Monza,86.207
41,8,1,32,53,Monza,86.088
42,18,1,38,53,Monza,86.258
43,4,0,34,53,Monza,86.633
44,10,1,33,53,Monza,104.81
45,7,0,31,53,Monza,87.102
46,16,0,37,53,Monza,86.513
47,16,0,44,53,Monza,86.547
48,9,1,40,53,Monza,86.351
49,4,0,34,53,Monza,86.074
50,7,1,36,53,Monza,86.023
51,9,1,36,53,Monza,86.135
52,8,0,37,53,Monza,85.846
53,11,0,41,53,Monza,85.835
1,15,0,30,53,Monza,120.167
2,17,0,32,53,Monza,88.892
3,17,0,32,53,Monza,88.736
4,2,1,41,53,Monza,87.546
5,19,0,37,53,Monza,88.04
6,12,1,37,53,Monza,87.829
7,7,2,43,53,Monza,88.115
8,14,0,31,53,Monza,87.733
9,19,1,44,53,Monza,88.044
10,19,1,36,53,Monza,87.977
11,6,0,35,53,Monza,87.996
12,17,1,35,53,Monza,87.774
13,14,1,34,53,Monza,87.751
14,16,1,32,53,Monza,87.905
15,11,1,42,53,Monza,87.685
16,2,0,30,53,Monza,87.583
17,5,2,33,53,Monza,87.806
18,5,2,39,53,Monza,87.447
19,8,0,36,53,Monza,87.876
20,14,2,30,53,Monza,88.013
21,8,2,31,53,Monza,87.969
22,10,1,31,53,Monza,88.079
23,3,2,33,53,Monza,87.965
24,12,0,36,53,Monza,88.065
25,11,2,34,53,Monza,87.614
26,19,1,34,53,Monza,118.104
27,1,0,40,53,Monza,134.609
28,13,2,36,53,Monza,154.921
29,15,0,41,53,Monza,152.357
30,17,1,36,53,Monza,136.175
31,19,2,34,53,Monza,88.911
32,5,1,39,53,Monza,88.843
33,12,2,36,53,Monza,87.262
34,15,1,40,53,Monza,86.937
35,18,1,43,53,Monza,86.757
36,5,1,37,53,Monza,86.547
37,1,2,42,53,Monza,86.637
38,7,1,42,53,Monza,86.409
39,12,0,44,53,Monza,86.76
40,5,2,38,53,Monza,86.597
41,5,2,43,53,Monza,86.37
42,12,0,30,53,Monza,87.068
43,9,0,38,53,Monza,87.018
44,19,0,40,53,Monza,103.24
45,7,1,39,53,Monza,88.246
46,1,2,31,53,Monza,86.822
47,15,0,33,53,Monza,86.688
48,12,2,36,53,Monza,86.844
49,8,1,43,53,Monza,88.639
50,18,1,43,53,Monza,86.25
51,6,1,39,53,Monza,86.292
52,15,1,40,53,Monza,86.375
53,14,1,33,53,Monza,85.849
1,3,0,40,53,Monza,120.963
2,5,1,34,53,Monza,89.313
3,7,1,31,53,Monza,88.636
4,2,1,33,53,Monza,88.038
5,5,1,38,53,Monza,88.092
6,16,1,41,53,Monza,88.443
7,5,1,41,53,Monza,88.429
8,5,2,34,53,Monza,88.469
9,11,1,32,53,Monza,88.453
10,19,1,37,53,Monza,88.694
11,16,0,30,53,Monza,88.822
12,11,0,44,53,Monza,88.593
13,9,1,40,53,Monza,88.597
14,12,1,37,53,Monza,88.893
15,12,1,30,53,Monza,88.927
16,13,2,44,53,Monza,88.723
17,6,0,33,53,Monza,88.884
18,14,0,44,53,Monza,88.873
19,14,0,34,53,Monza,89.082
20,18,0,33,53,Monza,89.252
21,16,2,31,53,Monza,89.092
22,12,1,40,53,Monza,89.146
23,9,1,44,53,Monza,93.142
24,9,1,38,53,Monza,107.809
25,4,1,43,53,Monza,98.03
26,3,2,36,53,Monza,117.282
27,15,1,36,53,Monza,104.49
28,14,2,34,53,Monza,134.893
29,16,1,35,53,Monza,152.447
30,6,0,31,53,Monza,134.464
31,2,1,38,53,Monza,90.182
32,14,2,38,53,Monza,98.648
33,19,1,36,53,Monza,87.332
34,10,2,34,53,Monza,87.021
35,19,1,38,53,Monza,86.786
36,11,1,34,53,Monza,86.884
37,4,0,34,53,Monza,87.183
38,5,2,36,53,Monza,86.985
39,8,1,30,53,Monza,87.406
40,5,1,36,53,Monza,87.067
41,4,2,43,53,Monza,87.137
42,8,2,31,53,Monza,87.335
43,15,1,35,53,Monza,94.956
44,3,1,43,53,Monza,99.037
45,4,0,34,53,Monza,87.402
46,14,1,37,53,Monza,87.426
47,14,1,41,53,Monza,87.179
48,10,1,42,53,Monza,87.139
49,5,2,31,53,Monza,87.359
50,4,0,40,53,Monza,87.128
51,2,1,34,53,Monza,87.412
52,6,0,35,53,Monza,86.707
53,3,1,31,53,Monza,86.771
1,11,0,43,53,Monza,121.031
2,8,0,38,53,Monza,88.071
3,8,1,43,53,Monza,86.545
4,4,2,32,53,Monza,87.601
5,19,0,35,53,Monza,86.378
6,17,1,42,53,Monza,86.18
7,16,2,44,53,Monza,86.771
8,19,2,43,53,Monza,88.351
9,10,0,31,53,Monza,86.988
10,17,2,32,53,Monza,87.445
11,4,1,43,53,Monza,86.7
12,18,0,36,53,Monza,87.456
13,13,2,41,53,Monza,86.596
14,9,2,42,53,Monza,86.871
15,13,1,42,53,Monza,86.951
16,12,2,44,53,Monza,86.964
17,10,1,36,53,Monza,86.777
18,9,0,43,53,Monza,86.631
19,19,2,42,53,Monza,86.664
20,5,2,37,53,Monza,87.056
21,15,2,33,53,Monza,88.008
22,4,1,39,53,Monza,86.438
23,4,1,43,53,Monza,86.638
24,10,2,37,53,Monza,86.248
25,15,2,37,53,Monza,86.821
26,6,2,32,53,Monza,110.032
27,14,1,34,53,Monza,150.848
28,15,0,43,53,Monza,158.889
29,10,2,41,53,Monza,149.59
30,17,2,31,53,Monza,145.925
31,15,0,44,53,Monza,88.061
32,3,0,43,53,Monza,86.597
33,12,2,44,53,Monza,86.669
34,8,1,38,53,Monza,84.827
35,9,2,35,53,Monza,85.756
36,15,2,35,53,Monza,85.971
37,5,0,39,53,Monza,86.197
38,14,1,37,53,Monza,86.549
39,16,1,38,53,Monza,85.848
40,15,1,30,53,Monza,85.942
41,4,2,41,53,Monza,85.928
42,16,0,37,53,Monza,85.692
43,1,2,31,53,Monza,87.569
44,8,1,30,53,Monza,104.645
45,2,1,43,53,Monza,85.5
46,6,2,33,53,Monza,85.723
47,11,0,34,53,Monza,85.632
48,19,0,40,53,Monza,85.726
49,9,1,41,53,Monza,85.287
50,6,2,41,53,Monza,85.593
51,3,1,39,53,Monza,85.649
52,19,0,37,53,Monza,85.191
53,5,2,44,53,Monza,85.27
1,10,1,32,53,Monza,121.117
2,17,2,41,53,Monza,89.945
3,8,0,32,53,Monza,88.699
4,4,1,40,53,Monza,88.045
5,1,2,40,53,Monza,88.487
6,11,2,41,53,Monza,88.302
7,10,2,37,53,Monza,88.416
8,8,0,34,53,Monza,88.626
9,17,0,35,53,Monza,88.608
10,3,2,40,53,Monza,88.631
11,8,1,30,53,Monza,88.729
12,5,1,35,53,Monza,88.356
13,4,2,40,53,Monza,89.021
14,5,0,44,53,Monza,89.258
15,16,0,41,53,Monza,89.063
16,18,1,43,53,Monza,88.859
17,12,0,36,53,Monza,89.038
18,15,2,40,53,Monza,88.796
19,8,2,34,53,Monza,89.058
20,7,1,32,53,Monza,89.063
21,1,1,42,53,Monza,89.008
22,17,0,31,53,Monza,89.328
23,19,2,42,53,Monza,89.55
24,17,1,37,53,Monza,93.767
25,5,0,43,53,Monza,121.885
26,6,2,41,53,Monza,116.859
27,6,1,37,53,Monza,102.886
28,7,1,43,53,Monza,129.771
29,16,0,40,53,Monza,155.222
30,19,2,33,53,Monza,131.254
31,9,2,39,53,Monza,89.951
32,2,0,40,53,Monza,90.285
33,18,0,42,53,Monza,88.019
34,6,2,40,53,Monza,87.891
35,18,1,33,53,Monza,90.116
36,18,0,40,53,Monza,88.286
37,1,2,33,53,Monza,87.921
38,6,0,32,53,Monza,87.339
39,11,2,31,53,Monza,96.154
40,9,2,30,53,Monza,113.307
41,14,2,36,53,Monza,87.202
1,12,2,34,53,Monza,122.171
2,12,2,34,53,Monza,89.005
3,10,2,30,53,Monza,109.173
1,6,1,40,53,Monza,129.159
2,6,1,32,53,Monza,120.859
3,14,1,30,53,Monza,87.123
4,4,0,33,53,Monza,86.85
5,3,1,32,53,Monza,86.959
6,16,1,33,53,Monza,87.037
7,15,1,36,53,Monza,86.925
8,9,0,42,53,Monza,87.023
9,15,2,35,53,Monza,87.091
10,18,1,44,53,Monza,87.395
11,17,0,41,53,Monza,87.235
12,17,1,42,53,Monza,87.269
13,10,1,35,53,Monza,87.115
14,7,0,38,53,Monza,86.945
15,2,0,41,53,Monza,87.1
16,2,1,37,53,Monza,87.007
17,4,1,31,53,Monza,87.063
18,6,1,30,53,Monza,86.937
19,14,1,39,53,Monza,86.884
20,5,0,35,53,Monza,87.379
21,8,1,40,53,Monza,87.3
22,12,1,40,53,Monza,87.283
23,10,1,35,53,Monza,87.347
24,14,0,44,53,Monza,87.438
25,19,1,34,53,Monza,96.621
26,6,1,40,53,Monza,138.111
27,2,2,38,53,Monza,104.55
28,6,1,32,53,Monza,134.982
29,13,1,44,53,Monza,152.348
30,19,2,31,53,Monza,133.971
31,18,0,37,53,Monza,89.174
32,16,2,36,53,Monza,88.89
33,2,0,41,53,Monza,87.596
34,18,1,43,53,Monza,87.222
35,9,0,33,53,Monza,86.718
36,18,2,38,53,Monza,86.704
37,11,2,32,53,Monza,86.613
38,13,1,44,53,Monza,86.487
39,2,0,32,53,Monza,86.444
40,13,1,35,53,Monza,86.792
41,16,2,42,53,Monza,86.429
42,11,2,40,53,Monza,86.635
43,4,2,37,53,Monza,87.484
44,6,2,44,53,Monza,103.011
45,18,0,43,53,Monza,87.588
46,19,0,30,53,Monza,86.724
47,5,2,34,53,Monza,86.991
48,9,2,37,53,Monza,86.656
49,10,0,34,53,Monza,86.226
50,6,2,36,53,Monza,85.718
51,11,0,35,53,Monza,85.859
52,3,0,34,53,Monza,86.153
53,12,1,30,53,Monza,86.161
1,13,1,31,66,Barcelona,88.746
2,2,1,35,66,Barcelona,87.627
3,6,2,43,66,Barcelona,87.198
4,8,2,34,66,Barcelona,87.671
5,19,0,44,66,Barcelona,87.891
6,19,1,32,66,Barcelona,87.427
7,2,2,43,66,Barcelona,87.897
8,18,0,36,66,Barcelona,87.782
9,8,2,30,66,Barcelona,88.364
10,9,1,39,66,Barcelona,88.721
11,13,0,43,66,Barcelona,88.976
12,9,0,43,66,Barcelona,88.677
13,10,2,41,66,Barcelona,88.375
14,11,1,37,66,Barcelona,88.495
15,18,0,41,66,Barcelona,88.386
16,6,0,38,66,Barcelona,88.512
17,1,1,44,66,Barcelona,88.377
18,18,0,44,66,Barcelona,88.099
19,18,1,34,66,Barcelona,88.8
20,4,1,38,66,Barcelona,88.899
21,5,1,44,66,Barcelona,93.256
22,10,2,44,66,Barcelona,105.687
23,13,2,33,66,Barcelona,87.21
24,3,1,41,66,Barcelona,87.196
25,18,0,44,66,Barcelona,87.03
26,4,2,40,66,Barcelona,87.279
27,16,2,42,66,Barcelona,109.08
1,13,0,38,66,Barcelona,89.739
2,3,0,32,66,Barcelona,87.509
3,7,1,34,66,Barcelona,87.574
4,16,0,39,66,Barcelona,87.601
5,6,0,33,66,Barcelona,87.937
6,6,2,32,66,Barcelona,87.761
7,8,1,37,66,Barcelona,88.07
8,13,2,39,66,Barcelona,88.115
9,10,1,34,66,Barcelona,96.463
10,4,1,33,66,Barcelona,89.262
11,12,1,33,66,Barcelona,89.192
12,7,2,37,66,Barcelona,89.055
13,17,1,43,66,Barcelona,92.379
14,10,2,31,66,Barcelona,105.251
15,18,0,40,66,Barcelona,87.317
16,9,1,38,66,Barcelona,88.085
17,17,2,37,66,Barcelona,88.13
18,19,2,40,66,Barcelona,88.336
19,18,1,39,66,Barcelona,87.954
20,8,2,36,66,Barcelona,88.275
21,3,2,33,66,Barcelona,88.094
22,19,2,44,66,Barcelona,88.207
23,6,0,38,66,Barcelona,88.466
24,1,1,30,66,Barcelona,89.602
25,12,0,41,66,Barcelona,88.957
26,5,1,38,66,Barcelona,88.486
27,11,1,31,66,Barcelona,88.533
28,18,0,40,66,Barcelona,92.263
29,12,1,37,66,Barcelona,103.366
30,1,2,43,66,Barcelona,85.732
31,2,1,39,66,Barcelona,87.0
32,8,2,30,66,Barcelona,85.974
33,9,2,33,66,Barcelona,86.799
34,3,0,42,66,Barcelona,86.517
35,14,2,36,66,Barcelona,86.951
36,6,2,35,66,Barcelona,87.255
37,3,1,38,66,Barcelona,86.773
38,17,2,43,66,Barcelona,86.586
39,13,0,42,66,Barcelona,86.776
40,14,2,43,66,Barcelona,86.93
41,3,0,35,66,Barcelona,87.455
42,16,1,31,66,Barcelona,87.176
43,10,2,42,66,Barcelona,87.134
44,3,2,40,66,Barcelona,90.814
45,5,1,44,66,Barcelona,103.854
46,10,1,34,66,Barcelona,85.456
47,15,1,38,66,Barcelona,85.704
48,5,2,39,66,Barcelona,85.755
49,18,2,33,66,Barcelona,86.242
50,14,1,40,66,Barcelona,86.491
51,11,1,35,66,Barcelona,86.66
52,9,0,38,66,Barcelona,86.785
53,14,2,30,66,Barcelona,86.656
54,19,2,34,66,Barcelona,86.935
55,13,2,37,66,Barcelona,87.015
56,13,2,39,66,Barcelona,87.038
57,9,1,40,66,Barcelona,86.618
58,19,0,31,66,Barcelona,86.621
59,5,1,33,66,Barcelona,86.863
60,11,2,42,66,Barcelona,86.59
61,15,2,43,66,Barcelona,86.819
62,7,2,39,66,Barcelona,86.924
63,1,2,33,66,Barcelona,87.205
64,7,0,37,66,Barcelona,87.345
65,14,1,39,66,Barcelona,87.611
66,15,2,30,66,Barcelona,87.437
1,6,0,32,66,Barcelona,90.987
2,4,1,34,66,Barcelona,87.831
3,16,2,38,66,Barcelona,87.9
4,11,1,31,66,Barcelona,88.177
5,2,0,31,66,Barcelona,88.503
6,19,1,34,66,Barcelona,88.655
7,2,1,42,66,Barcelona,88.74
8,11,1,44,66,Barcelona,88.892
9,18,1,36,66,Barcelona,89.504
10,9,1,34,66,Barcelona,89.42
11,14,0,35,66,Barcelona,89.528
12,1,1,35,66,Barcelona,89.014
13,15,0,35,66,Barcelona,92.39
14,13,1,32,66,Barcelona,105.382
15,5,0,43,66,Barcelona,87.631
16,18,0,36,66,Barcelona,88.016
17,1,1,34,66,Barcelona,88.149
18,12,0,34,66,Barcelona,88.317
19,8,1,39,66,Barcelona,88.03
20,15,0,43,66,Barcelona,88.255
21,3,1,33,66,Barcelona,88.123
22,6,1,30,66,Barcelona,88.137
23,1,1,33,66,Barcelona,88.555
24,14,1,36,66,Barcelona,89.588
25,11,0,32,66,Barcelona,88.79
26,19,1,34,66,Barcelona,88.687
27,16,0,41,66,Barcelona,88.513
28,11,2,35,66,Barcelona,88.838
29,2,0,44,66,Barcelona,88.799
30,3,2,40,66,Barcelona,88.626
31,6,0,36,66,Barcelona,90.146
32,14,0,44,66,Barcelona,89.244
33,12,1,36,66,Barcelona,89.286
34,2,1,39,66,Barcelona,89.221
35,5,1,40,66,Barcelona,88.956
36,9,1,31,66,Barcelona,92.633
37,17,1,44,66,Barcelona,104.507
38,6,1,37,66,Barcelona,86.839
39,4,2,30,66,Barcelona,87.082
40,17,2,42,66,Barcelona,87.943
41,4,2,42,66,Barcelona,87.348
42,6,2,41,66,Barcelona,87.146
43,2,0,40,66,Barcelona,87.081
44,13,1,35,66,Barcelona,87.5
45,4,1,44,66,Barcelona,88.345
46,18,0,38,66,Barcelona,87.927
47,9,2,38,66,Barcelona,87.884
48,6,2,31,66,Barcelona,87.843
49,10,2,42,66,Barcelona,87.479
50,19,1,33,66,Barcelona,87.42
51,1,0,43,66,Barcelona,90.898
52,18,0,30,66,Barcelona,103.495
53,11,2,34,66,Barcelona,84.636
54,3,0,37,66,Barcelona,85.262
55,19,2,30,66,Barcelona,85.551
56,17,1,31,66,Barcelona,85.947
57,16,1,30,66,Barcelona,86.882
58,2,1,40,66,Barcelona,86.691
59,5,1,36,66,Barcelona,86.761
60,18,2,33,66,Barcelona,86.386
61,8,0,31,66,Barcelona,87.069
62,14,0,44,66,Barcelona,87.141
63,14,2,35,66,Barcelona,87.404
64,7,1,43,66,Barcelona,87.965
65,17,0,39,66,Barcelona,88.936
66,4,1,41,66,Barcelona,90.571
1,14,1,30,66,Barcelona,92.215
2,16,1,32,66,Barcelona,87.791
3,10,1,36,66,Barcelona,87.942
4,8,2,32,66,Barcelona,88.119
5,2,2,34,66,Barcelona,88.534
6,12,0,32,66,Barcelona,88.708
7,10,0,32,66,Barcelona,88.456
8,14,1,37,66,Barcelona,88.703
9,11,2,40,66,Barcelona,89.475
10,14,1,37,66,Barcelona,89.546
11,19,1,43,66,Barcelona,90.777
12,7,0,36,66,Barcelona,89.571
13,10,0,43,66,Barcelona,89.348
14,3,2,35,66,Barcelona,89.176
15,14,2,32,66,Barcelona,89.283
16,2,0,39,66,Barcelona,89.234
17,3,2,34,66,Barcelona,92.728
18,7,1,33,66,Barcelona,105.488
19,10,1,31,66,Barcelona,87.169
20,5,1,32,66,Barcelona,87.312
21,10,0,37,66,Barcelona,87.383
22,8,1,43,66,Barcelona,87.419
23,12,1,39,66,Barcelona,88.06
24,7,0,41,66,Barcelona,87.722
25,13,0,34,66,Barcelona,88.409
26,12,1,35,66,Barcelona,88.498
27,15,1,42,66,Barcelona,88.642
28,8,0,41,66,Barcelona,88.61
29,6,2,32,66,Barcelona,87.972
30,2,2,34,66,Barcelona,88.328
31,10,2,32,66,Barcelona,87.92
32,1,0,36,66,Barcelona,88.276
33,7,1,44,66,Barcelona,88.393
34,17,1,38,66,Barcelona,88.047
35,14,0,37,66,Barcelona,88.288
36,9,0,42,66,Barcelona,88.433
37,1,0,34,66,Barcelona,92.252
38,19,1,34,66,Barcelona,104.438
39,10,0,32,66,Barcelona,86.649
40,17,1,30,66,Barcelona,86.9
41,19,2,39,66,Barcelona,86.816
42,5,0,44,66,Barcelona,87.184
43,8,0,36,66,Barcelona,86.957
44,5,0,33,66,Barcelona,86.945
45,4,2,33,66,Barcelona,86.913
46,16,1,35,66,Barcelona,86.808
47,19,1,42,66,Barcelona,87.183
48,5,0,30,66,Barcelona,86.915
49,4,0,39,66,Barcelona,88.557
50,8,0,43,66,Barcelona,87.39
51,3,1,38,66,Barcelona,87.607
52,18,1,35,66,Barcelona,87.648
53,4,1,44,66,Barcelona,90.735
54,4,0,32,66,Barcelona,105.742
55,13,0,33,66,Barcelona,84.108
56,9,2,39,66,Barcelona,85.885
57,1,1,35,66,Barcelona,85.567
58,15,1,42,66,Barcelona,85.714
59,8,0,38,66,Barcelona,86.108
60,10,2,42,66,Barcelona,86.026
61,18,1,32,66,Barcelona,86.367
62,14,2,34,66,Barcelona,86.036
63,11,0,32,66,Barcelona,86.218
64,10,1,44,66,Barcelona,85.752
65,18,0,41,66,Barcelona,86.096
66,16,0,33,66,Barcelona,86.056
1,17,1,41,66,Barcelona,92.878
2,8,2,30,66,Barcelona,88.431
3,14,0,42,66,Barcelona,88.145
4,7,0,37,66,Barcelona,88.127
5,2,1,43,66,Barcelona,88.385
6,3,0,36,66,Barcelona,88.613
7,7,0,42,66,Barcelona,103.795
8,6,1,31,66,Barcelona,90.09
9,13,1,43,66,Barcelona,90.381
10,5,1,44,66,Barcelona,94.685
11,3,0,37,66,Barcelona,105.81
12,18,1,39,66,Barcelona,87.632
13,15,1,44,66,Barcelona,89.103
14,8,0,33,66,Barcelona,87.967
15,18,2,32,66,Barcelona,88.067
16,13,1,35,66,Barcelona,88.318
17,4,2,32,66,Barcelona,89.416
18,12,1,41,66,Barcelona,88.192
19,10,0,36,66,Barcelona,88.476
20,7,2,41,66,Barcelona,88.728
21,14,2,37,66,Barcelona,89.122
22,9,0,40,66,Barcelona,88.971
23,4,0,41,66,Barcelona,89.078
24,4,2,32,66,Barcelona,88.204
25,5,1,31,66,Barcelona,88.739
26,12,2,40,66,Barcelona,88.755
27,14,2,37,66,Barcelona,88.548
28,2,1,37,66,Barcelona,88.654
29,3,1,37,66,Barcelona,89.525
30,19,0,30,66,Barcelona,88.827
31,4,2,44,66,Barcelona,92.7
32,14,1,38,66,Barcelona,105.94
33,11,2,33,66,Barcelona,86.673
34,1,0,41,66,Barcelona,86.627
35,10,2,39,66,Barcelona,87.053
36,14,0,42,66,Barcelona,86.849
37,5,0,37,66,Barcelona,86.837
38,16,1,40,66,Barcelona,86.915
39,2,2,41,66,Barcelona,87.165
40,19,0,38,66,Barcelona,87.633
41,18,1,33,66,Barcelona,87.834
42,8,2,37,66,Barcelona,87.95
43,15,0,37,66,Barcelona,88.058
44,18,0,35,66,Barcelona,88.125
45,5,1,38,66,Barcelona,91.806
46,19,0,38,66,Barcelona,104.598
47,17,0,40,66,Barcelona,86.345
48,5,0,31,66,Barcelona,86.171
49,3,2,37,66,Barcelona,85.985
50,4,2,34,66,Barcelona,86.281
51,15,2,33,66,Barcelona,86.216
52,4,2,37,66,Barcelona,86.136
53,1,1,41,66,Barcelona,86.437
54,6,0,37,66,Barcelona,86.455
55,11,1,39,66,Barcelona,86.302
56,14,2,39,66,Barcelona,86.76
57,16,1,33,66,Barcelona,87.691
58,5,0,35,66,Barcelona,86.051
59,15,2,33,66,Barcelona,87.298
60,2,0,32,66,Barcelona,88.388
61,9,2,31,66,Barcelona,87.394
62,11,1,41,66,Barcelona,87.366
63,6,2,32,66,Barcelona,87.865
64,12,0,30,66,Barcelona,88.256
65,2,1,33,66,Barcelona,87.64
66,13,0,34,66,Barcelona,88.221
1,19,1,40,66,Barcelona,94.018
2,1,2,30,66,Barcelona,89.013
3,8,1,41,66,Barcelona,89.329
4,1,2,33,66,Barcelona,90.6
5,15,1,33,66,Barcelona,90.017
6,5,2,44,66,Barcelona,90.939
7,14,0,35,66,Barcelona,90.338
8,18,0,40,66,Barcelona,90.32
9,9,0,38,66,Barcelona,90.732
10,7,1,36,66,Barcelona,92.107
11,12,1,35,66,Barcelona,90.888
12,3,1,44,66,Barcelona,94.895
13,15,0,43,66,Barcelona,109.062
14,12,0,34,66,Barcelona,89.048
15,14,2,43,66,Barcelona,89.453
16,6,0,30,66,Barcelona,89.815
17,15,1,39,66,Barcelona,90.113
18,8,1,41,66,Barcelona,89.688
19,6,0,41,66,Barcelona,89.215
20,3,1,41,66,Barcelona,90.038
21,1,1,31,66,Barcelona,90.042
22,15,2,32,66,Barcelona,90.122
23,14,1,30,66,Barcelona,89.993
24,9,0,41,66,Barcelona,89.768
25,13,1,39,66,Barcelona,89.97
26,3,0,30,66,Barcelona,90.457
27,5,2,40,66,Barcelona,90.17
28,6,0,42,66,Barcelona,90.905
29,15,0,32,66,Barcelona,90.515
30,1,0,39,66,Barcelona,94.265
31,10,0,30,66,Barcelona,106.912
32,11,1,31,66,Barcelona,87.447
33,8,2,44,66,Barcelona,87.654
34,4,0,44,66,Barcelona,87.939
35,16,1,37,66,Barcelona,88.456
36,17,1,35,66,Barcelona,88.359
37,1,0,33,66,Barcelona,88.609
38,9,0,30,66,Barcelona,88.703
39,14,2,37,66,Barcelona,89.311
40,7,0,35,66,Barcelona,89.501
41,10,2,34,66,Barcelona,89.351
42,11,1,37,66,Barcelona,88.695
43,15,0,42,66,Barcelona,88.835
44,1,1,43,66,Barcelona,89.146
45,18,2,31,66,Barcelona,88.939
46,18,1,37,66,Barcelona,89.038
47,10,0,38,66,Barcelona,89.074
48,14,1,41,66,Barcelona,88.779
49,8,1,40,66,Barcelona,89.192
50,7,1,33,66,Barcelona,89.326
51,11,0,32,66,Barcelona,88.974
52,19,2,30,66,Barcelona,89.255
53,3,1,38,66,Barcelona,90.819
54,16,0,35,66,Barcelona,88.916
55,1,0,42,66,Barcelona,90.575
56,19,1,41,66,Barcelona,90.482
57,15,1,39,66,Barcelona,89.673
58,16,0,30,66,Barcelona,90.104
59,12,1,31,66,Barcelona,91.964
60,14,1,44,66,Barcelona,89.737
61,16,0,43,66,Barcelona,92.02
62,16,2,38,66,Barcelona,90.413
63,7,2,36,66,Barcelona,89.727
64,11,1,36,66,Barcelona,91.005
65,19,0,35,66,Barcelona,91.153
1,14,1,34,66,Barcelona,94.684
2,11,0,30,66,Barcelona,89.46
3,13,0,35,66,Barcelona,88.709
4,18,1,38,66,Barcelona,88.499
5,15,0,44,66,Barcelona,88.999
6,7,2,38,66,Barcelona,88.984
7,8,2,33,66,Barcelona,89.508
8,19,2,37,66,Barcelona,89.083
9,13,0,30,66,Barcelona,89.517
10,6,2,38,66,Barcelona,89.63
11,3,1,40,66,Barcelona,89.147
12,3,1,41,66,Barcelona,89.414
13,2,0,43,66,Barcelona,89.267
14,15,1,36,66,Barcelona,93.231
15,19,1,42,66,Barcelona,107.922
16,8,2,30,66,Barcelona,88.392
17,2,2,38,66,Barcelona,88.276
18,6,2,43,66,Barcelona,88.537
19,18,2,44,66,Barcelona,88.389
20,1,1,32,66,Barcelona,88.55
21,4,0,39,66,Barcelona,88.613
22,9,1,42,66,Barcelona,88.189
23,8,1,41,66,Barcelona,88.803
24,7,0,44,66,Barcelona,88.563
25,11,1,34,66,Barcelona,88.699
26,16,2,41,66,Barcelona,88.576
27,12,1,40,66,Barcelona,88.508
28,7,0,39,66,Barcelona,89.057
29,9,0,32,66,Barcelona,88.695
30,7,0,42,66,Barcelona,88.692
31,19,0,33,66,Barcelona,89.25
32,13,2,32,66,Barcelona,88.803
33,1,1,30,66,Barcelona,89.322
34,7,0,37,66,Barcelona,92.22
35,2,1,36,66,Barcelona,106.198
36,10,2,42,66,Barcelona,86.395
37,14,1,34,66,Barcelona,87.343
38,1,2,31,66,Barcelona,87.335
39,14,2,41,66,Barcelona,87.314
40,19,2,41,66,Barcelona,87.449
41,1,2,42,66,Barcelona,88.315
42,9,1,30,66,Barcelona,87.646
43,3,1,44,66,Barcelona,88.174
44,15,2,39,66,Barcelona,87.999
45,4,2,39,66,Barcelona,88.259
46,8,0,40,66,Barcelona,88.512
47,12,2,39,66,Barcelona,88.374
48,15,2,32,66,Barcelona,88.364
49,17,2,39,66,Barcelona,88.448
50,10,0,35,66,Barcelona,88.275
51,2,2,31,66,Barcelona,88.13
52,8,2,30,66,Barcelona,88.684
53,2,0,42,66,Barcelona,89.717
54,6,2,34,66,Barcelona,87.948
55,12,2,42,66,Barcelona,87.842
56,6,0,33,66,Barcelona,87.657
57,8,0,34,66,Barcelona,88.149
58,7,1,39,66,Barcelona,90.459
59,1,1,31,66,Barcelona,88.471
60,3,1,42,66,Barcelona,88.522
61,19,2,30,66,Barcelona,88.748
62,3,1,32,66,Barcelona,89.055
63,8,0,40,66,Barcelona,88.844
64,11,1,36,66,Barcelona,89.289
65,6,1,33,66,Barcelona,89.97
66,8,0,31,66,Barcelona,90.378
1,14,0,33,66,Barcelona,95.429
2,8,1,36,66,Barcelona,89.663
3,12,2,35,66,Barcelona,89.28
4,2,0,42,66,Barcelona,89.651
5,13,0,40,66,Barcelona,90.979
6,17,2,32,66,Barcelona,89.981
7,14,1,39,66,Barcelona,90.399
8,4,0,37,66,Barcelona,90.159
9,9,1,42,66,Barcelona,91.767
10,11,1,41,66,Barcelona,91.519
11,9,2,41,66,Barcelona,95.648
12,17,0,35,66,Barcelona,107.813
13,5,1,30,66,Barcelona,89.034
14,9,1,40,66,Barcelona,89.366
15,4,1,42,66,Barcelona,89.387
16,18,0,44,66,Barcelona,89.861
17,7,2,33,66,Barcelona,89.864
18,16,0,31,66,Barcelona,90.118
19,17,0,35,66,Barcelona,91.258
20,15,0,39,66,Barcelona,90.123
21,10,1,42,66,Barcelona,90.173
22,9,0,39,66,Barcelona,90.139
23,16,1,35,66,Barcelona,90.16
24,18,2,40,66,Barcelona,89.992
25,2,1,35,66,Barcelona,90.297
26,18,1,40,66,Barcelona,90.299
27,1,2,34,66,Barcelona,90.188
28,12,2,43,66,Barcelona,90.606
29,8,1,43,66,Barcelona,90.702
30,2,1,35,66,Barcelona,90.342
31,1,1,32,66,Barcelona,94.152
32,16,2,44,66,Barcelona,107.364
33,6,1,36,66,Barcelona,88.741
34,2,0,37,66,Barcelona,88.271
35,13,1,41,66,Barcelona,88.397
36,9,2,36,66,Barcelona,88.475
37,4,1,30,66,Barcelona,88.418
38,7,1,30,66,Barcelona,88.575
39,13,1,35,66,Barcelona,88.594
40,18,1,42,66,Barcelona,88.871
41,14,1,38,66,Barcelona,89.17
42,15,0,34,66,Barcelona,88.95
43,11,0,41,66,Barcelona,89.014
44,11,0,39,66,Barcelona,89.384
45,14,1,42,66,Barcelona,89.152
46,5,1,43,66,Barcelona,89.303
47,15,1,39,66,Barcelona,89.148
48,14,1,41,66,Barcelona,92.494
49,3,2,38,66,Barcelona,107.158
50,17,0,33,66,Barcelona,87.636
51,8,2,34,66,Barcelona,87.36
52,8,1,32,66,Barcelona,87.388
53,3,1,41,66,Barcelona,87.376
54,3,0,43,66,Barcelona,87.285
55,13,1,32,66,Barcelona,88.545
56,6,2,32,66,Barcelona,89.196
57,10,0,44,66,Barcelona,89.49
58,2,0,41,66,Barcelona,88.071
59,7,1,31,66,Barcelona,87.956
60,2,1,42,66,Barcelona,88.076
61,15,1,34,66,Barcelona,88.175
62,18,1,33,66,Barcelona,88.526
63,11,0,43,66,Barcelona,89.164
64,16,0,32,66,Barcelona,89.12
65,7,1,39,66,Barcelona,88.96
1,1,2,32,66,Barcelona,95.905
2,8,1,41,66,Barcelona,89.962
3,14,1,40,66,Barcelona,89.434
4,5,1,43,66,Barcelona,89.087
5,6,2,30,66,Barcelona,88.992
6,2,1,33,66,Barcelona,88.76
7,6,1,44,66,Barcelona,89.725
8,13,1,33,66,Barcelona,89.294
9,8,0,31,66,Barcelona,89.822
10,19,0,30,66,Barcelona,89.671
11,9,2,44,66,Barcelona,89.666
12,8,1,32,66,Barcelona,89.693
13,12,2,32,66,Barcelona,93.395
14,3,2,44,66,Barcelona,106.958
15,2,2,39,66,Barcelona,88.845
16,14,0,34,66,Barcelona,89.026
17,14,1,31,66,Barcelona,88.689
18,19,2,30,66,Barcelona,88.997
19,13,0,31,66,Barcelona,88.888
20,1,2,36,66,Barcelona,89.122
21,10,1,36,66,Barcelona,89.237
22,7,2,44,66,Barcelona,89.169
23,9,1,36,66,Barcelona,89.515
24,10,1,43,66,Barcelona,90.197
25,5,0,31,66,Barcelona,89.551
26,7,2,30,66,Barcelona,89.641
27,10,0,39,66,Barcelona,89.504
28,11,1,44,66,Barcelona,89.942
29,1,0,30,66,Barcelona,89.786
30,18,2,37,66,Barcelona,89.672
31,19,2,40,66,Barcelona,91.062
32,2,2,38,66,Barcelona,89.863
33,17,2,44,66,Barcelona,89.663
34,1,0,31,66,Barcelona,89.418
35,19,2,35,66,Barcelona,93.452
36,4,0,33,66,Barcelona,106.285
37,1,1,36,66,Barcelona,87.027
38,19,1,44,66,Barcelona,87.438
39,19,0,33,66,Barcelona,87.481
40,2,2,34,66,Barcelona,87.301
41,10,1,38,66,Barcelona,87.642
42,11,1,34,66,Barcelona,87.49
43,5,2,41,66,Barcelona,87.719
44,17,2,43,66,Barcelona,87.789
45,7,2,37,66,Barcelona,88.247
46,1,2,36,66,Barcelona,88.233
47,12,2,43,66,Barcelona,89.064
48,15,1,39,66,Barcelona,88.091
49,4,2,37,66,Barcelona,87.841
50,5,0,34,66,Barcelona,88.147
51,7,0,39,66,Barcelona,88.627
52,19,1,38,66,Barcelona,92.228
53,3,1,38,66,Barcelona,104.279
54,1,1,44,66,Barcelona,85.935
55,12,2,39,66,Barcelona,86.174
56,18,1,39,66,Barcelona,86.219
57,17,0,44,66,Barcelona,86.456
58,12,1,40,66,Barcelona,87.126
59,14,2,30,66,Barcelona,86.364
60,13,2,44,66,Barcelona,87.207
61,9,1,36,66,Barcelona,87.211
62,17,1,40,66,Barcelona,87.104
63,18,2,37,66,Barcelona,87.644
64,1,1,39,66,Barcelona,87.829
65,12,2,30,66,Barcelona,87.852
66,2,1,40,66,Barcelona,88.219
1,18,2,41,66,Barcelona,96.471
2,14,1,39,66,Barcelona,90.317
3,6,1,35,66,Barcelona,89.87
4,4,1,31,66,Barcelona,89.647
5,10,1,37,66,Barcelona,89.915
6,16,0,41,66,Barcelona,89.796
7,8,0,44,66,Barcelona,90.165
8,14,1,43,66,Barcelona,89.859
9,2,1,44,66,Barcelona,89.795
10,19,1,39,66,Barcelona,89.857
11,15,1,35,66,Barcelona,90.049
12,13,2,36,66,Barcelona,92.651
13,17,1,31,66,Barcelona,107.09
14,19,2,33,66,Barcelona,90.999
15,10,2,35,66,Barcelona,89.179
16,19,0,37,66,Barcelona,89.313
17,11,2,40,66,Barcelona,89.496
18,15,2,41,66,Barcelona,89.216
19,3,1,42,66,Barcelona,89.621
20,14,0,43,66,Barcelona,89.942
21,19,2,35,66,Barcelona,90.024
22,16,1,44,66,Barcelona,88.88
23,18,2,42,66,Barcelona,89.509
24,13,0,33,66,Barcelona,89.298
25,17,0,36,66,Barcelona,89.186
26,2,0,35,66,Barcelona,89.555
27,16,1,34,66,Barcelona,89.201
28,13,0,31,66,Barcelona,89.681
29,8,1,42,66,Barcelona,89.371
30,10,0,41,66,Barcelona,89.6
31,15,1,38,66,Barcelona,89.122
32,16,0,33,66,Barcelona,89.309
33,14,2,40,66,Barcelona,92.718
34,2,1,37,66,Barcelona,109.283
35,2,1,40,66,Barcelona,88.724
36,1,2,36,66,Barcelona,88.221
37,8,0,38,66,Barcelona,87.683
38,11,1,32,66,Barcelona,88.069
39,14,1,42,66,Barcelona,87.116
40,16,0,32,66,Barcelona,87.28
41,5,1,44,66,Barcelona,87.573
42,14,0,41,66,Barcelona,87.813
43,11,1,38,66,Barcelona,87.975
44,1,2,34,66,Barcelona,87.777
45,13,1,34,66,Barcelona,87.858
46,3,2,43,66,Barcelona,88.437
47,12,1,39,66,Barcelona,88.114
48,9,1,36,66,Barcelona,88.617
49,12,2,36,66,Barcelona,89.543
50,6,2,35,66,Barcelona,88.469
51,18,1,44,66,Barcelona,91.363
52,9,0,39,66,Barcelona,104.828
53,8,2,35,66,Barcelona,85.619
54,7,2,40,66,Barcelona,85.859
55,8,1,42,66,Barcelona,85.87
56,2,0,34,66,Barcelona,86.164
57,16,0,38,66,Barcelona,85.906
58,10,0,36,66,Barcelona,86.746
59,12,2,33,66,Barcelona,87.704
60,13,2,38,66,Barcelona,87.663
61,14,2,33,66,Barcelona,88.045
62,11,0,38,66,Barcelona,87.581
63,3,2,37,66,Barcelona,87.64
64,5,1,33,66,Barcelona,87.917
65,2,2,44,66,Barcelona,88.372
66,10,1,35,66,Barcelona,89.179
1,11,0,39,66,Barcelona,97.032
2,9,2,32,66,Barcelona,90.603
3,7,0,30,66,Barcelona,89.864
4,9,1,43,66,Barcelona,89.457
5,10,1,39,66,Barcelona,90.038
6,7,2,40,66,Barcelona,90.018
7,12,2,34,66,Barcelona,90.32
8,2,1,30,66,Barcelona,90.237
9,6,0,31,66,Barcelona,90.644
10,14,2,37,66,Barcelona,90.872
11,18,2,31,66,Barcelona,93.713
12,12,1,40,66,Barcelona,108.5
13,16,2,36,66,Barcelona,88.956
14,3,0,34,66,Barcelona,88.671
15,14,0,40,66,Barcelona,89.201
16,2,1,30,66,Barcelona,89.23
17,14,0,42,66,Barcelona,89.295
18,12,1,43,66,Barcelona,89.249
19,10,0,43,66,Barcelona,89.691
20,15,2,40,66,Barcelona,89.43
21,17,1,40,66,Barcelona,89.778
22,19,0,41,66,Barcelona,89.485
23,17,1,41,66,Barcelona,89.96
24,19,2,33,66,Barcelona,89.536
25,16,0,36,66,Barcelona,89.884
26,17,2,42,66,Barcelona,90.021
27,6,0,38,66,Barcelona,89.746
28,5,1,35,66,Barcelona,89.653
29,10,2,34,66,Barcelona,89.742
30,19,2,43,66,Barcelona,89.796
31,3,1,41,66,Barcelona,89.48
32,17,0,40,66,Barcelona,93.438
33,12,1,43,66,Barcelona,107.423
34,18,2,31,66,Barcelona,89.888
35,11,0,43,66,Barcelona,88.625
36,6,2,41,66,Barcelona,88.304
37,10,2,44,66,Barcelona,88.036
38,11,0,34,66,Barcelona,88.142
39,17,1,33,66,Barcelona,88.255
40,7,1,40,66,Barcelona,88.531
41,7,1,31,66,Barcelona,88.571
42,16,2,40,66,Barcelona,88.416
43,14,1,39,66,Barcelona,88.513
44,1,1,31,66,Barcelona,88.316
45,5,1,39,66,Barcelona,88.34
46,9,0,32,66,Barcelona,88.019
47,9,0,33,66,Barcelona,87.877
48,19,2,34,66,Barcelona,88.182
49,16,1,34,66,Barcelona,88.441
50,14,2,36,66,Barcelona,88.615
51,16,1,36,66,Barcelona,88.793
52,17,1,44,66,Barcelona,92.915
53,18,1,40,66,Barcelona,105.466
54,3,1,30,66,Barcelona,87.131
55,15,1,44,66,Barcelona,87.474
56,15,2,38,66,Barcelona,87.078
57,8,1,32,66,Barcelona,86.859
58,3,1,37,66,Barcelona,86.974
59,5,0,33,66,Barcelona,86.828
60,17,0,41,66,Barcelona,87.151
61,3,2,43,66,Barcelona,87.334
62,9,2,43,66,Barcelona,87.784
63,2,1,42,66,Barcelona,87.159
64,19,0,32,66,Barcelona,87.826
65,14,0,33,66,Barcelona,88.314
1,10,0,38,66,Barcelona,97.54
2,18,1,31,66,Barcelona,90.898
3,2,2,33,66,Barcelona,89.831
4,18,0,35,66,Barcelona,89.589
5,12,2,37,66,Barcelona,89.981
6,13,2,41,66,Barcelona,89.945
7,11,1,30,66,Barcelona,91.338
8,19,1,32,66,Barcelona,90.773
9,4,0,35,66,Barcelona,91.738
10,10,2,42,66,Barcelona,95.542
11,10,0,30,66,Barcelona,106.89
12,19,1,43,66,Barcelona,89.513
13,1,2,40,66,Barcelona,90.112
14,16,1,42,66,Barcelona,89.332
15,17,1,37,66,Barcelona,89.404
16,4,2,44,66,Barcelona,89.868
17,11,2,33,66,Barcelona,89.961
18,10,2,39,66,Barcelona,90.089
19,11,2,31,66,Barcelona,90.447
20,13,2,33,66,Barcelona,90.364
21,10,2,40,66,Barcelona,90.531
22,19,0,36,66,Barcelona,91.754
23,13,1,31,66,Barcelona,90.36
24,16,1,39,66,Barcelona,90.532
25,18,1,32,66,Barcelona,90.252
26,17,1,42,66,Barcelona,90.82
27,1,0,38,66,Barcelona,91.82
28,19,1,40,66,Barcelona,90.191
29,1,2,38,66,Barcelona,94.406
30,7,0,32,66,Barcelona,112.145
31,16,0,36,66,Barcelona,88.16
32,10,1,32,66,Barcelona,88.005
33,10,1,33,66,Barcelona,88.19
34,3,1,37,66,Barcelona,88.216
35,7,2,32,66,Barcelona,88.136
36,13,0,30,66,Barcelona,88.448
37,14,0,34,66,Barcelona,88.327
38,11,1,31,66,Barcelona,88.808
39,16,0,41,66,Barcelona,88.632
40,5,2,32,66,Barcelona,88.617
41,9,0,30,66,Barcelona,90.683
42,12,0,32,66,Barcelona,88.748
43,14,2,44,66,Barcelona,88.986
44,8,0,43,66,Barcelona,88.985
45,4,0,41,66,Barcelona,90.422
46,17,0,30,66,Barcelona,93.241
47,16,0,31,66,Barcelona,106.282
48,3,1,30,66,Barcelona,87.003
49,16,1,40,66,Barcelona,87.243
50,15,2,38,66,Barcelona,87.025
51,1,2,32,66,Barcelona,86.987
52,19,1,43,66,Barcelona,86.998
53,11,1,30,66,Barcelona,87.009
54,6,1,34,66,Barcelona,87.275
55,14,0,37,66,Barcelona,89.596
56,5,0,30,66,Barcelona,89.681
57,13,1,41,66,Barcelona,88.002
58,7,2,33,66,Barcelona,87.911
59,16,1,42,66,Barcelona,88.154
60,12,1,37,66,Barcelona,88.3
61,12,1,40,66,Barcelona,88.145
62,1,2,35,66,Barcelona,88.352
63,6,0,32,66,Barcelona,88.873
64,8,2,35,66,Barcelona,89.664
65,16,1,40,66,Barcelona,88.352
1,8,0,40,66,Barcelona,97.914
2,19,2,39,66,Barcelona,90.959
3,19,0,33,66,Barcelona,90.09
4,6,0,40,66,Barcelona,89.876
5,12,2,36,66,Barcelona,90.074
6,18,2,40,66,Barcelona,90.45
7,14,1,40,66,Barcelona,91.635
8,17,0,43,66,Barcelona,90.72
9,3,1,42,66,Barcelona,91.1
10,7,1,42,66,Barcelona,91.398
11,19,1,39,66,Barcelona,90.561
12,17,2,33,66,Barcelona,90.542
13,10,2,30,66,Barcelona,90.444
14,6,0,31,66,Barcelona,90.653
15,2,1,34,66,Barcelona,90.948
16,1,1,42,66,Barcelona,90.37
17,14,2,41,66,Barcelona,91.784
18,9,0,44,66,Barcelona,91.338
19,8,2,40,66,Barcelona,90.47
20,1,0,37,66,Barcelona,90.645
21,4,1,36,66,Barcelona,94.637
22,13,2,44,66,Barcelona,107.632
23,8,0,43,66,Barcelona,89.014
24,14,1,32,66,Barcelona,88.814
25,13,0,34,66,Barcelona,88.8
26,14,0,30,66,Barcelona,89.347
27,4,1,32,66,Barcelona,90.684
28,12,2,35,66,Barcelona,89.055
29,8,0,43,66,Barcelona,90.368
30,13,2,39,66,Barcelona,89.393
31,11,1,34,66,Barcelona,88.715
32,14,0,30,66,Barcelona,88.556
33,2,1,30,66,Barcelona,88.729
34,11,2,44,66,Barcelona,88.676
35,11,2,31,66,Barcelona,88.624
36,14,2,42,66,Barcelona,89.603
37,10,1,33,66,Barcelona,88.58
38,17,0,34,66,Barcelona,88.876
39,5,0,43,66,Barcelona,89.96
40,13,2,42,66,Barcelona,89.423
41,3,0,32,66,Barcelona,89.357
42,1,0,35,66,Barcelona,93.219
43,15,1,40,66,Barcelona,107.252
44,12,2,37,66,Barcelona,87.857
45,14,1,41,66,Barcelona,88.152
46,11,2,43,66,Barcelona,88.283
47,9,0,43,66,Barcelona,88.027
48,18,2,43,66,Barcelona,88.012
49,3,2,37,66,Barcelona,88.126
50,7,1,38,66,Barcelona,89.925
51,12,1,40,66,Barcelona,90.404
52,8,2,36,66,Barcelona,88.248
53,7,2,40,66,Barcelona,89.008
54,15,1,39,66,Barcelona,88.35
55,15,1,32,66,Barcelona,88.187
56,16,2,38,66,Barcelona,88.392
57,18,1,34,66,Barcelona,88.67
58,7,0,43,66,Barcelona,89.301
59,17,1,37,66,Barcelona,87.629
60,1,1,32,66,Barcelona,89.599
61,14,1,41,66,Barcelona,88.249
62,8,1,36,66,Barcelona,88.376
63,19,0,42,66,Barcelona,88.465
64,10,2,34,66,Barcelona,88.353
65,3,1,40,66,Barcelona,88.2
1,16,0,42,66,Barcelona,98.434
2,8,2,42,66,Barcelona,91.063
3,5,0,33,66,Barcelona,90.49
4,13,1,41,66,Barcelona,89.978
5,2,0,32,66,Barcelona,91.223
6,18,1,43,66,Barcelona,91.457
7,3,1,32,66,Barcelona,91.49
8,5,2,39,66,Barcelona,90.867
9,5,1,43,66,Barcelona,91.22
10,10,1,35,66,Barcelona,91.32
11,4,2,36,66,Barcelona,90.851
12,14,0,35,66,Barcelona,90.736
13,19,0,38,66,Barcelona,90.433
14,2,0,36,66,Barcelona,94.527
15,18,1,31,66,Barcelona,109.072
16,11,2,37,66,Barcelona,88.761
17,11,1,38,66,Barcelona,88.888
18,4,1,31,66,Barcelona,88.532
19,2,2,37,66,Barcelona,89.025
20,16,0,39,66,Barcelona,89.374
21,7,1,41,66,Barcelona,89.964
22,18,1,32,66,Barcelona,90.203
23,19,2,43,66,Barcelona,89.298
24,3,2,38,66,Barcelona,89.992
25,19,1,42,66,Barcelona,89.957
26,9,1,31,66,Barcelona,90.687
27,17,0,31,66,Barcelona,105.403
28,11,0,39,66,Barcelona,110.401
29,10,1,41,66,Barcelona,89.823
30,2,2,35,66,Barcelona,88.99
31,16,2,43,66,Barcelona,88.943
32,1,1,32,66,Barcelona,89.034
33,19,1,34,66,Barcelona,88.746
34,13,0,43,66,Barcelona,88.744
35,14,1,41,66,Barcelona,90.825
36,12,0,41,66,Barcelona,88.816
37,7,2,42,66,Barcelona,88.436
38,10,1,40,66,Barcelona,88.865
39,1,1,41,66,Barcelona,89.218
40,9,1,44,66,Barcelona,89.108
41,19,0,40,66,Barcelona,88.85
42,17,0,40,66,Barcelona,90.363
43,15,1,31,66,Barcelona,90.323
44,3,1,37,66,Barcelona,92.587
45,2,1,30,66,Barcelona,89.851
46,10,0,35,66,Barcelona,93.415
47,14,0,36,66,Barcelona,107.64
48,14,0,34,66,Barcelona,87.376
49,7,1,44,66,Barcelona,89.066
50,9,2,34,66,Barcelona,88.026
51,11,1,44,66,Barcelona,87.943
52,3,1,41,66,Barcelona,89.291
53,6,1,33,66,Barcelona,86.916
54,10,0,34,66,Barcelona,86.876
55,1,2,35,66,Barcelona,87.677
56,4,2,36,66,Barcelona,88.016
57,19,0,39,66,Barcelona,87.733
58,10,0,32,66,Barcelona,88.243
59,3,1,31,66,Barcelona,88.217
60,19,1,35,66,Barcelona,88.025
61,7,1,41,66,Barcelona,88.153
62,18,1,36,66,Barcelona,88.487
63,15,1,41,66,Barcelona,88.624
64,18,1,35,66,Barcelona,88.064
65,8,0,38,66,Barcelona,89.85
1,10,1,41,66,Barcelona,99.123
2,10,2,40,66,Barcelona,90.932
3,9,2,39,66,Barcelona,90.573
4,14,2,33,66,Barcelona,89.627
5,16,0,30,66,Barcelona,89.174
6,19,1,37,66,Barcelona,90.389
7,15,2,41,66,Barcelona,89.656
8,11,2,41,66,Barcelona,90.653
9,9,0,37,66,Barcelona,89.669
10,12,2,38,66,Barcelona,94.566
11,6,2,44,66,Barcelona,107.116
12,1,1,42,66,Barcelona,88.932
13,17,0,37,66,Barcelona,89.343
14,2,1,32,66,Barcelona,89.992
15,1,2,44,66,Barcelona,89.508
16,10,2,35,66,Barcelona,89.74
17,6,2,35,66,Barcelona,89.62
18,7,1,37,66,Barcelona,89.783
19,9,2,31,66,Barcelona,89.681
20,3,1,40,66,Barcelona,89.82
21,6,2,37,66,Barcelona,89.888
22,18,0,31,66,Barcelona,89.737
23,1,0,34,66,Barcelona,89.763
24,14,1,33,66,Barcelona,89.738
25,4,0,37,66,Barcelona,89.732
26,12,1,31,66,Barcelona,90.135
27,4,0,39,66,Barcelona,89.815
28,14,2,32,66,Barcelona,89.914
29,11,0,33,66,Barcelona,89.714
30,1,1,30,66,Barcelona,89.996
31,12,1,37,66,Barcelona,93.694
32,19,2,42,66,Barcelona,105.671
33,4,2,38,66,Barcelona,87.707
34,7,2,35,66,Barcelona,87.898
35,17,2,33,66,Barcelona,88.735
36,9,1,37,66,Barcelona,88.382
37,11,2,42,66,Barcelona,88.053
38,13,1,30,66,Barcelona,88.089
39,3,0,39,66,Barcelona,88.234
40,14,0,34,66,Barcelona,88.445
41,18,0,44,66,Barcelona,88.339
42,10,0,32,66,Barcelona,88.995
43,17,0,33,66,Barcelona,87.271
44,3,1,36,66,Barcelona,87.764
45,2,0,31,66,Barcelona,87.693
46,17,1,39,66,Barcelona,87.715
47,14,0,31,66,Barcelona,87.855
48,1,2,32,66,Barcelona,87.849
49,18,0,42,66,Barcelona,88.119
50,18,0,30,66,Barcelona,88.296
51,14,1,38,66,Barcelona,88.039
52,15,0,37,66,Barcelona,88.164
53,1,0,41,66,Barcelona,91.991
54,16,0,33,66,Barcelona,108.172
55,4,2,42,66,Barcelona,86.819
56,19,2,30,66,Barcelona,86.599
57,12,2,32,66,Barcelona,86.792
58,3,1,42,66,Barcelona,86.789
59,8,1,37,66,Barcelona,86.611
60,1,1,33,66,Barcelona,86.926
61,6,1,37,66,Barcelona,87.384
62,13,1,30,66,Barcelona,87.719
63,4,1,36,66,Barcelona,87.421
64,19,1,31,66,Barcelona,88.493
65,1,0,44,66,Barcelona,88.27
1,2,0,33,66,Barcelona,99.503
2,17,0,40,66,Barcelona,91.252
3,14,1,38,66,Barcelona,91.561
4,6,0,42,66,Barcelona,90.224
5,15,0,35,66,Barcelona,90.495
6,11,2,35,66,Barcelona,91.25
7,17,2,44,66,Barcelona,91.389
8,18,2,40,66,Barcelona,91.244
9,13,1,32,66,Barcelona,91.741
10,14,0,36,66,Barcelona,91.667
11,11,2,33,66,Barcelona,94.915
12,5,1,44,66,Barcelona,108.446
13,11,1,43,66,Barcelona,89.34
14,9,1,35,66,Barcelona,89.639
15,8,0,30,66,Barcelona,90.237
16,9,1,30,66,Barcelona,91.254
17,16,2,37,66,Barcelona,91.213
18,10,1,42,66,Barcelona,91.167
19,15,0,32,66,Barcelona,91.396
20,15,1,36,66,Barcelona,91.912
21,12,0,36,66,Barcelona,92.144
22,7,0,39,66,Barcelona,92.098
23,2,0,32,66,Barcelona,91.525
24,16,1,43,66,Barcelona,91.595
25,10,0,44,66,Barcelona,95.378
26,19,1,38,66,Barcelona,108.293
27,2,2,35,66,Barcelona,89.46
28,1,1,41,66,Barcelona,89.605
29,18,0,31,66,Barcelona,89.801
30,14,2,39,66,Barcelona,89.939
31,3,2,33,66,Barcelona,90.928
32,4,2,31,66,Barcelona,90.177
33,8,0,32,66,Barcelona,91.53
34,14,1,35,66,Barcelona,90.018
35,18,1,35,66,Barcelona,89.893
36,5,2,39,66,Barcelona,89.988
37,19,1,32,66,Barcelona,91.314
38,16,0,43,66,Barcelona,90.364
39,11,1,44,66,Barcelona,90.624
40,2,2,39,66,Barcelona,93.007
41,4,0,39,66,Barcelona,90.916
42,14,0,43,66,Barcelona,91.363
43,6,1,34,66,Barcelona,91.617
44,3,0,32,66,Barcelona,90.755
45,3,1,37,66,Barcelona,94.44
46,14,2,43,66,Barcelona,109.747
47,17,0,37,66,Barcelona,88.903
48,4,1,34,66,Barcelona,89.331
49,1,1,38,66,Barcelona,89.333
50,4,1,38,66,Barcelona,89.544
51,11,2,37,66,Barcelona,89.287
52,15,2,42,66,Barcelona,90.629
53,7,1,41,66,Barcelona,89.561
54,2,0,33,66,Barcelona,94.61
55,17,0,39,66,Barcelona,109.761
56,8,0,41,66,Barcelona,88.281
57,17,2,37,66,Barcelona,88.493
58,3,0,32,66,Barcelona,88.79
59,1,1,44,66,Barcelona,88.712
60,1,0,30,66,Barcelona,90.057
61,17,1,30,66,Barcelona,89.229
62,19,1,44,66,Barcelona,90.496
63,7,1,34,66,Barcelona,89.829
64,18,1,32,66,Barcelona,89.593
1,6,1,37,66,Barcelona,99.84
2,13,2,31,66,Barcelona,91.212
3,12,2,39,66,Barcelona,90.169
4,18,1,39,66,Barcelona,89.824
5,8,0,34,66,Barcelona,90.451
6,16,1,35,66,Barcelona,90.711
7,15,1,41,66,Barcelona,90.865
8,11,1,36,66,Barcelona,90.614
9,3,1,41,66,Barcelona,90.975
10,7,0,34,66,Barcelona,94.924
11,1,1,44,66,Barcelona,107.447
12,3,0,39,66,Barcelona,88.415
13,19,2,41,66,Barcelona,89.842
14,5,1,34,66,Barcelona,89.488
15,18,2,34,66,Barcelona,89.12
16,16,1,35,66,Barcelona,89.711
17,13,1,33,66,Barcelona,89.587
18,16,0,32,66,Barcelona,89.745
19,8,0,40,66,Barcelona,90.566
20,1,1,44,66,Barcelona,90.247
21,14,0,43,66,Barcelona,90.375
22,5,1,31,66,Barcelona,90.033
23,6,0,37,66,Barcelona,90.005
24,6,2,32,66,Barcelona,89.869
25,16,0,44,66,Barcelona,90.114
26,12,1,41,66,Barcelona,90.163
27,16,1,37,66,Barcelona,89.942
28,9,2,33,66,Barcelona,111.317
1,3,2,36,66,Barcelona,100.512
2,19,1,31,66,Barcelona,91.197
3,16,0,39,66,Barcelona,91.102
4,14,2,34,66,Barcelona,90.425
5,7,2,40,66,Barcelona,90.854
6,11,2,35,66,Barcelona,91.335
7,18,0,31,66,Barcelona,91.34
8,14,2,33,66,Barcelona,91.341
9,12,1,38,66,Barcelona,91.727
10,1,2,36,66,Barcelona,91.817
11,8,1,44,66,Barcelona,91.592
12,9,2,44,66,Barcelona,94.853
13,1,1,43,66,Barcelona,109.125
14,14,2,35,66,Barcelona,89.8
15,13,0,34,66,Barcelona,89.68
16,15,0,43,66,Barcelona,89.995
17,14,2,39,66,Barcelona,90.593
18,14,0,39,66,Barcelona,90.305
19,16,2,37,66,Barcelona,90.851
20,5,1,32,66,Barcelona,91.86
21,5,1,31,66,Barcelona,90.343
22,3,0,35,66,Barcelona,91.289
23,1,2,36,66,Barcelona,90.736
24,16,1,36,66,Barcelona,90.925
25,14,1,32,66,Barcelona,91.835
26,18,0,39,66,Barcelona,94.403
27,19,0,36,66,Barcelona,108.12
28,16,1,35,66,Barcelona,89.601
29,19,1,34,66,Barcelona,89.282
30,8,0,35,66,Barcelona,89.083
31,7,1,36,66,Barcelona,89.187
32,4,2,33,66,Barcelona,89.621
33,7,1,42,66,Barcelona,90.987
34,11,1,41,66,Barcelona,89.286
35,12,1,30,66,Barcelona,89.831
36,4,2,33,66,Barcelona,89.764
37,6,1,39,66,Barcelona,89.756
38,18,0,42,66,Barcelona,90.934
39,18,1,33,66,Barcelona,90.079
40,17,1,36,66,Barcelona,90.826
41,4,2,33,66,Barcelona,89.444
42,17,2,31,66,Barcelona,89.831
43,1,2,34,66,Barcelona,89.491
44,17,2,40,66,Barcelona,89.616
45,11,0,40,66,Barcelona,90.104
46,18,1,32,66,Barcelona,91.441
47,13,0,33,66,Barcelona,89.944
48,7,1,32,66,Barcelona,90.109
49,4,0,44,66,Barcelona,89.908
50,3,2,40,66,Barcelona,93.887
51,7,2,41,66,Barcelona,108.759
52,5,0,34,66,Barcelona,87.246
53,11,1,41,66,Barcelona,87.614
54,12,0,42,66,Barcelona,87.772
55,6,0,35,66,Barcelona,87.762
56,14,0,36,66,Barcelona,88.454
57,4,0,33,66,Barcelona,90.052
58,7,1,41,66,Barcelona,88.926
59,6,1,30,66,Barcelona,90.348
60,4,1,40,66,Barcelona,88.671
61,1,0,42,66,Barcelona,89.25
62,3,2,35,66,Barcelona,88.7
63,19,1,35,66,Barcelona,91.986
64,14,0,36,66,Barcelona,89.424
1,15,2,39,66,Barcelona,115.147
2,9,1,44,66,Barcelona,115.134
3,9,0,37,66,Barcelona,87.495
4,14,2,39,66,Barcelona,88.327
5,12,1,39,66,Barcelona,89.321
6,7,2,41,66,Barcelona,88.986
7,5,1,41,66,Barcelona,89.147
8,6,0,37,66,Barcelona,89.086
9,15,2,34,66,Barcelona,88.606
10,6,0,34,66,Barcelona,88.558
11,8,2,41,66,Barcelona,89.331
12,10,1,30,66,Barcelona,88.746
13,7,0,41,66,Barcelona,89.037
14,6,2,30,66,Barcelona,89.167
15,6,1,30,66,Barcelona,89.215
16,16,2,40,66,Barcelona,89.642
17,11,0,31,66,Barcelona,89.873
18,5,2,30,66,Barcelona,90.181
19,14,0,38,66,Barcelona,90.07
20,1,0,37,66,Barcelona,90.443
21,10,0,30,66,Barcelona,90.48
22,1,2,30,66,Barcelona,94.486
23,18,2,38,66,Barcelona,105.871
24,7,0,30,66,Barcelona,87.98
25,2,0,36,66,Barcelona,87.415
26,10,1,39,66,Barcelona,87.156
27,17,2,32,66,Barcelona,87.244
28,13,2,40,66,Barcelona,86.99
29,13,2,34,66,Barcelona,87.619
30,8,0,37,66,Barcelona,86.711
31,5,2,41,66,Barcelona,87.364
32,10,0,37,66,Barcelona,86.329
33,13,0,44,66,Barcelona,86.895
34,19,1,34,66,Barcelona,86.697
35,19,2,31,66,Barcelona,87.31
36,10,1,43,66,Barcelona,86.976
37,18,1,36,66,Barcelona,86.956
38,11,2,35,66,Barcelona,87.157
39,11,1,41,66,Barcelona,86.82
40,11,2,38,66,Barcelona,87.34
41,15,1,30,66,Barcelona,87.36
42,2,1,33,66,Barcelona,87.351
43,5,2,37,66,Barcelona,88.239
44,19,1,40,66,Barcelona,87.114
45,3,2,42,66,Barcelona,87.458
46,4,1,34,66,Barcelona,87.73
47,2,0,41,66,Barcelona,87.662
48,12,1,36,66,Barcelona,90.916
49,10,1,34,66,Barcelona,103.326
50,13,2,37,66,Barcelona,85.106
51,13,1,43,66,Barcelona,84.253
52,18,0,35,66,Barcelona,85.802
53,4,2,39,66,Barcelona,85.257
54,6,1,37,66,Barcelona,85.389
55,15,0,30,66,Barcelona,85.207
56,14,0,42,66,Barcelona,85.832
57,6,0,35,66,Barcelona,86.447
58,18,1,39,66,Barcelona,86.408
59,13,1,35,66,Barcelona,86.919
60,12,1,36,66,Barcelona,85.895
61,14,1,32,66,Barcelona,86.425
62,7,2,35,66,Barcelona,86.804
63,10,0,34,66,Barcelona,88.977
64,14,0,43,66,Barcelona,89.833
65,8,1,33,66,Barcelona,91.646
66,17,2,39,66,Barcelona,94.345
1,5,2,41,66,Barcelona,135.888
2,7,2,32,66,Barcelona,113.833
3,19,1,44,66,Barcelona,87.537
4,9,0,31,66,Barcelona,87.693
5,7,1,44,66,Barcelona,88.24
6,14,2,34,66,Barcelona,88.784
7,1,1,43,66,Barcelona,89.243
8,9,1,35,66,Barcelona,89.59
9,5,1,43,66,Barcelona,90.216
10,5,1,30,66,Barcelona,89.636
11,10,1,33,66,Barcelona,89.855
12,1,2,41,66,Barcelona,89.543
13,16,0,30,66,Barcelona,89.792
14,8,2,34,66,Barcelona,89.778
15,5,0,35,66,Barcelona,89.835
16,14,2,35,66,Barcelona,91.431
17,16,0,34,66,Barcelona,90.01
18,15,0,44,66,Barcelona,90.358
19,1,1,38,66,Barcelona,90.199
20,4,1,38,66,Barcelona,90.563
21,4,2,32,66,Barcelona,89.849
22,15,2,32,66,Barcelona,90.554
23,16,0,32,66,Barcelona,90.757
24,6,1,34,66,Barcelona,90.558
25,1,0,33,66,Barcelona,92.489
26,4,0,37,66,Barcelona,91.847
27,9,1,37,66,Barcelona,91.143
28,17,2,44,66,Barcelona,91.137
29,8,0,38,66,Barcelona,99.076
30,17,2,31,66,Barcelona,110.257
31,4,2,38,66,Barcelona,88.569
32,13,0,32,66,Barcelona,87.756
33,16,2,33,66,Barcelona,87.991
34,6,2,31,66,Barcelona,87.746
35,18,1,30,66,Barcelona,88.117
36,12,0,33,66,Barcelona,88.223
37,3,0,37,66,Barcelona,88.37
38,19,0,44,66,Barcelona,88.926
39,17,0,40,66,Barcelona,89.578
40,7,0,34,66,Barcelona,88.467
41,7,0,30,66,Barcelona,92.026
42,15,1,36,66,Barcelona,89.278
43,4,1,31,66,Barcelona,89.124
44,4,1,40,66,Barcelona,89.178
45,7,1,41,66,Barcelona,90.581
46,2,2,44,66,Barcelona,89.431
47,19,2,40,66,Barcelona,88.999
48,9,2,34,66,Barcelona,88.908
49,19,1,40,66,Barcelona,88.765
50,14,1,39,66,Barcelona,90.635
51,17,1,30,66,Barcelona,91.497
52,17,1,36,66,Barcelona,89.659
53,6,0,43,66,Barcelona,89.876
54,3,2,43,66,Barcelona,89.583
55,6,1,36,66,Barcelona,89.74
56,8,1,30,66,Barcelona,90.087
57,3,0,43,66,Barcelona,89.676
58,4,0,32,66,Barcelona,90.126
59,1,1,37,66,Barcelona,91.259
60,1,2,30,66,Barcelona,92.217
61,15,1,38,66,Barcelona,90.304
62,2,2,32,66,Barcelona,93.41
63,14,2,43,66,Barcelona,92.247
64,6,2,35,66,Barcelona,93.091
1,11,2,32,64,Monaco,151.929
2,19,0,31,64,Monaco,144.979
3,13,0,30,64,Monaco,103.218
4,14,1,38,64,Monaco,101.885
5,13,1,37,64,Monaco,99.679
6,14,0,42,64,Monaco,98.046
7,17,1,35,64,Monaco,97.181
8,13,2,32,64,Monaco,97.426
9,14,0,34,64,Monaco,96.588
10,16,0,43,64,Monaco,96.299
11,17,1,38,64,Monaco,95.323
12,19,0,44,64,Monaco,95.077
13,15,1,30,64,Monaco,93.665
14,16,0,42,64,Monaco,93.314
15,9,2,42,64,Monaco,92.098
16,18,2,42,64,Monaco,92.133
17,17,0,42,64,Monaco,91.49
18,19,0,32,64,Monaco,110.848
19,6,1,43,64,Monaco,90.149
20,3,1,41,64,Monaco,88.156
21,12,1,38,64,Monaco,106.56
22,14,0,31,64,Monaco,92.589
23,10,0,41,64,Monaco,88.779
24,2,1,35,64,Monaco,84.159
25,7,1,31,64,Monaco,83.136
26,2,0,33,64,Monaco,82.728
27,16,2,41,64,Monaco,122.476
28,9,1,35,64,Monaco,126.941
29,16,0,31,64,Monaco,117.746
31,7,1,44,64,Monaco,152.438
32,9,1,31,64,Monaco,120.7
33,9,2,30,64,Monaco,83.323
34,4,0,33,64,Monaco,81.669
35,12,1,40,64,Monaco,79.112
36,9,1,31,64,Monaco,79.394
37,4,1,43,64,Monaco,78.761
38,9,0,42,64,Monaco,77.543
39,6,1,36,64,Monaco,76.98
40,6,0,40,64,Monaco,77.447
41,15,2,41,64,Monaco,76.861
42,2,0,38,64,Monaco,76.987
43,6,2,30,64,Monaco,77.006
44,14,2,38,64,Monaco,76.919
45,16,2,44,64,Monaco,76.479
46,18,1,35,64,Monaco,76.249
47,19,1,41,64,Monaco,76.492
48,11,1,42,64,Monaco,76.896
49,14,1,43,64,Monaco,76.489
50,8,0,34,64,Monaco,77.522
51,8,2,31,64,Monaco,76.773
52,13,1,43,64,Monaco,76.811
53,14,2,34,64,Monaco,77.135
54,13,2,39,64,Monaco,77.709
55,2,0,39,64,Monaco,77.94
56,15,1,42,64,Monaco,78.622
57,13,1,40,64,Monaco,79.06
58,14,1,30,64,Monaco,78.952
59,3,1,39,64,Monaco,79.024
60,13,0,41,64,Monaco,78.678
61,19,1,36,64,Monaco,78.832
62,8,0,34,64,Monaco,78.539
63,10,0,40,64,Monaco,77.729
64,13,0,39,64,Monaco,78.338
1,13,0,33,64,Monaco,153.538
2,11,1,30,64,Monaco,144.07
3,10,1,32,64,Monaco,104.323
4,13,2,43,64,Monaco,101.995
5,19,2,35,64,Monaco,100.205
6,10,2,44,64,Monaco,97.998
7,18,0,44,64,Monaco,97.933
8,14,1,40,64,Monaco,97.269
9,7,2,36,64,Monaco,97.18
10,1,1,36,64,Monaco,96.881
11,6,1,37,64,Monaco,95.887
12,11,1,42,64,Monaco,95.375
13,6,0,34,64,Monaco,93.679
14,16,2,30,64,Monaco,92.995
15,17,1,39,64,Monaco,92.605
16,15,2,41,64,Monaco,92.305
17,5,1,38,64,Monaco,92.36
18,19,1,39,64,Monaco,92.002
19,10,2,35,64,Monaco,91.775
20,14,0,39,64,Monaco,91.651
21,18,1,32,64,Monaco,107.551
22,14,2,41,64,Monaco,94.073
23,4,1,34,64,Monaco,90.16
24,12,1,35,64,Monaco,86.153
25,14,0,30,64,Monaco,82.698
26,10,0,34,64,Monaco,83.624
27,13,2,39,64,Monaco,118.132
28,10,0,40,64,Monaco,126.778
29,7,2,30,64,Monaco,119.502
31,6,0,39,64,Monaco,155.955
32,19,0,37,64,Monaco,122.838
33,12,0,43,64,Monaco,83.776
34,1,1,37,64,Monaco,80.786
35,13,1,43,64,Monaco,79.838
36,18,2,33,64,Monaco,78.962
37,14,2,38,64,Monaco,78.15
38,18,0,42,64,Monaco,77.385
39,6,0,40,64,Monaco,77.112
40,19,1,34,64,Monaco,76.739
41,16,0,31,64,Monaco,76.583
42,1,0,31,64,Monaco,76.764
43,7,1,43,64,Monaco,76.701
44,4,2,38,64,Monaco,76.619
45,11,0,30,64,Monaco,76.828
46,4,0,39,64,Monaco,76.465
47,2,1,32,64,Monaco,76.421
48,7,1,44,64,Monaco,77.439
49,6,1,34,64,Monaco,76.64
50,7,2,39,64,Monaco,76.868
51,7,0,39,64,Monaco,77.245
52,19,1,39,64,Monaco,77.515
53,11,2,35,64,Monaco,77.599
54,18,1,37,64,Monaco,77.97
55,8,1,34,64,Monaco,78.476
56,9,1,37,64,Monaco,78.928
57,1,0,34,64,Monaco,78.714
58,5,1,33,64,Monaco,79.406
59,15,0,38,64,Monaco,78.896
60,18,0,44,64,Monaco,78.747
61,11,2,38,64,Monaco,78.896
62,16,0,38,64,Monaco,78.036
63,19,2,40,64,Monaco,77.916
64,13,2,42,64,Monaco,78.132
1,13,2,42,64,Monaco,155.297
2,9,1,44,64,Monaco,143.143
3,12,0,44,64,Monaco,104.57
4,7,1,36,64,Monaco,102.377
5,16,1,42,64,Monaco,100.229
6,19,1,38,64,Monaco,98.27
7,15,1,36,64,Monaco,98.134
8,12,1,30,64,Monaco,97.285
9,3,2,30,64,Monaco,96.854
10,11,1,39,64,Monaco,96.883
11,19,1,35,64,Monaco,95.987
12,11,1,38,64,Monaco,95.597
13,8,1,31,64,Monaco,94.104
14,11,0,34,64,Monaco,93.245
15,19,0,39,64,Monaco,92.815
16,18,1,38,64,Monaco,108.107
17,4,1,39,64,Monaco,92.141
18,15,1,43,64,Monaco,85.215
19,3,0,36,64,Monaco,86.966
20,17,1,35,64,Monaco,88.792
21,18,2,33,64,Monaco,89.371
22,12,2,43,64,Monaco,103.44
23,2,0,43,64,Monaco,94.149
24,16,1,35,64,Monaco,85.539
25,7,1,39,64,Monaco,82.206
26,8,1,30,64,Monaco,84.06
27,15,1,33,64,Monaco,117.255
28,15,1,43,64,Monaco,128.097
29,7,1,39,64,Monaco,119.039
31,2,1,36,64,Monaco,158.412
32,19,0,38,64,Monaco,123.485
33,17,0,39,64,Monaco,83.415
34,17,1,32,64,Monaco,80.677
35,6,1,44,64,Monaco,79.801
36,10,0,43,64,Monaco,79.027
37,4,2,33,64,Monaco,78.347
38,9,1,38,64,Monaco,77.081
39,14,2,35,64,Monaco,77.143
40,14,1,32,64,Monaco,76.473
41,15,2,39,64,Monaco,76.434
42,18,0,42,64,Monaco,76.26
43,5,0,38,64,Monaco,76.479
44,9,1,31,64,Monaco,76.73
45,4,2,37,64,Monaco,76.773
46,3,2,37,64,Monaco,76.028
47,10,1,39,64,Monaco,76.682
48,2,1,30,64,Monaco,76.227
49,18,0,43,64,Monaco,76.602
50,4,2,36,64,Monaco,77.922
51,1,1,30,64,Monaco,77.778
52,19,2,33,64,Monaco,78.028
53,1,2,32,64,Monaco,78.197
54,6,2,41,64,Monaco,78.205
55,16,1,40,64,Monaco,78.491
56,16,1,42,64,Monaco,78.898
57,9,1,35,64,Monaco,78.873
58,14,2,30,64,Monaco,79.457
59,15,2,38,64,Monaco,78.77
60,4,1,36,64,Monaco,78.977
61,10,0,34,64,Monaco,78.635
62,18,1,43,64,Monaco,77.997
63,15,1,36,64,Monaco,77.7
64,1,0,43,64,Monaco,77.917
1,16,2,39,64,Monaco,156.498
2,3,1,33,64,Monaco,142.614
3,1,1,33,64,Monaco,105.603
4,16,1,40,64,Monaco,101.426
5,14,0,44,64,Monaco,100.918
6,7,1,42,64,Monaco,98.151
7,8,0,42,64,Monaco,98.028
8,5,1,41,64,Monaco,97.715
9,16,1,32,64,Monaco,96.951
10,14,0,42,64,Monaco,96.834
11,12,1,39,64,Monaco,95.808
12,8,2,43,64,Monaco,95.414
13,5,1,41,64,Monaco,94.257
14,11,2,42,64,Monaco,94.031
15,17,2,39,64,Monaco,92.702
16,3,1,41,64,Monaco,92.113
17,3,2,44,64,Monaco,91.38
18,4,1,33,64,Monaco,109.118
19,18,2,44,64,Monaco,88.667
20,16,0,30,64,Monaco,84.805
21,10,1,41,64,Monaco,87.259
22,7,2,33,64,Monaco,104.688
23,16,2,31,64,Monaco,91.284
24,18,0,36,64,Monaco,84.584
25,13,0,30,64,Monaco,82.965
26,6,0,43,64,Monaco,82.674
27,6,1,30,64,Monaco,120.175
28,4,1,33,64,Monaco,126.222
29,16,2,39,64,Monaco,118.806
31,13,2,42,64,Monaco,154.658
32,8,0,34,64,Monaco,122.493
33,9,2,36,64,Monaco,83.603
34,18,2,31,64,Monaco,81.169
35,17,0,38,64,Monaco,79.85
36,19,2,39,64,Monaco,79.018
37,19,1,32,64,Monaco,78.481
38,15,0,36,64,Monaco,77.542
39,15,2,30,64,Monaco,77.044
40,5,1,33,64,Monaco,76.543
41,18,0,38,64,Monaco,76.273
42,14,2,40,64,Monaco,76.962
43,16,1,33,64,Monaco,77.426
44,6,0,39,64,Monaco,77.092
45,4,1,30,64,Monaco,76.761
46,17,1,43,64,Monaco,76.758
47,1,2,33,64,Monaco,76.052
48,11,1,37,64,Monaco,76.195
49,1,0,31,64,Monaco,76.906
50,17,0,42,64,Monaco,76.832
51,11,1,30,64,Monaco,77.503
52,1,0,34,64,Monaco,77.241
53,16,0,34,64,Monaco,77.668
54,16,2,41,64,Monaco,77.692
55,3,2,39,64,Monaco,78.227
56,6,0,37,64,Monaco,78.731
57,14,2,40,64,Monaco,78.916
58,8,2,43,64,Monaco,79.15
59,2,2,34,64,Monaco,79.015
60,17,1,37,64,Monaco,78.67
61,1,2,34,64,Monaco,78.904
62,6,1,33,64,Monaco,78.123
63,7,0,39,64,Monaco,77.768
64,6,0,43,64,Monaco,77.965
1,5,1,35,64,Monaco,159.234
2,13,2,39,64,Monaco,141.252
3,5,2,43,64,Monaco,106.29
4,18,2,44,64,Monaco,102.012
5,1,2,35,64,Monaco,101.122
6,4,1,32,64,Monaco,99.975
7,7,0,39,64,Monaco,98.694
8,4,0,40,64,Monaco,98.673
9,9,1,35,64,Monaco,98.35
10,8,2,34,64,Monaco,97.38
11,5,0,38,64,Monaco,96.416
12,12,1,30,64,Monaco,95.567
13,8,1,40,64,Monaco,94.623
14,4,1,36,64,Monaco,94.3
15,9,2,40,64,Monaco,94.306
16,3,2,34,64,Monaco,93.692
17,7,1,32,64,Monaco,109.364
18,6,0,35,64,Monaco,91.205
19,13,1,39,64,Monaco,86.302
20,3,1,41,64,Monaco,89.578
21,15,0,30,64,Monaco,90.358
22,5,0,32,64,Monaco,104.131
23,8,1,36,64,Monaco,89.262
24,7,2,32,64,Monaco,82.845
25,7,1,39,64,Monaco,82.424
26,15,0,31,64,Monaco,93.488
27,14,2,32,64,Monaco,114.811
28,4,2,36,64,Monaco,120.766
29,15,1,40,64,Monaco,116.777
31,14,1,34,64,Monaco,142.602
32,19,2,41,64,Monaco,117.922
33,12,1,32,64,Monaco,83.845
34,12,2,42,64,Monaco,82.279
35,8,0,40,64,Monaco,80.726
36,18,2,39,64,Monaco,79.504
37,11,0,30,64,Monaco,78.281
38,12,2,34,64,Monaco,77.218
39,10,0,31,64,Monaco,78.122
40,5,2,32,64,Monaco,77.161
41,1,0,39,64,Monaco,78.284
42,12,1,44,64,Monaco,77.291
43,13,2,32,64,Monaco,76.745
44,9,2,42,64,Monaco,77.03
45,19,1,37,64,Monaco,76.804
46,5,1,30,64,Monaco,77.342
47,6,2,41,64,Monaco,77.354
48,4,1,41,64,Monaco,77.496
49,9,0,41,64,Monaco,78.667
50,8,2,32,64,Monaco,78.345
51,3,1,31,64,Monaco,95.948
52,5,1,40,64,Monaco,83.556
53,11,0,34,64,Monaco,78.574
54,1,1,41,64,Monaco,76.975
55,6,2,32,64,Monaco,74.693
56,9,1,30,64,Monaco,76.057
57,14,0,41,64,Monaco,75.402
58,15,2,32,64,Monaco,76.105
59,16,0,37,64,Monaco,74.848
60,14,1,33,64,Monaco,75.836
61,12,2,32,64,Monaco,75.314
62,7,1,38,64,Monaco,75.383
63,9,0,38,64,Monaco,75.164
64,1,2,43,64,Monaco,77.069
1,13,1,30,64,Monaco,161.065
2,8,0,40,64,Monaco,140.423
3,11,1,36,64,Monaco,106.52
4,8,1,37,64,Monaco,102.52
5,14,2,44,64,Monaco,100.64
6,4,2,40,64,Monaco,99.57
7,17,0,44,64,Monaco,99.094
8,15,2,31,64,Monaco,98.944
9,13,2,35,64,Monaco,98.127
10,5,0,40,64,Monaco,97.852
11,12,0,42,64,Monaco,96.531
12,12,0,35,64,Monaco,96.456
13,12,2,35,64,Monaco,95.796
14,18,1,43,64,Monaco,94.818
15,3,1,42,64,Monaco,93.797
16,12,2,37,64,Monaco,93.663
17,14,1,30,64,Monaco,93.571
18,1,0,34,64,Monaco,92.969
19,2,0,44,64,Monaco,92.241
20,5,2,41,64,Monaco,91.511
21,8,0,41,64,Monaco,108.014
22,1,1,35,64,Monaco,91.92
23,11,0,33,64,Monaco,83.633
24,1,0,37,64,Monaco,83.929
25,5,0,32,64,Monaco,81.037
26,12,0,36,64,Monaco,86.528
27,2,0,32,64,Monaco,118.336
28,3,1,37,64,Monaco,122.776
29,11,2,36,64,Monaco,118.55
31,19,1,32,64,Monaco,146.938
32,14,1,41,64,Monaco,119.413
33,13,1,37,64,Monaco,84.302
34,15,0,43,64,Monaco,81.524
35,7,1,38,64,Monaco,79.379
36,5,1,37,64,Monaco,79.332
37,13,0,42,64,Monaco,78.807
38,1,2,35,64,Monaco,77.994
39,12,0,34,64,Monaco,77.323
40,1,1,44,64,Monaco,77.03
41,10,2,34,64,Monaco,76.864
42,14,1,32,64,Monaco,76.83
43,16,0,32,64,Monaco,77.047
44,17,2,40,64,Monaco,77.025
45,11,2,37,64,Monaco,77.04
46,15,0,37,64,Monaco,77.024
47,18,1,40,64,Monaco,76.996
48,1,2,38,64,Monaco,77.442
49,9,2,34,64,Monaco,77.272
50,3,2,42,64,Monaco,77.69
51,16,1,31,64,Monaco,77.41
52,6,2,42,64,Monaco,77.92
53,13,1,44,64,Monaco,77.577
54,6,2,35,64,Monaco,78.259
55,5,1,44,64,Monaco,78.138
56,10,1,34,64,Monaco,78.088
57,18,1,41,64,Monaco,79.114
58,1,1,44,64,Monaco,78.921
59,8,1,32,64,Monaco,78.85
60,18,0,44,64,Monaco,79.066
61,3,1,33,64,Monaco,78.518
62,16,2,44,64,Monaco,78.063
63,4,1,35,64,Monaco,78.44
64,3,2,30,64,Monaco,79.0
1,4,2,34,64,Monaco,164.42
2,13,1,33,64,Monaco,138.13
3,1,1,39,64,Monaco,106.608
4,19,2,38,64,Monaco,102.916
5,7,2,43,64,Monaco,101.549
6,19,2,38,64,Monaco,100.29
7,17,0,40,64,Monaco,99.052
8,9,2,33,64,Monaco,99.213
9,16,1,31,64,Monaco,98.678
10,19,1,37,64,Monaco,97.601
11,9,1,34,64,Monaco,97.206
12,15,1,30,64,Monaco,95.884
13,10,1,38,64,Monaco,95.158
14,9,1,40,64,Monaco,94.137
15,12,0,33,64,Monaco,93.484
16,12,1,33,64,Monaco,94.171
17,18,1,41,64,Monaco,93.349
18,3,2,41,64,Monaco,92.356
19,3,2,40,64,Monaco,92.069
20,5,1,30,64,Monaco,91.441
21,11,1,42,64,Monaco,109.636
22,14,0,41,64,Monaco,93.462
23,13,0,37,64,Monaco,88.168
24,8,0,41,64,Monaco,86.044
25,12,1,40,64,Monaco,84.807
26,2,1,37,64,Monaco,95.981
27,18,1,37,64,Monaco,116.309
28,16,2,31,64,Monaco,115.588
29,2,0,38,64,Monaco,109.581
31,5,1,33,64,Monaco,140.85
32,8,0,39,64,Monaco,116.128
33,19,2,39,64,Monaco,84.805
34,19,2,34,64,Monaco,82.897
35,16,0,38,64,Monaco,82.751
36,13,2,37,64,Monaco,82.259
37,3,0,34,64,Monaco,81.752
38,1,1,30,64,Monaco,81.452
39,4,0,31,64,Monaco,80.332
40,4,1,31,64,Monaco,79.709
41,15,0,39,64,Monaco,80.009
42,12,1,41,64,Monaco,80.075
43,13,1,30,64,Monaco,79.76
44,5,0,38,64,Monaco,79.373
45,12,0,43,64,Monaco,79.046
46,7,0,40,64,Monaco,78.73
47,1,2,31,64,Monaco,78.501
48,16,2,33,64,Monaco,78.623
49,16,1,38,64,Monaco,77.542
50,16,0,34,64,Monaco,75.882
51,4,0,40,64,Monaco,78.634
52,9,2,31,64,Monaco,78.812
53,16,1,40,64,Monaco,78.911
54,11,0,34,64,Monaco,77.135
55,11,0,39,64,Monaco,77.324
56,6,2,31,64,Monaco,77.799
57,10,0,37,64,Monaco,78.792
58,11,2,41,64,Monaco,78.53
59,16,1,38,64,Monaco,75.944
60,11,2,37,64,Monaco,77.772
61,19,2,39,64,Monaco,77.698
62,7,0,36,64,Monaco,77.473
63,17,1,30,64,Monaco,79.209
64,7,2,31,64,Monaco,79.654
1,6,0,43,64,Monaco,165.811
2,9,2,43,64,Monaco,137.309
3,8,1,41,64,Monaco,106.997
4,18,2,38,64,Monaco,103.309
5,2,0,37,64,Monaco,101.762
6,11,1,41,64,Monaco,101.114
7,18,0,42,64,Monaco,100.478
8,10,2,31,64,Monaco,99.745
9,2,0,30,64,Monaco,97.546
10,16,1,41,64,Monaco,97.38
11,3,2,36,64,Monaco,96.138
12,6,1,38,64,Monaco,96.562
13,1,1,42,64,Monaco,96.75
14,6,0,30,64,Monaco,94.827
15,16,0,40,64,Monaco,110.385
16,14,0,30,64,Monaco,92.152
17,19,0,44,64,Monaco,90.246
18,18,1,34,64,Monaco,94.549
19,19,1,33,64,Monaco,92.564
20,1,2,38,64,Monaco,91.503
21,7,0,36,64,Monaco,91.078
22,15,1,34,64,Monaco,105.059
23,18,1,39,64,Monaco,89.726
24,1,2,34,64,Monaco,82.826
25,6,0,34,64,Monaco,81.987
26,5,1,40,64,Monaco,96.12
27,2,0,43,64,Monaco,116.347
28,6,0,44,64,Monaco,114.807
29,9,0,41,64,Monaco,105.367
31,6,0,43,64,Monaco,138.144
32,16,0,39,64,Monaco,114.161
33,2,0,38,64,Monaco,84.258
34,13,2,37,64,Monaco,82.828
35,14,1,36,64,Monaco,82.929
36,1,1,36,64,Monaco,82.305
37,12,1,31,64,Monaco,81.74
38,13,1,41,64,Monaco,81.167
39,19,1,34,64,Monaco,80.145
40,3,1,41,64,Monaco,79.943
41,7,1,32,64,Monaco,80.391
42,8,0,32,64,Monaco,80.153
43,3,1,34,64,Monaco,79.535
44,6,2,43,64,Monaco,79.557
45,13,0,37,64,Monaco,78.99
46,5,2,40,64,Monaco,78.647
47,6,2,44,64,Monaco,78.534
48,9,2,35,64,Monaco,78.713
49,2,0,34,64,Monaco,78.479
50,1,0,30,64,Monaco,77.21
51,11,0,44,64,Monaco,77.203
52,2,1,31,64,Monaco,78.479
53,15,1,42,64,Monaco,78.525
54,12,0,44,64,Monaco,78.472
55,11,1,44,64,Monaco,78.416
56,8,2,35,64,Monaco,78.099
57,14,1,37,64,Monaco,77.754
58,8,1,35,64,Monaco,78.025
59,14,2,37,64,Monaco,77.982
60,19,0,43,64,Monaco,78.147
61,14,0,33,64,Monaco,78.123
62,19,0,44,64,Monaco,78.309
63,6,1,42,64,Monaco,78.078
64,16,0,40,64,Monaco,78.927
1,8,1,37,64,Monaco,167.674
2,3,1,44,64,Monaco,136.288
3,2,2,35,64,Monaco,107.544
4,10,2,31,64,Monaco,104.206
5,11,2,40,64,Monaco,101.781
6,6,2,31,64,Monaco,124.976
7,13,0,43,64,Monaco,103.35
8,17,2,35,64,Monaco,99.811
9,10,2,38,64,Monaco,97.7
10,14,1,39,64,Monaco,96.824
11,12,2,39,64,Monaco,96.628
12,7,0,34,64,Monaco,97.556
13,4,1,39,64,Monaco,99.9
14,7,0,41,64,Monaco,97.684
15,2,0,36,64,Monaco,96.424
16,18,2,35,64,Monaco,95.805
17,3,1,33,64,Monaco,94.96
18,9,2,33,64,Monaco,94.812
19,11,2,32,64,Monaco,89.768
20,14,2,41,64,Monaco,86.97
21,14,2,43,64,Monaco,87.225
22,9,2,35,64,Monaco,90.44
23,12,0,34,64,Monaco,105.46
24,14,1,34,64,Monaco,91.072
25,5,1,34,64,Monaco,83.591
26,16,1,36,64,Monaco,111.989
27,14,0,44,64,Monaco,114.774
28,13,1,30,64,Monaco,115.582
29,12,0,42,64,Monaco,98.473
31,8,0,32,64,Monaco,134.142
32,13,0,38,64,Monaco,112.446
33,18,1,33,64,Monaco,85.143
34,3,0,37,64,Monaco,82.895
35,17,0,30,64,Monaco,82.805
36,4,0,38,64,Monaco,82.257
37,9,1,35,64,Monaco,81.949
38,7,2,36,64,Monaco,81.355
39,9,0,40,64,Monaco,80.777
40,18,1,39,64,Monaco,80.187
41,6,1,39,64,Monaco,79.861
42,16,0,36,64,Monaco,79.943
43,6,0,39,64,Monaco,79.017
44,1,1,37,64,Monaco,79.603
45,8,2,42,64,Monaco,79.769
46,9,1,41,64,Monaco,79.136
47,19,2,42,64,Monaco,78.76
48,18,1,44,64,Monaco,77.994
49,17,1,42,64,Monaco,78.397
50,13,0,37,64,Monaco,78.652
51,6,0,35,64,Monaco,77.889
52,14,0,44,64,Monaco,77.789
53,11,0,35,64,Monaco,78.223
54,13,0,42,64,Monaco,77.558
55,11,0,33,64,Monaco,78.034
56,1,1,33,64,Monaco,78.293
57,4,2,43,64,Monaco,77.822
58,13,1,42,64,Monaco,77.801
59,16,0,32,64,Monaco,77.83
60,5,1,36,64,Monaco,78.07
61,14,2,34,64,Monaco,77.645
62,18,0,42,64,Monaco,78.424
63,5,0,35,64,Monaco,78.069
64,6,1,40,64,Monaco,78.23
1,14,0,44,64,Monaco,169.987
2,5,1,39,64,Monaco,135.166
3,6,1,30,64,Monaco,108.949
4,10,2,34,64,Monaco,104.686
5,2,0,32,64,Monaco,103.14
6,5,1,41,64,Monaco,102.718
7,18,2,39,64,Monaco,101.388
8,7,1,30,64,Monaco,100.529
9,11,0,40,64,Monaco,99.78
10,19,2,38,64,Monaco,98.873
11,16,2,31,64,Monaco,96.863
12,8,2,30,64,Monaco,95.796
13,7,2,33,64,Monaco,94.912
14,5,2,35,64,Monaco,94.487
15,6,1,37,64,Monaco,94.498
16,18,0,35,64,Monaco,93.359
17,14,2,34,64,Monaco,93.241
18,3,0,33,64,Monaco,94.552
19,14,2,43,64,Monaco,92.411
20,18,1,42,64,Monaco,91.615
21,18,1,40,64,Monaco,107.323
22,17,0,30,64,Monaco,97.375
23,2,1,39,64,Monaco,88.133
24,12,1,31,64,Monaco,86.053
25,17,2,41,64,Monaco,84.83
26,10,0,40,64,Monaco,105.123
27,16,2,37,64,Monaco,116.204
28,19,0,34,64,Monaco,112.022
29,18,1,40,64,Monaco,91.507
31,16,0,34,64,Monaco,135.492
32,5,0,42,64,Monaco,114.222
33,12,0,31,64,Monaco,85.084
34,16,0,39,64,Monaco,82.812
35,5,2,44,64,Monaco,82.636
36,7,2,30,64,Monaco,82.32
37,6,1,39,64,Monaco,81.74
38,11,1,30,64,Monaco,81.071
39,17,0,31,64,Monaco,80.336
40,1,1,35,64,Monaco,79.733
41,6,2,35,64,Monaco,80.015
42,13,1,42,64,Monaco,79.939
43,17,1,38,64,Monaco,79.489
44,4,1,40,64,Monaco,79.821
45,16,0,38,64,Monaco,79.273
46,3,2,43,64,Monaco,78.774
47,5,2,40,64,Monaco,78.402
48,5,0,38,64,Monaco,78.564
49,3,2,43,64,Monaco,78.443
50,1,1,42,64,Monaco,77.571
51,3,0,42,64,Monaco,77.592
52,6,2,43,64,Monaco,77.816
53,15,0,33,64,Monaco,78.059
54,1,1,36,64,Monaco,78.151
55,2,1,44,64,Monaco,78.239
56,14,0,33,64,Monaco,78.194
57,2,1,39,64,Monaco,77.92
58,19,1,44,64,Monaco,78.07
59,7,0,35,64,Monaco,78.099
60,6,0,44,64,Monaco,78.077
61,11,1,31,64,Monaco,78.214
62,13,0,43,64,Monaco,78.162
63,6,0,34,64,Monaco,78.147
64,5,1,30,64,Monaco,78.371
1,12,1,30,64,Monaco,171.845
2,11,0,36,64,Monaco,134.343
3,4,2,33,64,Monaco,109.028
4,6,1,42,64,Monaco,105.664
5,11,1,39,64,Monaco,103.941
6,11,1,33,64,Monaco,120.171
7,8,0,44,64,Monaco,103.772
8,7,2,43,64,Monaco,101.028
9,10,2,41,64,Monaco,98.476
10,14,0,40,64,Monaco,97.102
11,5,2,33,64,Monaco,97.693
12,10,1,30,64,Monaco,98.308
13,10,0,32,64,Monaco,97.371
14,14,0,36,64,Monaco,96.324
15,14,0,36,64,Monaco,96.277
16,2,2,34,64,Monaco,95.619
17,11,0,35,64,Monaco,95.165
18,12,1,31,64,Monaco,95.461
19,8,1,41,64,Monaco,96.136
20,14,2,33,64,Monaco,91.656
21,4,2,41,64,Monaco,109.85
22,9,1,34,64,Monaco,93.748
23,1,2,41,64,Monaco,85.758
24,19,1,34,64,Monaco,83.821
25,10,2,35,64,Monaco,90.065
26,19,2,41,64,Monaco,124.343
27,6,0,34,64,Monaco,125.603
28,3,1,31,64,Monaco,117.531
30,7,2,36,64,Monaco,101.279
31,11,0,30,64,Monaco,84.813
32,3,1,39,64,Monaco,96.725
33,14,0,38,64,Monaco,84.294
34,1,0,42,64,Monaco,82.574
35,16,2,30,64,Monaco,82.406
36,5,2,43,64,Monaco,82.353
37,19,1,43,64,Monaco,81.75
38,13,0,38,64,Monaco,81.689
39,1,1,36,64,Monaco,80.553
40,14,2,41,64,Monaco,80.323
41,1,0,34,64,Monaco,79.915
42,14,2,31,64,Monaco,79.859
43,7,1,42,64,Monaco,79.598
44,8,1,41,64,Monaco,79.88
45,13,1,39,64,Monaco,79.324
46,1,1,43,64,Monaco,79.599
47,19,1,41,64,Monaco,79.916
48,18,0,38,64,Monaco,79.76
49,17,0,43,64,Monaco,82.476
50,7,2,38,64,Monaco,79.084
51,16,0,42,64,Monaco,78.406
52,19,0,32,64,Monaco,78.915
53,15,1,43,64,Monaco,78.837
54,10,2,42,64,Monaco,78.89
55,17,0,42,64,Monaco,79.608
56,11,0,32,64,Monaco,110.325
57,16,0,32,64,Monaco,84.996
58,19,1,35,64,Monaco,76.055
59,1,2,38,64,Monaco,89.445
60,16,1,33,64,Monaco,75.979
61,4,2,32,64,Monaco,75.334
62,7,2,38,64,Monaco,77.66
63,16,0,36,64,Monaco,75.7
1,6,1,38,64,Monaco,173.571
2,14,1,35,64,Monaco,133.433
3,1,2,38,64,Monaco,109.266
4,14,1,42,64,Monaco,105.433
5,16,1,44,64,Monaco,103.769
6,9,0,38,64,Monaco,104.176
7,19,1,34,64,Monaco,100.501
8,10,1,36,64,Monaco,99.476
9,13,2,43,64,Monaco,99.635
10,8,2,42,64,Monaco,98.943
11,16,1,43,64,Monaco,98.841
12,15,0,44,64,Monaco,98.123
13,18,1,39,64,Monaco,97.268
14,15,1,30,64,Monaco,95.836
15,16,0,43,64,Monaco,95.23
16,14,0,34,64,Monaco,95.037
17,1,0,30,64,Monaco,94.451
18,3,2,43,64,Monaco,94.208
19,6,1,39,64,Monaco,92.732
20,4,1,38,64,Monaco,109.539
21,13,1,39,64,Monaco,95.899
22,1,0,32,64,Monaco,89.113
23,15,1,41,64,Monaco,87.4
24,5,1,44,64,Monaco,85.597
25,8,0,30,64,Monaco,84.056
26,17,2,40,64,Monaco,110.905
27,14,0,43,64,Monaco,114.094
28,7,2,34,64,Monaco,112.511
29,6,1,33,64,Monaco,95.895
31,12,2,40,64,Monaco,135.332
32,14,0,39,64,Monaco,113.705
33,2,1,39,64,Monaco,85.003
34,11,2,43,64,Monaco,82.896
35,13,2,41,64,Monaco,82.314
36,6,2,40,64,Monaco,82.169
37,2,1,39,64,Monaco,81.903
38,1,2,35,64,Monaco,81.132
39,19,2,44,64,Monaco,80.778
40,8,0,31,64,Monaco,79.779
41,1,1,35,64,Monaco,79.856
42,17,0,32,64,Monaco,80.037
43,3,2,36,64,Monaco,79.545
44,10,1,33,64,Monaco,79.573
45,13,0,42,64,Monaco,79.52
46,8,0,39,64,Monaco,78.818
47,6,1,32,64,Monaco,78.419
48,14,0,41,64,Monaco,78.432
49,18,1,35,64,Monaco,78.615
50,7,2,36,64,Monaco,78.709
51,3,2,41,64,Monaco,78.117
52,3,1,41,64,Monaco,77.993
53,6,2,31,64,Monaco,77.865
54,5,0,31,64,Monaco,77.688
55,19,1,36,64,Monaco,78.061
56,8,1,41,64,Monaco,78.037
57,4,0,32,64,Monaco,77.6
58,14,1,38,64,Monaco,78.069
59,17,1,37,64,Monaco,78.196
60,6,1,31,64,Monaco,77.749
61,19,2,31,64,Monaco,77.891
62,2,0,40,64,Monaco,78.428
63,11,0,35,64,Monaco,78.411
64,4,1,44,64,Monaco,78.275
1,18,2,43,64,Monaco,175.539
2,19,0,34,64,Monaco,132.354
3,7,1,38,64,Monaco,108.904
4,12,1,37,64,Monaco,105.374
5,4,1,40,64,Monaco,103.996
6,12,2,35,64,Monaco,104.252
7,18,0,42,64,Monaco,100.441
8,13,0,38,64,Monaco,99.631
9,8,0,37,64,Monaco,100.05
10,14,0,31,64,Monaco,99.137
11,5,2,30,64,Monaco,98.426
12,8,1,35,64,Monaco,97.839
13,9,1,37,64,Monaco,97.181
14,14,1,36,64,Monaco,95.896
15,13,1,31,64,Monaco,95.062
16,11,1,33,64,Monaco,94.853
17,3,2,42,64,Monaco,95.034
18,18,1,31,64,Monaco,93.754
19,12,2,36,64,Monaco,97.629
1,12,1,37,64,Monaco,177.794
2,9,1,39,64,Monaco,131.507
3,10,2,39,64,Monaco,109.054
4,8,0,33,64,Monaco,105.835
5,5,1,33,64,Monaco,103.564
6,12,2,32,64,Monaco,104.231
7,17,1,38,64,Monaco,101.62
8,1,1,34,64,Monaco,100.798
9,9,1,39,64,Monaco,99.546
10,15,2,40,64,Monaco,99.411
11,10,2,37,64,Monaco,99.083
12,11,2,39,64,Monaco,100.341
13,11,0,31,64,Monaco,100.065
14,5,0,44,64,Monaco,97.837
15,10,1,30,64,Monaco,96.551
16,16,1,39,64,Monaco,95.422
17,18,2,31,64,Monaco,95.839
18,12,1,41,64,Monaco,95.213
19,17,1,41,64,Monaco,113.645
20,14,1,43,64,Monaco,99.04
21,1,0,31,64,Monaco,88.384
22,11,0,41,64,Monaco,86.516
23,17,1,43,64,Monaco,84.29
24,9,1,42,64,Monaco,83.294
25,14,0,42,64,Monaco,84.496
26,1,1,34,64,Monaco,113.144
27,15,1,38,64,Monaco,115.097
28,8,1,36,64,Monaco,115.497
29,4,2,38,64,Monaco,97.734
31,13,1,37,64,Monaco,132.868
32,5,2,44,64,Monaco,111.415
33,1,2,33,64,Monaco,84.835
34,6,1,34,64,Monaco,82.656
35,3,0,39,64,Monaco,82.339
36,6,0,35,64,Monaco,82.229
37,3,1,41,64,Monaco,81.812
38,1,1,37,64,Monaco,81.673
39,9,0,31,64,Monaco,80.64
40,6,2,33,64,Monaco,80.098
41,5,2,33,64,Monaco,80.179
42,10,1,44,64,Monaco,79.716
43,8,2,44,64,Monaco,79.292
44,5,0,30,64,Monaco,79.587
45,8,1,32,64,Monaco,79.654
46,5,0,33,64,Monaco,79.455
47,12,2,43,64,Monaco,79.712
48,9,2,37,64,Monaco,79.001
49,16,1,35,64,Monaco,79.083
50,12,2,35,64,Monaco,78.208
51,10,2,32,64,Monaco,78.087
52,13,2,39,64,Monaco,78.68
53,16,1,40,64,Monaco,77.945
54,12,0,34,64,Monaco,77.944
55,2,0,37,64,Monaco,77.629
56,18,0,35,64,Monaco,77.642
57,18,1,42,64,Monaco,77.801
58,12,2,43,64,Monaco,77.817
59,16,2,39,64,Monaco,77.532
60,6,0,38,64,Monaco,78.052
61,12,2,30,64,Monaco,78.321
62,11,2,37,64,Monaco,77.579
63,18,0,41,64,Monaco,78.198
64,17,2,38,64,Monaco,78.524
1,19,2,33,64,Monaco,178.856
2,18,2,40,64,Monaco,130.806
3,14,1,44,64,Monaco,109.408
4,4,1,44,64,Monaco,123.868
5,14,1,34,64,Monaco,103.339
6,2,2,36,64,Monaco,99.941
7,16,0,30,64,Monaco,101.173
8,5,1,40,64,Monaco,100.625
9,11,2,39,64,Monaco,98.209
10,3,1,37,64,Monaco,97.612
11,14,1,37,64,Monaco,98.281
12,17,1,34,64,Monaco,98.482
13,1,2,43,64,Monaco,97.373
14,9,2,34,64,Monaco,96.271
15,9,2,42,64,Monaco,96.308
16,8,2,44,64,Monaco,95.793
17,17,2,42,64,Monaco,125.649
18,19,0,35,64,Monaco,98.024
19,19,1,39,64,Monaco,87.542
20,5,0,32,64,Monaco,91.355
21,7,1,35,64,Monaco,89.293
22,18,0,39,64,Monaco,94.264
23,13,2,40,64,Monaco,90.256
24,18,0,32,64,Monaco,84.778
1,1,1,33,64,Monaco,181.062
2,19,1,38,64,Monaco,129.667
3,17,0,43,64,Monaco,108.888
4,5,1,38,64,Monaco,105.755
5,19,1,43,64,Monaco,103.313
6,10,1,30,64,Monaco,103.887
7,16,1,38,64,Monaco,101.663
8,2,0,41,64,Monaco,100.829
9,13,0,41,64,Monaco,100.302
10,18,2,37,64,Monaco,98.978
11,2,0,38,64,Monaco,107.093
12,16,0,35,64,Monaco,98.689
13,2,1,33,64,Monaco,97.351
14,15,0,42,64,Monaco,96.601
15,4,0,39,64,Monaco,96.171
16,18,0,42,64,Monaco,95.705
17,17,0,35,64,Monaco,95.701
18,7,1,34,64,Monaco,114.036
19,2,1,38,64,Monaco,93.467
20,17,2,32,64,Monaco,98.902
21,16,2,44,64,Monaco,89.367
22,2,1,30,64,Monaco,130.065
23,13,1,44,64,Monaco,93.811
24,13,2,35,64,Monaco,83.506
25,8,0,33,64,Monaco,101.078
26,9,1,39,64,Monaco,116.315
27,4,0,38,64,Monaco,111.993
28,13,0,40,64,Monaco,98.218
30,17,0,43,64,Monaco,113.564
31,4,1,43,64,Monaco,89.773
32,11,2,41,64,Monaco,84.931
33,16,2,35,64,Monaco,80.929
34,13,1,37,64,Monaco,80.511
35,8,0,39,64,Monaco,79.677
36,3,1,36,64,Monaco,78.835
37,4,2,43,64,Monaco,78.504
38,18,0,34,64,Monaco,78.289
39,1,1,39,64,Monaco,78.105
40,4,2,32,64,Monaco,78.023
41,15,1,36,64,Monaco,78.283
42,11,2,40,64,Monaco,78.776
43,3,1,43,64,Monaco,78.772
44,9,2,30,64,Monaco,79.296
45,9,2,39,64,Monaco,79.039
46,14,2,43,64,Monaco,79.242
47,1,2,32,64,Monaco,79.508
48,9,2,34,64,Monaco,79.909
1,14,1,32,64,Monaco,182.581
2,3,0,39,64,Monaco,154.889
3,6,2,34,64,Monaco,103.994
4,18,0,40,64,Monaco,102.417
5,18,0,42,64,Monaco,99.431
6,4,0,44,64,Monaco,98.346
7,16,1,41,64,Monaco,97.686
8,11,1,42,64,Monaco,98.733
9,15,0,39,64,Monaco,98.489
10,11,2,39,64,Monaco,99.615
11,5,2,30,64,Monaco,98.408
12,11,1,37,64,Monaco,98.79
13,2,2,33,64,Monaco,96.803
14,9,0,31,64,Monaco,91.251
15,10,2,41,64,Monaco,92.928
16,13,0,30,64,Monaco,95.031
17,7,2,35,64,Monaco,95.185
18,3,2,39,64,Monaco,93.628
19,1,2,44,64,Monaco,93.413
20,1,2,42,64,Monaco,92.164
21,17,2,36,64,Monaco,92.326
22,19,2,36,64,Monaco,113.986
23,8,0,41,64,Monaco,92.315
24,5,0,32,64,Monaco,84.537
25,6,2,32,64,Monaco,82.886
26,3,1,32,64,Monaco,112.949
27,17,2,38,64,Monaco,113.66
28,19,2,37,64,Monaco,116.331
29,9,1,33,64,Monaco,97.816
31,16,0,37,64,Monaco,133.363
32,2,1,42,64,Monaco,112.018
33,1,1,42,64,Monaco,85.049
34,10,2,43,64,Monaco,82.744
35,6,2,44,64,Monaco,82.421
36,9,1,37,64,Monaco,82.393
37,14,0,32,64,Monaco,81.62
38,14,2,35,64,Monaco,81.656
39,13,1,32,64,Monaco,80.527
40,6,1,36,64,Monaco,80.13
41,7,0,44,64,Monaco,80.09
42,12,0,35,64,Monaco,79.773
43,4,2,41,64,Monaco,79.343
44,7,0,43,64,Monaco,79.202
45,18,1,37,64,Monaco,79.925
46,17,2,40,64,Monaco,79.4
47,16,2,33,64,Monaco,79.018
48,16,2,41,64,Monaco,78.022
49,11,2,42,64,Monaco,78.315
50,4,2,42,64,Monaco,78.564
51,13,1,40,64,Monaco,78.073
52,16,2,41,64,Monaco,78.232
53,8,1,39,64,Monaco,77.696
54,16,0,32,64,Monaco,78.031
55,11,2,34,64,Monaco,77.514
56,3,0,40,64,Monaco,77.871
57,4,2,38,64,Monaco,77.997
58,19,2,42,64,Monaco,78.092
59,11,0,35,64,Monaco,77.966
60,3,1,44,64,Monaco,77.582
61,7,2,40,64,Monaco,77.344
62,12,0,30,64,Monaco,78.122
63,12,1,37,64,Monaco,78.478
64,9,1,32,64,Monaco,78.151
1,11,0,30,64,Monaco,192.776
2,14,1,43,64,Monaco,119.961
3,18,0,40,64,Monaco,108.077
4,2,0,34,64,Monaco,105.705
5,6,2,44,64,Monaco,103.285
6,1,2,31,64,Monaco,103.439
7,7,2,30,64,Monaco,102.015
8,4,2,44,64,Monaco,100.656
9,15,1,33,64,Monaco,100.376
10,11,2,40,64,Monaco,99.434
11,14,2,37,64,Monaco,98.623
12,16,0,34,64,Monaco,99.636
13,16,2,43,64,Monaco,99.91
14,8,2,36,64,Monaco,97.785
15,4,1,34,64,Monaco,96.352
16,6,0,32,64,Monaco,95.725
17,3,2,32,64,Monaco,96.145
18,9,0,31,64,Monaco,94.988
19,8,0,30,64,Monaco,113.108
20,2,0,39,64,Monaco,99.451
21,15,0,39,64,Monaco,90.576
22,17,2,31,64,Monaco,93.449
23,10,2,35,64,Monaco,86.882
24,16,2,32,64,Monaco,88.501
25,10,1,37,64,Monaco,82.377
26,7,2,44,64,Monaco,124.796
27,14,1,38,64,Monaco,125.632
28,14,1,33,64,Monaco,117.605
30,15,2,38,64,Monaco,105.544
31,15,1,34,64,Monaco,89.024
32,3,1,37,64,Monaco,90.065
33,17,2,32,64,Monaco,82.33
34,17,1,40,64,Monaco,82.397
35,2,0,30,64,Monaco,82.053
36,19,1,38,64,Monaco,82.159
37,6,2,39,64,Monaco,81.869
38,18,0,33,64,Monaco,81.571
39,11,1,38,64,Monaco,80.616
40,16,1,44,64,Monaco,80.512
41,2,1,35,64,Monaco,79.686
42,6,0,38,64,Monaco,80.712
43,15,1,31,64,Monaco,78.681
44,3,2,38,64,Monaco,79.784
45,2,0,33,64,Monaco,79.891
46,15,2,43,64,Monaco,79.32
47,15,1,34,64,Monaco,79.691
48,11,1,34,64,Monaco,79.632
49,15,0,39,64,Monaco,84.257
50,4,1,43,64,Monaco,78.999
51,7,1,37,64,Monaco,78.342
52,4,1,37,64,Monaco,78.2
53,5,2,30,64,Monaco,79.101
54,17,1,33,64,Monaco,79.079
55,5,0,42,64,Monaco,79.326
56,2,2,41,64,Monaco,79.812
57,12,0,30,64,Monaco,79.211
58,14,2,41,64,Monaco,79.393
59,15,2,41,64,Monaco,82.057
60,11,1,32,64,Monaco,80.387
61,7,2,32,64,Monaco,81.853
62,3,2,32,64,Monaco,79.606
63,13,1,44,64,Monaco,79.547
2,4,0,32,64,Monaco,136.634
3,14,1,39,64,Monaco,108.179
4,6,1,43,64,Monaco,103.171
5,9,0,34,64,Monaco,101.963
6,19,0,40,64,Monaco,101.294
7,4,1,42,64,Monaco,100.2
8,17,2,40,64,Monaco,99.795
9,1,1,36,64,Monaco,98.197
10,13,1,33,64,Monaco,96.359
11,3,2,44,64,Monaco,96.129
12,14,1,34,64,Monaco,95.387
13,12,1,31,64,Monaco,96.939
14,17,0,38,64,Monaco,96.217
15,15,2,41,64,Monaco,96.146
16,15,0,36,64,Monaco,95.637
17,14,1,44,64,Monaco,95.247
18,17,0,39,64,Monaco,95.207
19,11,2,41,64,Monaco,93.972
20,1,1,40,64,Monaco,87.633
21,5,0,40,64,Monaco,87.402
22,9,0,43,64,Monaco,87.686
23,6,1,36,64,Monaco,89.708
24,1,1,33,64,Monaco,105.702
25,15,0,34,64,Monaco,96.439
26,18,0,43,64,Monaco,121.694
27,5,0,31,64,Monaco,126.196
28,14,1,36,64,Monaco,118.927
30,15,2,41,64,Monaco,103.833
31,2,2,44,64,Monaco,84.515
32,3,1,30,64,Monaco,97.937
33,8,2,41,64,Monaco,84.605
34,12,0,33,64,Monaco,82.704
35,3,1,32,64,Monaco,82.363
36,17,1,36,64,Monaco,82.264
37,7,1,35,64,Monaco,81.741
38,6,2,43,64,Monaco,81.665
39,16,1,39,64,Monaco,80.557
40,7,1,38,64,Monaco,80.222
41,8,1,32,64,Monaco,79.988
42,10,0,42,64,Monaco,79.828
43,3,0,34,64,Monaco,79.566
44,6,2,42,64,Monaco,79.41
45,7,0,40,64,Monaco,79.53
46,1,0,40,64,Monaco,79.604
47,3,1,32,64,Monaco,79.768
48,8,0,43,64,Monaco,79.101
49,6,0,43,64,Monaco,79.182
50,7,0,40,64,Monaco,78.424
51,15,0,34,64,Monaco,78.289
52,6,2,36,64,Monaco,78.309
53,15,0,31,64,Monaco,78.057
54,3,0,39,64,Monaco,78.044
55,9,1,37,64,Monaco,77.831
56,11,1,43,64,Monaco,77.672
57,11,1,33,64,Monaco,77.849
58,18,0,41,64,Monaco,78.024
59,10,2,31,64,Monaco,77.967
60,13,1,34,64,Monaco,78.138
61,16,2,37,64,Monaco,78.096
62,18,0,35,64,Monaco,78.281
63,18,2,40,64,Monaco,78.411
64,12,1,33,64,Monaco,78.996
2,3,0,32,64,Monaco,129.418
3,14,1,37,64,Monaco,105.134
4,2,2,32,64,Monaco,104.039
5,13,0,33,64,Monaco,100.616
6,14,2,44,64,Monaco,99.637
7,16,2,40,64,Monaco,99.51
8,7,2,35,64,Monaco,97.724
9,8,0,42,64,Monaco,97.213
10,6,2,37,64,Monaco,104.874
11,3,0,35,64,Monaco,97.432
12,19,1,38,64,Monaco,95.502
13,17,1,42,64,Monaco,94.75
14,10,0,41,64,Monaco,93.9
15,12,2,40,64,Monaco,93.195
16,11,1,44,64,Monaco,92.971
17,17,1,31,64,Monaco,93.177
18,5,1,31,64,Monaco,93.414
19,17,1,40,64,Monaco,113.355
20,2,2,38,64,Monaco,100.1
21,18,2,34,64,Monaco,99.08
22,16,1,34,64,Monaco,92.702
23,6,1,32,64,Monaco,93.421
24,17,1,35,64,Monaco,87.618
25,6,1,32,64,Monaco,97.673
26,6,0,37,64,Monaco,114.972
27,18,2,35,64,Monaco,114.034
28,3,2,38,64,Monaco,113.471
30,10,0,40,64,Monaco,103.0
31,18,1,36,64,Monaco,91.777
32,1,2,39,64,Monaco,84.087
33,9,1,36,64,Monaco,83.573
34,10,2,41,64,Monaco,82.935
35,13,0,32,64,Monaco,81.39
36,7,2,39,64,Monaco,80.097
37,10,0,34,64,Monaco,80.665
38,2,1,31,64,Monaco,80.281
39,17,0,38,64,Monaco,80.374
40,1,0,30,64,Monaco,80.262
41,19,1,36,64,Monaco,79.827
42,4,0,39,64,Monaco,79.289
43,11,1,42,64,Monaco,78.579
44,7,1,32,64,Monaco,78.846
45,16,2,41,64,Monaco,79.143
46,1,0,31,64,Monaco,80.117
47,4,0,36,64,Monaco,79.089
48,8,1,30,64,Monaco,79.675
49,16,2,31,64,Monaco,81.748
50,6,1,38,64,Monaco,78.87
51,9,0,33,64,Monaco,78.779
52,5,1,40,64,Monaco,78.73
53,18,1,32,64,Monaco,79.169
54,14,1,38,64,Monaco,79.06
55,4,0,42,64,Monaco,79.453
56,3,0,31,64,Monaco,79.681
57,11,2,43,64,Monaco,79.288
58,7,1,30,64,Monaco,79.446
59,7,0,30,64,Monaco,79.024
60,4,0,35,64,Monaco,80.867
61,13,2,44,64,Monaco,84.442
62,15,1,33,64,Monaco,79.629
63,8,0,36,64,Monaco,79.479
1,9,2,42,52,Silverstone,141.969
3,18,2,36,52,Silverstone,150.36
4,6,2,41,52,Silverstone,93.807
5,15,1,30,52,Silverstone,93.489
6,11,2,43,52,Silverstone,93.539
7,11,1,42,52,Silverstone,93.762
8,16,0,36,52,Silverstone,93.451
9,10,0,40,52,Silverstone,93.606
10,7,0,35,52,Silverstone,93.486
11,10,0,41,52,Silverstone,93.632
12,10,2,44,52,Silverstone,94.701
13,12,1,33,52,Silverstone,116.214
14,17,2,35,52,Silverstone,94.388
15,7,1,31,52,Silverstone,94.806
16,16,0,34,52,Silverstone,95.015
17,8,0,31,52,Silverstone,94.994
18,18,2,35,52,Silverstone,94.973
19,6,0,31,52,Silverstone,94.996
20,7,0,42,52,Silverstone,94.87
21,15,2,34,52,Silverstone,94.963
22,2,1,42,52,Silverstone,94.826
23,13,1,34,52,Silverstone,94.122
24,18,2,36,52,Silverstone,119.03
25,3,0,32,52,Silverstone,95.405
26,3,1,32,52,Silverstone,94.441
27,1,0,39,52,Silverstone,94.67
28,8,0,41,52,Silverstone,94.482
29,9,1,42,52,Silverstone,94.404
30,12,0,43,52,Silverstone,94.488
31,1,1,33,52,Silverstone,94.171
32,18,2,30,52,Silverstone,94.415
33,14,0,31,52,Silverstone,94.503
34,12,2,44,52,Silverstone,94.21
35,10,1,32,52,Silverstone,94.068
36,3,2,35,52,Silverstone,94.924
37,4,1,32,52,Silverstone,94.023
38,1,1,38,52,Silverstone,93.527
39,19,1,37,52,Silverstone,123.868
40,16,1,33,52,Silverstone,143.569
41,3,1,30,52,Silverstone,103.866
42,14,1,34,52,Silverstone,153.579
43,4,2,35,52,Silverstone,93.322
44,6,0,43,52,Silverstone,92.354
45,19,0,31,52,Silverstone,92.135
46,19,2,35,52,Silverstone,92.516
47,18,1,33,52,Silverstone,92.584
48,9,2,42,52,Silverstone,92.566
49,7,1,34,52,Silverstone,92.964
50,11,0,33,52,Silverstone,93.051
51,14,0,35,52,Silverstone,92.858
52,9,1,38,52,Silverstone,93.581
1,18,1,32,52,Silverstone,143.979
3,3,0,42,52,Silverstone,151.928
4,14,0,35,52,Silverstone,93.437
5,5,2,38,52,Silverstone,93.623
6,13,0,44,52,Silverstone,93.596
7,1,2,41,52,Silverstone,93.918
8,4,1,32,52,Silverstone,93.732
9,12,0,44,52,Silverstone,93.575
10,18,1,40,52,Silverstone,95.415
11,2,2,37,52,Silverstone,93.862
12,6,1,39,52,Silverstone,93.491
13,6,1,34,52,Silverstone,93.31
14,8,2,33,52,Silverstone,93.55
15,6,0,36,52,Silverstone,93.445
16,7,1,36,52,Silverstone,93.55
17,10,0,36,52,Silverstone,93.328
18,16,1,31,52,Silverstone,93.166
19,2,1,37,52,Silverstone,92.974
20,12,0,43,52,Silverstone,92.799
21,7,2,43,52,Silverstone,113.892
22,4,2,33,52,Silverstone,92.771
23,5,0,36,52,Silverstone,92.622
24,9,2,33,52,Silverstone,92.787
25,10,0,32,52,Silverstone,92.696
26,19,1,44,52,Silverstone,92.976
27,6,0,31,52,Silverstone,92.876
28,7,2,43,52,Silverstone,92.403
29,4,1,40,52,Silverstone,92.493
30,4,0,33,52,Silverstone,92.764
31,3,1,31,52,Silverstone,93.584
32,14,1,37,52,Silverstone,91.932
33,11,1,34,52,Silverstone,92.073
34,10,0,44,52,Silverstone,92.72
35,17,0,39,52,Silverstone,92.463
36,2,2,33,52,Silverstone,92.416
37,4,2,36,52,Silverstone,92.169
38,5,1,35,52,Silverstone,92.072
39,5,2,34,52,Silverstone,98.36
40,7,1,31,52,Silverstone,167.237
41,16,1,41,52,Silverstone,167.017
42,18,1,32,52,Silverstone,159.985
43,15,2,33,52,Silverstone,90.886
44,4,0,34,52,Silverstone,90.813
45,6,0,30,52,Silverstone,91.215
46,19,2,30,52,Silverstone,91.416
47,10,1,41,52,Silverstone,91.315
48,8,1,36,52,Silverstone,91.25
49,14,1,30,52,Silverstone,91.317
50,5,1,40,52,Silverstone,91.141
51,1,0,32,52,Silverstone,91.474
52,3,0,43,52,Silverstone,91.526
1,13,2,43,52,Silverstone,146.223
3,14,1,32,52,Silverstone,145.614
4,15,0,39,52,Silverstone,95.27
5,9,2,32,52,Silverstone,95.12
6,10,1,33,52,Silverstone,93.731
7,12,1,44,52,Silverstone,93.955
8,3,1,38,52,Silverstone,93.679
9,8,1,35,52,Silverstone,93.704
10,9,1,42,52,Silverstone,93.338
11,2,1,44,52,Silverstone,93.335
12,10,0,38,52,Silverstone,94.09
13,10,1,35,52,Silverstone,93.212
14,17,2,36,52,Silverstone,93.226
15,12,0,42,52,Silverstone,93.042
16,5,1,35,52,Silverstone,92.973
17,16,1,39,52,Silverstone,93.168
18,8,2,36,52,Silverstone,92.92
19,16,0,35,52,Silverstone,92.592
20,12,2,33,52,Silverstone,92.85
21,8,2,43,52,Silverstone,92.833
22,4,1,41,52,Silverstone,92.435
23,11,2,39,52,Silverstone,92.65
24,18,0,33,52,Silverstone,92.782
25,11,2,35,52,Silverstone,92.723
26,12,1,42,52,Silverstone,92.655
27,7,2,34,52,Silverstone,92.445
28,15,2,41,52,Silverstone,92.265
29,14,2,35,52,Silverstone,92.442
30,19,1,42,52,Silverstone,92.541
31,11,1,35,52,Silverstone,92.676
32,19,2,34,52,Silverstone,92.079
33,8,1,41,52,Silverstone,92.256
34,18,2,35,52,Silverstone,116.216
35,7,1,33,52,Silverstone,92.111
36,4,1,39,52,Silverstone,91.711
37,10,1,37,52,Silverstone,91.521
38,10,0,32,52,Silverstone,91.302
39,17,0,31,52,Silverstone,97.878
40,14,0,43,52,Silverstone,167.07
41,6,1,38,52,Silverstone,166.248
42,16,2,32,52,Silverstone,160.039
43,16,0,43,52,Silverstone,92.498
44,5,1,42,52,Silverstone,92.062
45,1,1,40,52,Silverstone,91.659
46,18,2,38,52,Silverstone,92.894
47,19,1,42,52,Silverstone,91.933
48,17,2,32,52,Silverstone,91.628
49,3,0,32,52,Silverstone,91.201
50,8,1,41,52,Silverstone,91.397
51,18,0,43,52,Silverstone,92.277
52,4,0,34,52,Silverstone,90.51
1,16,0,39,52,Silverstone,147.771
3,19,1,33,52,Silverstone,149.193
4,8,2,35,52,Silverstone,94.65
5,14,2,42,52,Silverstone,93.657
6,18,1,37,52,Silverstone,93.483
7,10,1,36,52,Silverstone,93.704
8,9,2,44,52,Silverstone,93.648
9,17,0,40,52,Silverstone,93.509
10,1,0,31,52,Silverstone,93.821
11,2,2,41,52,Silverstone,93.683
12,9,1,40,52,Silverstone,93.793
13,14,1,33,52,Silverstone,93.204
14,4,0,31,52,Silverstone,93.451
15,9,2,34,52,Silverstone,93.222
16,4,1,38,52,Silverstone,93.61
17,14,1,41,52,Silverstone,93.459
18,5,0,37,52,Silverstone,93.363
19,12,1,32,52,Silverstone,92.757
20,19,1,30,52,Silverstone,93.046
21,1,2,40,52,Silverstone,93.323
22,16,2,42,52,Silverstone,92.796
23,7,2,30,52,Silverstone,93.119
24,19,0,33,52,Silverstone,93.055
25,13,2,43,52,Silverstone,92.501
26,18,2,41,52,Silverstone,114.148
27,11,0,36,52,Silverstone,92.06
28,16,2,39,52,Silverstone,92.021
29,17,1,33,52,Silverstone,92.302
30,9,1,34,52,Silverstone,92.403
31,6,1,32,52,Silverstone,92.325
32,2,0,33,52,Silverstone,91.837
33,7,2,36,52,Silverstone,91.976
34,13,0,44,52,Silverstone,92.124
35,18,1,41,52,Silverstone,91.774
36,10,1,34,52,Silverstone,91.692
37,1,2,32,52,Silverstone,91.613
38,13,0,31,52,Silverstone,91.347
39,18,1,34,52,Silverstone,102.891
40,12,1,30,52,Silverstone,165.241
41,6,0,40,52,Silverstone,167.221
42,3,1,36,52,Silverstone,161.053
43,1,1,43,52,Silverstone,92.617
44,15,0,40,52,Silverstone,91.893
45,15,1,36,52,Silverstone,93.088
46,16,0,42,52,Silverstone,92.022
47,6,1,30,52,Silverstone,92.048
48,14,0,31,52,Silverstone,93.143
49,14,2,37,52,Silverstone,91.724
50,2,1,33,52,Silverstone,91.747
51,8,0,43,52,Silverstone,91.77
52,15,0,31,52,Silverstone,91.282
1,9,0,30,52,Silverstone,150.972
3,19,1,43,52,Silverstone,137.237
4,8,0,42,52,Silverstone,96.426
5,6,0,39,52,Silverstone,95.064
6,10,0,39,52,Silverstone,94.947
7,11,2,44,52,Silverstone,94.985
8,8,1,34,52,Silverstone,94.976
9,4,0,39,52,Silverstone,94.799
10,7,1,35,52,Silverstone,94.721
11,15,0,43,52,Silverstone,94.709
12,15,2,42,52,Silverstone,94.439
13,14,1,43,52,Silverstone,94.276
14,18,2,33,52,Silverstone,94.062
15,8,1,36,52,Silverstone,94.363
16,8,1,30,52,Silverstone,94.295
17,13,1,37,52,Silverstone,94.251
18,5,2,35,52,Silverstone,93.855
19,17,1,38,52,Silverstone,94.087
20,6,1,34,52,Silverstone,94.107
21,17,1,32,52,Silverstone,94.056
22,5,2,41,52,Silverstone,93.847
23,10,0,33,52,Silverstone,93.983
24,8,1,30,52,Silverstone,94.283
25,17,0,31,52,Silverstone,94.075
26,10,2,32,52,Silverstone,94.013
27,19,1,30,52,Silverstone,93.836
28,17,1,44,52,Silverstone,93.681
29,8,2,40,52,Silverstone,93.991
30,8,0,30,52,Silverstone,93.848
31,9,2,36,52,Silverstone,93.826
32,14,0,38,52,Silverstone,93.863
33,12,2,30,52,Silverstone,93.751
34,17,2,34,52,Silverstone,114.833
35,19,1,44,52,Silverstone,92.744
36,15,2,33,52,Silverstone,92.529
37,1,0,34,52,Silverstone,92.233
38,13,0,40,52,Silverstone,92.707
39,3,0,44,52,Silverstone,115.176
40,3,2,33,52,Silverstone,143.212
41,14,2,42,52,Silverstone,137.172
42,1,2,42,52,Silverstone,156.822
43,1,1,39,52,Silverstone,92.306
44,2,1,44,52,Silverstone,92.142
45,19,2,40,52,Silverstone,91.808
46,5,1,41,52,Silverstone,92.84
47,17,0,39,52,Silverstone,91.609
48,4,2,33,52,Silverstone,92.838
49,9,1,40,52,Silverstone,91.973
50,9,2,39,52,Silverstone,91.707
51,18,0,43,52,Silverstone,91.758
52,11,1,42,52,Silverstone,91.694
1,12,1,43,52,Silverstone,154.001
3,18,1,43,52,Silverstone,149.321
4,13,1,39,52,Silverstone,95.479
5,14,1,40,52,Silverstone,95.398
6,10,2,37,52,Silverstone,123.44
7,19,1,42,52,Silverstone,93.455
8,4,1,31,52,Silverstone,93.435
9,1,2,37,52,Silverstone,93.362
10,19,1,33,52,Silverstone,93.395
11,19,2,43,52,Silverstone,93.678
12,9,0,33,52,Silverstone,93.845
13,3,2,44,52,Silverstone,94.869
14,10,1,37,52,Silverstone,93.838
15,9,0,30,52,Silverstone,94.293
16,19,1,35,52,Silverstone,94.301
17,7,2,41,52,Silverstone,93.657
18,18,0,33,52,Silverstone,93.816
19,6,1,44,52,Silverstone,94.38
20,13,2,36,52,Silverstone,94.059
21,13,2,42,52,Silverstone,93.291
22,4,1,41,52,Silverstone,93.104
23,17,2,40,52,Silverstone,93.02
24,19,2,35,52,Silverstone,93.137
25,6,1,31,52,Silverstone,93.101
26,5,1,38,52,Silverstone,92.666
27,16,1,33,52,Silverstone,92.948
28,3,1,43,52,Silverstone,92.847
29,8,2,44,52,Silverstone,93.014
30,7,0,37,52,Silverstone,92.925
31,4,0,42,52,Silverstone,92.655
32,3,0,31,52,Silverstone,92.886
33,18,1,44,52,Silverstone,92.926
34,10,0,38,52,Silverstone,92.727
35,7,2,44,52,Silverstone,92.305
36,13,2,32,52,Silverstone,92.323
37,19,0,31,52,Silverstone,92.401
38,13,2,35,52,Silverstone,92.759
39,5,1,42,52,Silverstone,108.331
40,11,0,35,52,Silverstone,141.424
41,16,0,43,52,Silverstone,160.706
42,2,1,42,52,Silverstone,158.348
43,1,2,30,52,Silverstone,91.892
44,17,2,32,52,Silverstone,92.091
45,8,2,42,52,Silverstone,92.207
46,4,0,36,52,Silverstone,91.466
47,1,2,30,52,Silverstone,90.937
48,12,1,31,52,Silverstone,91.296
49,10,1,33,52,Silverstone,90.997
50,18,0,32,52,Silverstone,91.102
51,5,1,36,52,Silverstone,91.976
52,6,1,35,52,Silverstone,91.391
1,13,1,36,52,Silverstone,156.287
3,8,0,39,52,Silverstone,139.606
4,3,1,37,52,Silverstone,95.426
5,7,0,43,52,Silverstone,95.243
6,1,1,36,52,Silverstone,95.119
7,11,1,38,52,Silverstone,95.45
8,15,1,44,52,Silverstone,94.778
9,12,0,40,52,Silverstone,95.058
10,15,0,43,52,Silverstone,94.567
11,14,2,44,52,Silverstone,94.688
12,16,2,36,52,Silverstone,94.801
13,6,1,36,52,Silverstone,94.383
14,5,0,35,52,Silverstone,94.191
15,13,0,37,52,Silverstone,94.143
16,9,2,40,52,Silverstone,93.958
17,8,1,44,52,Silverstone,94.454
18,10,2,36,52,Silverstone,93.88
19,19,1,41,52,Silverstone,93.824
20,13,0,39,52,Silverstone,93.945
21,10,2,34,52,Silverstone,94.036
22,3,2,40,52,Silverstone,94.086
23,17,1,37,52,Silverstone,93.879
24,16,2,34,52,Silverstone,93.987
25,2,0,41,52,Silverstone,93.983
26,18,2,40,52,Silverstone,94.108
27,8,0,40,52,Silverstone,93.957
28,9,2,33,52,Silverstone,93.714
29,17,1,31,52,Silverstone,93.933
30,16,0,37,52,Silverstone,94.0
31,4,2,30,52,Silverstone,93.813
32,9,1,32,52,Silverstone,93.788
33,17,1,39,52,Silverstone,93.686
34,4,2,44,52,Silverstone,93.055
35,4,0,35,52,Silverstone,114.367
36,11,2,37,52,Silverstone,92.702
37,15,1,43,52,Silverstone,92.425
38,12,0,35,52,Silverstone,92.271
39,3,1,34,52,Silverstone,118.803
40,10,0,38,52,Silverstone,123.07
41,19,1,36,52,Silverstone,157.178
42,10,1,39,52,Silverstone,156.364
43,7,0,44,52,Silverstone,92.168
44,10,2,32,52,Silverstone,92.211
45,2,0,42,52,Silverstone,91.774
46,4,2,34,52,Silverstone,92.831
47,18,2,30,52,Silverstone,91.645
48,4,2,36,52,Silverstone,92.664
49,11,2,34,52,Silverstone,92.121
50,9,0,39,52,Silverstone,92.07
51,19,1,32,52,Silverstone,92.585
52,12,1,30,52,Silverstone,92.325
1,7,0,36,52,Silverstone,159.57
3,6,2,43,52,Silverstone,135.275
4,9,2,44,52,Silverstone,97.41
5,19,1,39,52,Silverstone,95.719
6,14,2,31,52,Silverstone,95.743
7,17,1,36,52,Silverstone,95.615
8,16,0,37,52,Silverstone,95.673
9,7,0,43,52,Silverstone,95.522
10,6,2,38,52,Silverstone,95.462
11,14,2,38,52,Silverstone,95.686
12,7,1,44,52,Silverstone,95.531
13,9,1,39,52,Silverstone,95.333
14,15,1,36,52,Silverstone,95.265
15,2,2,34,52,Silverstone,95.232
16,15,1,31,52,Silverstone,95.635
17,13,1,41,52,Silverstone,95.357
18,19,1,42,52,Silverstone,95.442
19,11,2,33,52,Silverstone,94.509
20,1,1,42,52,Silverstone,116.248
21,4,2,33,52,Silverstone,94.232
22,14,0,43,52,Silverstone,94.01
23,17,0,36,52,Silverstone,94.227
24,9,1,40,52,Silverstone,94.962
25,14,0,41,52,Silverstone,95.075
26,16,1,41,52,Silverstone,94.684
27,8,1,44,52,Silverstone,94.897
28,18,1,40,52,Silverstone,94.664
29,14,1,31,52,Silverstone,95.723
30,17,1,31,52,Silverstone,94.859
31,11,1,40,52,Silverstone,94.309
32,10,1,38,52,Silverstone,95.851
33,9,1,44,52,Silverstone,95.609
34,14,0,43,52,Silverstone,95.085
35,15,2,35,52,Silverstone,94.71
36,4,2,34,52,Silverstone,94.513
37,10,0,36,52,Silverstone,94.878
38,19,2,34,52,Silverstone,99.717
39,18,2,43,52,Silverstone,123.623
40,5,1,41,52,Silverstone,142.826
41,13,1,38,52,Silverstone,108.361
42,18,0,38,52,Silverstone,136.906
43,1,0,40,52,Silverstone,94.694
44,6,1,32,52,Silverstone,93.79
45,9,1,33,52,Silverstone,93.365
46,18,1,44,52,Silverstone,93.425
47,16,1,41,52,Silverstone,93.558
48,6,2,43,52,Silverstone,93.286
49,11,2,36,52,Silverstone,95.043
50,13,1,30,52,Silverstone,93.937
51,14,2,33,52,Silverstone,94.867
52,7,2,38,52,Silverstone,94.663
1,12,1,32,52,Silverstone,162.397
3,15,0,43,52,Silverstone,131.434
4,9,1,38,52,Silverstone,97.106
5,15,2,44,52,Silverstone,95.571
6,10,1,35,52,Silverstone,95.694
7,18,1,44,52,Silverstone,95.579
8,14,1,37,52,Silverstone,95.857
9,9,2,33,52,Silverstone,95.527
10,16,0,32,52,Silverstone,95.433
11,18,0,33,52,Silverstone,95.768
12,6,0,30,52,Silverstone,95.274
13,3,1,44,52,Silverstone,95.387
14,7,1,37,52,Silverstone,95.117
15,11,0,34,52,Silverstone,95.279
16,15,1,40,52,Silverstone,95.702
17,15,1,36,52,Silverstone,95.364
18,5,0,37,52,Silverstone,95.507
19,16,2,43,52,Silverstone,95.103
20,10,1,43,52,Silverstone,102.975
1,16,0,37,52,Silverstone,166.878
3,1,1,43,52,Silverstone,128.846
4,12,1,35,52,Silverstone,97.878
5,14,0,42,52,Silverstone,95.865
6,17,2,38,52,Silverstone,95.642
7,2,1,36,52,Silverstone,95.66
8,18,2,36,52,Silverstone,95.802
9,15,1,40,52,Silverstone,95.37
10,9,1,39,52,Silverstone,95.509
11,10,0,40,52,Silverstone,95.713
12,13,1,42,52,Silverstone,95.367
13,9,0,38,52,Silverstone,95.247
14,4,0,43,52,Silverstone,95.289
15,2,0,38,52,Silverstone,95.303
16,11,2,37,52,Silverstone,95.571
17,15,1,36,52,Silverstone,95.289
18,12,0,33,52,Silverstone,95.56
19,4,2,42,52,Silverstone,95.239
20,10,1,40,52,Silverstone,95.067
21,10,0,41,52,Silverstone,118.339
22,7,1,33,52,Silverstone,94.393
23,6,2,37,52,Silverstone,94.648
24,13,0,34,52,Silverstone,94.581
25,10,2,42,52,Silverstone,94.365
26,14,1,42,52,Silverstone,94.178
27,14,2,37,52,Silverstone,94.64
28,13,0,37,52,Silverstone,94.446
29,14,2,44,52,Silverstone,94.418
30,3,0,39,52,Silverstone,94.656
31,7,0,34,52,Silverstone,94.205
32,3,1,35,52,Silverstone,99.926
33,3,1,38,52,Silverstone,116.336
34,2,2,32,52,Silverstone,92.644
35,16,0,42,52,Silverstone,94.517
36,11,1,34,52,Silverstone,92.978
37,14,2,43,52,Silverstone,93.122
38,14,1,31,52,Silverstone,102.605
39,6,0,38,52,Silverstone,159.054
40,15,2,35,52,Silverstone,142.255
41,4,2,35,52,Silverstone,93.058
42,4,2,35,52,Silverstone,94.75
43,9,1,44,52,Silverstone,94.706
44,6,2,39,52,Silverstone,93.967
45,4,0,32,52,Silverstone,93.398
46,19,2,33,52,Silverstone,93.419
47,11,1,32,52,Silverstone,93.438
48,6,1,35,52,Silverstone,93.445
49,6,1,32,52,Silverstone,94.159
50,8,1,35,52,Silverstone,93.798
51,7,0,44,52,Silverstone,94.981
52,1,2,36,52,Silverstone,94.608
1,11,2,43,52,Silverstone,169.321
3,14,1,36,52,Silverstone,131.047
4,9,0,34,52,Silverstone,95.854
5,5,2,33,52,Silverstone,96.576
6,10,1,34,52,Silverstone,95.333
7,18,1,31,52,Silverstone,95.642
8,2,1,42,52,Silverstone,95.512
9,6,0,42,52,Silverstone,95.527
10,8,1,43,52,Silverstone,96.25
11,15,1,41,52,Silverstone,102.236
12,7,0,36,52,Silverstone,95.807
13,4,1,36,52,Silverstone,95.543
14,19,1,43,52,Silverstone,95.419
15,5,1,33,52,Silverstone,95.671
16,6,2,36,52,Silverstone,95.528
17,16,0,38,52,Silverstone,118.199
18,15,1,44,52,Silverstone,94.614
19,9,1,30,52,Silverstone,94.738
20,15,0,37,52,Silverstone,95.141
21,19,2,36,52,Silverstone,95.265
22,13,0,30,52,Silverstone,94.722
23,17,0,35,52,Silverstone,94.636
24,13,1,35,52,Silverstone,94.763
25,18,0,33,52,Silverstone,95.118
26,9,0,32,52,Silverstone,94.275
1,9,1,38,52,Silverstone,171.32
3,16,1,37,52,Silverstone,125.703
4,7,2,39,52,Silverstone,97.784
5,9,1,36,52,Silverstone,95.935
6,8,1,37,52,Silverstone,95.549
7,9,1,38,52,Silverstone,95.242
8,12,2,37,52,Silverstone,95.611
9,12,1,41,52,Silverstone,95.443
10,6,2,41,52,Silverstone,95.541
11,19,1,43,52,Silverstone,95.521
12,2,1,39,52,Silverstone,95.422
13,3,1,44,52,Silverstone,95.403
14,2,1,30,52,Silverstone,95.258
15,13,2,30,52,Silverstone,96.592
16,7,2,42,52,Silverstone,95.065
17,8,0,36,52,Silverstone,95.848
18,7,2,40,52,Silverstone,95.869
19,11,1,42,52,Silverstone,94.995
20,19,2,41,52,Silverstone,95.311
21,16,0,36,52,Silverstone,94.946
22,7,0,43,52,Silverstone,94.249
23,17,0,36,52,Silverstone,115.203
24,1,2,39,52,Silverstone,94.578
25,4,1,36,52,Silverstone,94.198
26,3,1,42,52,Silverstone,93.675
27,1,1,32,52,Silverstone,94.128
28,17,0,33,52,Silverstone,94.36
29,13,0,36,52,Silverstone,95.138
30,18,2,38,52,Silverstone,95.006
31,6,2,43,52,Silverstone,94.362
32,8,2,37,52,Silverstone,95.215
33,2,2,33,52,Silverstone,94.159
34,6,2,32,52,Silverstone,94.438
35,11,1,31,52,Silverstone,94.241
36,6,1,41,52,Silverstone,93.934
37,19,0,32,52,Silverstone,93.525
38,11,0,35,52,Silverstone,96.941
39,1,2,33,52,Silverstone,128.698
40,1,2,38,52,Silverstone,125.3
41,16,1,38,52,Silverstone,108.83
42,3,0,30,52,Silverstone,154.356
43,18,1,34,52,Silverstone,95.475
44,18,1,33,52,Silverstone,93.692
45,3,0,32,52,Silverstone,93.407
46,19,0,32,52,Silverstone,93.301
47,16,1,33,52,Silverstone,93.478
48,11,1,33,52,Silverstone,93.309
49,9,0,31,52,Silverstone,92.813
50,4,0,35,52,Silverstone,93.123
51,12,2,33,52,Silverstone,92.827
52,18,2,43,52,Silverstone,92.661
1,11,1,30,52,Silverstone,174.11
3,1,0,44,52,Silverstone,120.736
4,6,1,40,52,Silverstone,97.594
5,15,1,31,52,Silverstone,95.814
6,4,2,41,52,Silverstone,94.962
7,5,2,35,52,Silverstone,117.22
8,3,2,34,52,Silverstone,95.155
9,14,2,39,52,Silverstone,95.178
10,8,1,31,52,Silverstone,95.024
11,2,0,37,52,Silverstone,95.052
12,4,0,34,52,Silverstone,94.911
13,2,2,36,52,Silverstone,94.912
14,12,0,30,52,Silverstone,94.82
15,17,0,34,52,Silverstone,94.816
16,8,1,39,52,Silverstone,94.828
17,11,0,30,52,Silverstone,94.75
18,11,0,30,52,Silverstone,94.712
19,9,2,30,52,Silverstone,94.609
20,15,1,44,52,Silverstone,94.658
21,15,0,37,52,Silverstone,94.652
22,17,1,38,52,Silverstone,94.379
23,8,1,44,52,Silverstone,94.417
24,9,1,30,52,Silverstone,94.706
25,10,1,37,52,Silverstone,94.598
26,16,0,32,52,Silverstone,94.258
27,6,1,32,52,Silverstone,94.293
28,1,2,31,52,Silverstone,94.448
29,8,2,44,52,Silverstone,94.361
30,2,1,44,52,Silverstone,94.238
31,7,1,39,52,Silverstone,94.325
32,17,0,33,52,Silverstone,94.394
33,11,0,31,52,Silverstone,94.272
34,13,1,32,52,Silverstone,94.258
35,19,2,37,52,Silverstone,93.985
36,15,2,40,52,Silverstone,93.997
37,10,2,34,52,Silverstone,93.709
38,14,0,36,52,Silverstone,93.71
39,4,2,42,52,Silverstone,122.98
40,3,0,40,52,Silverstone,142.448
41,9,1,32,52,Silverstone,109.38
42,2,0,40,52,Silverstone,155.154
43,7,2,31,52,Silverstone,93.605
44,6,0,33,52,Silverstone,94.04
45,5,2,40,52,Silverstone,93.679
46,1,0,41,52,Silverstone,93.317
47,13,1,31,52,Silverstone,92.841
48,5,0,31,52,Silverstone,93.053
49,10,1,43,52,Silverstone,92.988
50,13,1,43,52,Silverstone,93.005
51,15,0,31,52,Silverstone,93.169
52,4,1,43,52,Silverstone,92.471
1,1,2,38,52,Silverstone,176.549
3,18,1,36,52,Silverstone,115.88
4,16,0,38,52,Silverstone,98.189
5,15,0,44,52,Silverstone,96.284
6,1,1,43,52,Silverstone,95.761
7,3,1,31,52,Silverstone,95.666
8,7,0,41,52,Silverstone,95.64
9,9,0,38,52,Silverstone,96.032
10,9,2,33,52,Silverstone,95.766
11,5,2,38,52,Silverstone,96.768
12,2,0,42,52,Silverstone,96.001
13,4,1,31,52,Silverstone,95.464
14,12,2,40,52,Silverstone,95.466
15,12,2,40,52,Silverstone,95.004
16,15,2,33,52,Silverstone,118.262
17,6,1,41,52,Silverstone,95.948
18,19,1,32,52,Silverstone,94.833
19,10,1,39,52,Silverstone,94.695
20,1,2,33,52,Silverstone,95.203
21,17,0,40,52,Silverstone,94.946
22,18,1,37,52,Silverstone,94.844
23,4,1,44,52,Silverstone,94.707
24,1,1,42,52,Silverstone,94.718
25,8,1,37,52,Silverstone,95.143
26,19,2,32,52,Silverstone,94.844
27,6,0,32,52,Silverstone,94.572
28,3,2,33,52,Silverstone,94.526
29,3,0,30,52,Silverstone,94.133
30,14,2,44,52,Silverstone,94.373
31,13,0,35,52,Silverstone,94.016
32,7,0,40,52,Silverstone,95.116
33,16,2,33,52,Silverstone,94.252
34,3,2,37,52,Silverstone,93.781
35,18,0,32,52,Silverstone,93.748
36,10,0,37,52,Silverstone,93.788
37,15,1,34,52,Silverstone,93.722
38,2,0,39,52,Silverstone,99.54
39,6,2,40,52,Silverstone,126.48
40,14,1,32,52,Silverstone,125.554
41,5,2,34,52,Silverstone,123.087
42,19,2,43,52,Silverstone,136.621
43,8,2,40,52,Silverstone,94.564
44,3,1,35,52,Silverstone,93.775
45,9,2,42,52,Silverstone,93.213
46,19,1,44,52,Silverstone,93.461
47,9,0,37,52,Silverstone,93.495
48,15,0,37,52,Silverstone,93.196
49,12,0,44,52,Silverstone,94.124
50,7,2,34,52,Silverstone,92.812
51,16,1,40,52,Silverstone,92.416
52,18,0,30,52,Silverstone,92.379
1,7,1,35,52,Silverstone,178.096
3,17,1,33,52,Silverstone,120.329
4,14,0,35,52,Silverstone,97.298
5,14,1,30,52,Silverstone,96.04
6,7,2,35,52,Silverstone,95.569
7,5,1,31,52,Silverstone,95.083
8,11,0,35,52,Silverstone,95.677
9,6,0,44,52,Silverstone,96.028
10,2,2,36,52,Silverstone,95.42
11,11,2,42,52,Silverstone,94.999
12,3,2,44,52,Silverstone,95.408
13,17,1,41,52,Silverstone,95.452
14,14,0,39,52,Silverstone,95.222
15,4,2,36,52,Silverstone,95.327
16,9,2,38,52,Silverstone,94.892
17,12,2,43,52,Silverstone,95.449
18,1,1,43,52,Silverstone,95.425
19,18,0,43,52,Silverstone,94.418
20,6,0,36,52,Silverstone,117.276
21,16,1,43,52,Silverstone,94.469
22,2,0,44,52,Silverstone,94.127
23,2,1,30,52,Silverstone,94.648
24,4,0,40,52,Silverstone,94.725
25,12,2,41,52,Silverstone,94.793
26,4,1,41,52,Silverstone,93.92
27,3,2,43,52,Silverstone,94.017
28,16,2,44,52,Silverstone,94.612
29,18,2,39,52,Silverstone,95.144
30,5,2,42,52,Silverstone,95.006
31,7,1,33,52,Silverstone,94.247
32,6,1,42,52,Silverstone,94.139
33,19,2,36,52,Silverstone,93.979
34,12,0,44,52,Silverstone,93.794
35,11,2,30,52,Silverstone,93.864
36,4,1,30,52,Silverstone,93.796
37,9,0,43,52,Silverstone,93.275
38,16,1,44,52,Silverstone,93.782
39,13,2,34,52,Silverstone,125.584
40,4,0,38,52,Silverstone,144.596
41,5,2,30,52,Silverstone,101.44
42,5,0,43,52,Silverstone,152.782
43,15,1,43,52,Silverstone,93.351
44,2,0,31,52,Silverstone,93.597
45,13,1,36,52,Silverstone,92.29
46,14,1,40,52,Silverstone,92.35
47,15,2,33,52,Silverstone,92.224
48,15,0,36,52,Silverstone,92.109
49,11,0,42,52,Silverstone,92.339
50,1,2,33,52,Silverstone,93.27
51,14,2,35,52,Silverstone,92.74
52,12,1,37,52,Silverstone,93.479
3,1,2,30,52,Silverstone,128.425
4,4,2,32,52,Silverstone,96.822
5,15,0,37,52,Silverstone,95.745
6,11,0,41,52,Silverstone,95.483
7,4,2,30,52,Silverstone,95.573
8,1,1,38,52,Silverstone,95.409
9,16,1,41,52,Silverstone,95.766
10,14,1,40,52,Silverstone,95.616
11,5,0,33,52,Silverstone,105.425
12,18,2,38,52,Silverstone,96.194
13,4,2,38,52,Silverstone,96.659
14,1,0,33,52,Silverstone,96.235
15,19,1,41,52,Silverstone,96.207
16,9,2,31,52,Silverstone,96.092
17,1,0,37,52,Silverstone,96.0
18,15,1,34,52,Silverstone,95.184
19,8,0,37,52,Silverstone,124.461
20,1,1,40,52,Silverstone,96.232
21,4,1,41,52,Silverstone,95.537
22,13,1,38,52,Silverstone,95.713
23,6,1,35,52,Silverstone,95.438
24,4,1,33,52,Silverstone,97.998
25,5,2,40,52,Silverstone,95.841
26,13,2,33,52,Silverstone,95.442
27,2,0,31,52,Silverstone,95.505
28,7,0,41,52,Silverstone,95.545
29,7,2,31,52,Silverstone,95.62
30,10,0,35,52,Silverstone,98.388
31,8,2,34,52,Silverstone,95.505
32,7,2,40,52,Silverstone,95.705
33,1,1,42,52,Silverstone,95.196
34,14,0,35,52,Silverstone,95.12
35,17,1,34,52,Silverstone,94.797
36,13,0,44,52,Silverstone,94.607
37,18,2,41,52,Silverstone,94.75
38,16,0,30,52,Silverstone,110.542
39,9,0,35,52,Silverstone,143.56
40,11,0,36,52,Silverstone,138.882
41,9,1,41,52,Silverstone,93.981
42,7,0,33,52,Silverstone,93.965
43,8,2,35,52,Silverstone,93.912
44,11,0,42,52,Silverstone,94.99
45,17,1,37,52,Silverstone,94.488
46,10,0,43,52,Silverstone,94.144
47,6,2,44,52,Silverstone,94.132
48,12,1,30,52,Silverstone,93.947
49,16,0,30,52,Silverstone,94.072
50,18,0,40,52,Silverstone,94.191
51,17,0,32,52,Silverstone,93.832
52,2,0,37,52,Silverstone,94.089
3,13,2,42,52,Silverstone,125.385
4,18,0,33,52,Silverstone,96.513
5,2,1,36,52,Silverstone,95.717
6,4,1,35,52,Silverstone,95.589
7,11,1,39,52,Silverstone,95.631
8,15,0,40,52,Silverstone,95.485
9,2,1,44,52,Silverstone,95.807
10,7,1,36,52,Silverstone,95.291
11,2,1,42,52,Silverstone,95.57
12,13,1,33,52,Silverstone,95.494
13,4,1,39,52,Silverstone,95.426
14,11,1,41,52,Silverstone,95.256
15,5,2,38,52,Silverstone,95.101
16,18,0,37,52,Silverstone,94.995
17,12,0,41,52,Silverstone,94.999
18,16,1,35,52,Silverstone,94.849
19,13,2,41,52,Silverstone,94.996
20,19,1,40,52,Silverstone,95.046
21,6,1,37,52,Silverstone,95.036
22,16,0,40,52,Silverstone,94.779
23,16,1,40,52,Silverstone,117.971
24,13,0,34,52,Silverstone,94.287
25,4,0,35,52,Silverstone,94.65
26,13,1,32,52,Silverstone,94.24
27,14,1,38,52,Silverstone,94.843
28,17,0,44,52,Silverstone,94.631
29,15,0,38,52,Silverstone,94.149
30,9,1,42,52,Silverstone,94.367
31,3,0,44,52,Silverstone,93.915
32,12,0,33,52,Silverstone,94.139
33,11,2,44,52,Silverstone,94.115
34,4,0,39,52,Silverstone,93.962
35,16,0,33,52,Silverstone,93.726
36,9,1,32,52,Silverstone,94.258
37,4,0,35,52,Silverstone,93.537
1,10,1,43,53,Monza,88.085
2,13,2,37,53,Monza,86.535
3,16,2,33,53,Monza,86.352
4,7,0,35,53,Monza,85.802
5,1,2,36,53,Monza,85.902
6,12,1,37,53,Monza,85.559
7,15,2,39,53,Monza,85.467
8,7,0,34,53,Monza,85.784
9,1,2,38,53,Monza,86.092
10,9,1,32,53,Monza,86.266
11,13,1,33,53,Monza,85.796
12,11,0,36,53,Monza,109.019
13,9,2,42,53,Monza,106.038
14,10,0,37,53,Monza,85.257
15,1,2,36,53,Monza,85.631
16,10,0,30,53,Monza,85.428
17,7,0,42,53,Monza,85.145
18,3,1,31,53,Monza,85.428
19,1,2,41,53,Monza,85.664
20,7,0,38,53,Monza,85.525
21,8,1,42,53,Monza,85.473
22,10,0,41,53,Monza,85.641
23,12,1,34,53,Monza,85.471
24,4,0,36,53,Monza,85.365
25,18,2,42,53,Monza,85.225
26,16,0,32,53,Monza,85.507
27,4,2,44,53,Monza,86.04
28,14,0,32,53,Monza,85.683
29,4,1,32,53,Monza,85.512
30,10,2,43,53,Monza,85.602
31,10,2,31,53,Monza,85.769
32,14,2,44,53,Monza,85.962
33,4,2,36,53,Monza,90.03
34,7,0,30,53,Monza,105.007
35,1,1,44,53,Monza,85.228
36,8,2,35,53,Monza,84.908
37,7,1,37,53,Monza,84.51
38,4,1,33,53,Monza,84.336
39,10,0,39,53,Monza,84.411
40,1,1,43,53,Monza,84.745
41,14,1,36,53,Monza,84.522
42,2,0,33,53,Monza,84.612
43,12,0,36,53,Monza,84.532
44,9,2,39,53,Monza,84.793
45,16,0,30,53,Monza,85.17
46,16,0,35,53,Monza,84.452
47,4,1,38,53,Monza,85.325
48,8,2,30,53,Monza,118.392
49,2,1,36,53,Monza,134.508
50,7,2,31,53,Monza,99.418
51,5,0,39,53,Monza,117.073
52,4,1,43,53,Monza,143.218
53,19,2,39,53,Monza,132.742
1,10,2,40,53,Monza,89.427
2,8,0,42,53,Monza,86.724
3,15,0,42,53,Monza,86.432
4,8,2,43,53,Monza,86.143
5,1,0,33,53,Monza,86.878
6,5,0,42,53,Monza,85.761
7,4,1,38,53,Monza,86.255
8,15,0,37,53,Monza,86.273
9,8,0,34,53,Monza,86.404
10,18,2,32,53,Monza,86.169
11,17,0,38,53,Monza,86.551
12,8,2,32,53,Monza,108.631
13,13,2,36,53,Monza,88.268
14,1,0,31,53,Monza,86.289
15,6,1,35,53,Monza,86.302
16,16,0,40,53,Monza,86.396
17,1,1,43,53,Monza,86.234
18,15,1,39,53,Monza,86.412
19,5,0,42,53,Monza,86.452
20,17,1,37,53,Monza,86.537
21,7,1,42,53,Monza,86.491
22,6,2,38,53,Monza,86.714
23,6,2,31,53,Monza,90.661
24,15,2,31,53,Monza,107.766
25,11,1,43,53,Monza,85.678
26,19,1,38,53,Monza,85.593
27,9,2,40,53,Monza,85.917
28,19,1,42,53,Monza,85.792
29,14,2,43,53,Monza,86.159
30,15,1,32,53,Monza,86.14
31,5,0,32,53,Monza,85.938
32,3,0,39,53,Monza,86.041
33,15,1,40,53,Monza,85.957
34,19,1,34,53,Monza,86.087
35,8,2,43,53,Monza,85.714
36,19,0,32,53,Monza,85.893
37,16,0,43,53,Monza,85.985
38,14,0,38,53,Monza,85.645
39,3,0,44,53,Monza,85.652
40,12,1,34,53,Monza,85.288
41,14,0,38,53,Monza,85.366
42,8,1,41,53,Monza,85.431
43,19,1,43,53,Monza,85.509
44,5,1,39,53,Monza,86.052
45,12,2,37,53,Monza,86.052
46,2,0,39,53,Monza,85.833
47,1,1,31,53,Monza,92.39
48,8,1,39,53,Monza,154.105
49,7,2,33,53,Monza,136.908
50,4,0,35,53,Monza,124.303
51,19,0,34,53,Monza,93.77
52,17,2,44,53,Monza,88.695
53,5,1,36,53,Monza,126.853
1,19,1,31,53,Monza,90.751
2,2,1,39,53,Monza,88.398
3,8,1,33,53,Monza,87.818
4,8,1,44,53,Monza,87.26
5,17,2,35,53,Monza,87.441
6,8,0,38,53,Monza,87.406
7,14,1,36,53,Monza,87.222
8,4,2,39,53,Monza,87.266
9,9,1,31,53,Monza,87.567
10,7,1,42,53,Monza,87.661
11,16,0,34,53,Monza,87.466
12,19,2,31,53,Monza,109.865
13,15,0,34,53,Monza,89.644
14,1,2,40,53,Monza,87.727
15,9,2,41,53,Monza,87.711
16,3,0,31,53,Monza,87.509
17,19,2,39,53,Monza,87.614
18,12,2,38,53,Monza,87.753
19,14,0,42,53,Monza,91.516
20,13,0,42,53,Monza,109.019
21,5,1,36,53,Monza,87.372
22,14,0,38,53,Monza,87.37
23,3,1,35,53,Monza,86.911
24,18,0,33,53,Monza,87.094
25,16,0,30,53,Monza,86.971
26,4,1,36,53,Monza,87.173
27,17,2,39,53,Monza,86.918
28,17,0,41,53,Monza,86.972
29,13,0,36,53,Monza,87.175
30,11,1,37,53,Monza,86.938
31,17,2,35,53,Monza,87.317
32,5,1,33,53,Monza,87.498
33,14,1,30,53,Monza,87.143
34,19,1,32,53,Monza,87.1
35,5,1,41,53,Monza,86.978
36,13,0,43,53,Monza,87.207
37,15,1,42,53,Monza,88.336
38,16,2,34,53,Monza,86.778
39,7,2,41,53,Monza,86.603
40,18,1,33,53,Monza,86.759
41,9,0,30,53,Monza,86.751
42,15,1,35,53,Monza,86.775
43,18,1,43,53,Monza,86.751
44,16,1,41,53,Monza,87.184
45,17,1,40,53,Monza,87.296
1,10,0,34,53,Monza,90.827
2,6,2,30,53,Monza,86.401
3,9,1,38,53,Monza,86.181
4,12,2,39,53,Monza,85.782
5,1,0,33,53,Monza,85.512
6,14,0,42,53,Monza,85.66
7,4,0,42,53,Monza,85.297
8,13,1,42,53,Monza,85.618
9,17,1,38,53,Monza,85.886
10,16,1,44,53,Monza,85.953
11,12,1,31,53,Monza,85.858
12,1,0,41,53,Monza,107.245
13,19,1,30,53,Monza,88.719
14,19,1,32,53,Monza,85.615
15,4,0,33,53,Monza,85.794
16,19,1,32,53,Monza,85.903
17,15,2,36,53,Monza,85.87
18,17,2,41,53,Monza,85.985
19,4,0,43,53,Monza,85.799
20,8,0,37,53,Monza,85.75
21,15,1,43,53,Monza,85.79
22,15,1,42,53,Monza,85.901
23,8,0,41,53,Monza,85.719
24,12,1,41,53,Monza,85.8
25,17,2,44,53,Monza,89.712
26,19,0,36,53,Monza,105.038
27,4,2,31,53,Monza,85.012
28,7,2,36,53,Monza,85.19
29,12,1,37,53,Monza,84.829
30,1,2,32,53,Monza,84.798
31,6,0,32,53,Monza,85.071
32,5,1,41,53,Monza,84.918
33,12,1,44,53,Monza,85.095
34,6,0,37,53,Monza,84.857
35,8,1,36,53,Monza,84.831
36,2,0,42,53,Monza,84.919
37,3,1,36,53,Monza,84.829
38,10,2,40,53,Monza,84.745
39,16,0,44,53,Monza,84.815
40,17,1,36,53,Monza,84.905
41,3,1,30,53,Monza,85.078
42,11,0,31,53,Monza,84.926
43,8,2,33,53,Monza,85.01
44,18,0,40,53,Monza,85.122
45,7,0,39,53,Monza,84.824
46,17,2,41,53,Monza,85.257
47,3,2,39,53,Monza,84.75
48,15,1,32,53,Monza,112.443
49,11,0,32,53,Monza,134.689
50,11,0,38,53,Monza,100.364
51,9,2,36,53,Monza,136.259
52,5,1,30,53,Monza,143.993
53,5,0,30,53,Monza,132.367
1,15,2,38,53,Monza,91.681
2,1,0,38,53,Monza,88.201
3,3,0,41,53,Monza,87.625
4,14,2,42,53,Monza,87.365
5,13,0,39,53,Monza,87.534
6,10,0,37,53,Monza,87.316
7,13,0,43,53,Monza,87.368
8,10,0,37,53,Monza,87.232
9,14,1,43,53,Monza,87.534
10,18,1,38,53,Monza,87.606
11,19,2,31,53,Monza,87.449
12,16,0,36,53,Monza,110.771
13,16,1,35,53,Monza,88.402
14,1,1,31,53,Monza,88.309
15,11,0,36,53,Monza,87.628
16,14,0,43,53,Monza,87.528
17,10,2,31,53,Monza,87.722
18,7,1,35,53,Monza,91.609
19,13,0,31,53,Monza,108.908
20,10,0,42,53,Monza,87.469
21,14,0,33,53,Monza,87.447
22,15,1,39,53,Monza,87.33
23,11,2,34,53,Monza,86.946
24,5,2,39,53,Monza,87.026
25,11,2,36,53,Monza,87.074
26,13,0,36,53,Monza,87.196
27,10,2,39,53,Monza,86.916
28,7,1,39,53,Monza,86.891
29,5,2,42,53,Monza,87.108
30,15,2,35,53,Monza,86.718
31,7,1,39,53,Monza,87.564
32,11,0,43,53,Monza,87.509
33,18,1,41,53,Monza,87.08
34,9,2,41,53,Monza,87.093
35,18,1,43,53,Monza,87.023
36,6,0,35,53,Monza,88.619
37,5,2,38,53,Monza,87.632
38,5,0,42,53,Monza,87.047
39,19,0,41,53,Monza,86.932
40,4,1,36,53,Monza,86.949
41,15,0,40,53,Monza,86.721
42,15,0,40,53,Monza,86.817
43,11,2,44,53,Monza,86.734
44,3,2,36,53,Monza,87.055
45,1,2,35,53,Monza,88.377
46,8,1,33,53,Monza,86.744
47,16,1,44,53,Monza,110.41
48,19,0,31,53,Monza,118.291
49,18,1,38,53,Monza,105.775
50,17,1,32,53,Monza,122.698
51,1,0,43,53,Monza,91.926
52,17,0,39,53,Monza,89.512
53,2,1,34,53,Monza,123.49
1,16,0,36,53,Monza,92.356
2,13,0,41,53,Monza,88.196
3,5,2,37,53,Monza,87.655
4,12,1,31,53,Monza,87.326
5,2,2,44,53,Monza,87.553
6,2,0,42,53,Monza,87.381
7,11,0,30,53,Monza,87.265
8,1,0,42,53,Monza,87.38
9,6,1,44,53,Monza,87.295
10,6,1,43,53,Monza,87.565
11,17,0,39,53,Monza,88.23
12,4,2,38,53,Monza,110.69
13,4,2,34,53,Monza,88.568
14,17,0,39,53,Monza,87.824
15,4,2,38,53,Monza,88.013
16,11,1,30,53,Monza,87.414
17,1,2,40,53,Monza,87.45
18,11,0,44,53,Monza,87.353
19,6,0,42,53,Monza,87.291
20,11,1,44,53,Monza,87.08
21,18,1,41,53,Monza,87.298
22,14,2,35,53,Monza,86.88
23,11,2,33,53,Monza,86.861
24,17,1,40,53,Monza,87.371
25,19,2,41,53,Monza,86.902
26,15,1,33,53,Monza,87.082
27,17,0,42,53,Monza,86.837
28,12,2,38,53,Monza,87.067
29,11,2,42,53,Monza,86.987
30,15,2,30,53,Monza,86.991
31,17,0,34,53,Monza,86.928
32,9,0,38,53,Monza,87.114
33,19,1,41,53,Monza,87.017
34,5,2,33,53,Monza,87.001
35,11,1,34,53,Monza,91.485
36,10,2,32,53,Monza,111.134
37,7,0,33,53,Monza,85.309
38,12,2,30,53,Monza,85.167
39,3,2,31,53,Monza,85.034
40,17,2,44,53,Monza,84.926
41,8,0,35,53,Monza,84.799
42,3,2,39,53,Monza,85.082
43,19,1,36,53,Monza,84.718
44,1,2,44,53,Monza,84.891
45,8,0,43,53,Monza,84.825
46,15,2,30,53,Monza,84.985
47,12,1,35,53,Monza,106.482
48,11,0,32,53,Monza,138.377
49,19,0,39,53,Monza,109.062
50,9,1,40,53,Monza,120.916
51,4,0,36,53,Monza,93.826
52,8,1,38,53,Monza,88.203
53,19,0,37,53,Monza,126.276
1,6,0,39,53,Monza,93.058
2,16,1,31,53,Monza,88.272
3,16,0,35,53,Monza,87.607
4,18,0,31,53,Monza,87.417
5,11,1,42,53,Monza,87.502
6,17,2,36,53,Monza,87.446
7,19,1,33,53,Monza,87.203
8,16,0,30,53,Monza,87.415
9,9,0,44,53,Monza,87.487
10,15,1,43,53,Monza,87.975
11,5,2,32,53,Monza,87.748
12,16,1,40,53,Monza,110.187
13,7,2,31,53,Monza,87.45
14,8,1,35,53,Monza,88.185
15,11,2,41,53,Monza,87.867
16,10,2,36,53,Monza,87.472
17,18,0,32,53,Monza,87.682
18,11,2,39,53,Monza,88.351
19,2,0,31,53,Monza,87.324
20,4,2,35,53,Monza,87.728
21,14,2,44,53,Monza,87.668
22,1,0,44,53,Monza,87.615
23,12,2,36,53,Monza,88.055
24,11,1,31,53,Monza,87.83
25,8,0,39,53,Monza,87.452
26,19,1,39,53,Monza,87.583
27,4,2,37,53,Monza,88.363
28,13,1,31,53,Monza,87.865
29,8,1,35,53,Monza,87.698
30,10,0,30,53,Monza,87.385
31,14,1,30,53,Monza,93.429
1,19,1,36,53,Monza,93.491
2,4,1,38,53,Monza,88.416
3,15,2,39,53,Monza,87.566
4,3,2,39,53,Monza,87.459
5,3,2,41,53,Monza,87.428
6,14,1,43,53,Monza,87.466
7,3,0,31,53,Monza,87.341
8,16,2,33,53,Monza,87.328
9,15,1,40,53,Monza,88.071
10,17,1,30,53,Monza,87.381
11,17,0,36,53,Monza,87.798
12,15,2,43,53,Monza,110.794
13,8,1,31,53,Monza,87.451
14,10,2,43,53,Monza,87.859
15,13,0,39,53,Monza,88.096
16,5,2,43,53,Monza,87.554
17,1,1,44,53,Monza,87.623
18,4,0,40,53,Monza,87.836
19,9,2,40,53,Monza,92.409
20,11,0,38,53,Monza,108.296
21,7,0,40,53,Monza,87.098
22,12,1,35,53,Monza,86.748
23,17,1,36,53,Monza,86.925
24,5,0,30,53,Monza,86.818
25,2,2,44,53,Monza,86.643
26,16,2,43,53,Monza,87.115
27,19,0,37,53,Monza,86.756
28,15,1,33,53,Monza,86.968
29,19,2,39,53,Monza,86.923
30,4,2,37,53,Monza,86.993
31,12,1,37,53,Monza,87.478
32,4,1,33,53,Monza,87.401
33,9,2,40,53,Monza,87.145
34,4,1,36,53,Monza,87.101
35,3,1,32,53,Monza,87.879
36,4,2,43,53,Monza,88.091
37,9,2,38,53,Monza,87.149
38,6,2,38,53,Monza,87.324
39,17,1,35,53,Monza,87.198
40,7,0,41,53,Monza,86.824
41,13,0,39,53,Monza,86.624
42,10,0,42,53,Monza,87.153
43,17,1,31,53,Monza,87.266
44,2,0,39,53,Monza,87.348
45,3,1,34,53,Monza,86.949
46,7,1,40,53,Monza,87.2
47,1,2,36,53,Monza,111.564
48,18,1,34,53,Monza,118.039
49,8,2,34,53,Monza,105.07
50,8,1,37,53,Monza,122.781
51,18,2,39,53,Monza,91.836
52,5,1,33,53,Monza,89.693
53,13,0,43,53,Monza,122.87
1,13,2,35,53,Monza,93.823
2,12,2,31,53,Monza,88.445
3,12,2,41,53,Monza,87.989
4,14,0,36,53,Monza,87.296
5,1,2,42,53,Monza,87.546
6,14,2,38,53,Monza,87.369
7,17,1,40,53,Monza,87.3
8,15,2,31,53,Monza,87.953
9,15,1,31,53,Monza,87.651
10,4,1,34,53,Monza,87.471
11,5,1,44,53,Monza,87.709
12,15,0,43,53,Monza,110.966
13,4,2,42,53,Monza,87.247
14,1,2,34,53,Monza,87.611
15,15,1,35,53,Monza,88.143
16,16,0,30,53,Monza,87.771
17,6,2,34,53,Monza,87.774
18,1,1,38,53,Monza,92.22
19,19,1,32,53,Monza,109.541
20,10,2,44,53,Monza,87.075
21,1,1,33,53,Monza,86.598
22,13,0,44,53,Monza,87.281
23,17,0,40,53,Monza,87.155
24,14,1,41,53,Monza,86.996
25,4,2,31,53,Monza,86.763
26,1,2,31,53,Monza,86.93
27,18,1,38,53,Monza,86.904
28,14,2,38,53,Monza,86.842
29,12,2,32,53,Monza,86.824
30,11,2,38,53,Monza,87.098
31,13,1,35,53,Monza,86.927
32,5,0,39,53,Monza,87.421
33,16,0,37,53,Monza,86.896
34,3,0,32,53,Monza,87.383
35,1,1,44,53,Monza,87.592
36,14,1,33,53,Monza,87.669
37,17,1,43,53,Monza,87.278
38,4,0,38,53,Monza,87.156
39,12,2,34,53,Monza,87.224
40,11,1,38,53,Monza,86.991
41,11,2,43,53,Monza,86.361
42,1,1,31,53,Monza,87.208
43,13,1,42,53,Monza,87.411
44,19,0,42,53,Monza,88.275
45,11,2,33,53,Monza,87.156
46,15,1,34,53,Monza,86.962
47,7,0,30,53,Monza,111.203
48,18,2,37,53,Monza,117.798
49,16,0,40,53,Monza,105.91
50,5,1,43,53,Monza,121.689
51,3,1,37,53,Monza,92.886
52,14,1,40,53,Monza,90.037
53,15,1,33,53,Monza,121.697
1,15,0,43,53,Monza,94.498
2,3,0,38,53,Monza,89.616
3,13,1,34,53,Monza,88.338
4,8,1,41,53,Monza,87.501
5,5,1,41,53,Monza,87.928
6,15,1,31,53,Monza,88.087
7,15,1,40,53,Monza,87.662
8,1,1,42,53,Monza,87.956
9,16,0,43,53,Monza,87.851
10,19,2,30,53,Monza,88.788
1,12,1,35,53,Monza,94.774
2,16,2,30,53,Monza,88.722
3,19,2,33,53,Monza,88.096
4,8,1,37,53,Monza,87.618
5,12,2,37,53,Monza,87.637
6,15,0,30,53,Monza,88.499
7,1,0,39,53,Monza,87.694
8,15,1,42,53,Monza,87.783
9,19,0,38,53,Monza,87.902
10,17,2,36,53,Monza,88.014
11,13,1,35,53,Monza,88.112
12,5,2,34,53,Monza,110.745
13,10,2,35,53,Monza,87.931
14,19,2,36,53,Monza,87.527
15,2,2,39,53,Monza,87.915
16,7,2,36,53,Monza,87.824
17,8,2,36,53,Monza,88.819
18,14,2,36,53,Monza,92.349
19,14,1,36,53,Monza,108.132
20,9,1,41,53,Monza,88.51
21,6,1,43,53,Monza,88.442
22,3,0,40,53,Monza,87.815
23,17,1,36,53,Monza,87.595
24,1,2,41,53,Monza,88.746
25,19,1,41,53,Monza,87.749
26,5,0,39,53,Monza,87.704
27,15,2,34,53,Monza,87.491
28,17,2,37,53,Monza,87.687
29,7,1,30,53,Monza,87.583
30,10,2,34,53,Monza,87.499
31,17,0,42,53,Monza,87.761
32,4,2,36,53,Monza,87.641
33,12,2,32,53,Monza,87.5
34,13,1,36,53,Monza,87.467
35,16,0,39,53,Monza,88.234
36,1,0,34,53,Monza,88.569
37,13,0,35,53,Monza,88.318
38,12,2,32,53,Monza,87.475
39,19,0,30,53,Monza,94.274
1,10,0,37,53,Monza,95.277
2,4,1,30,53,Monza,89.935
3,9,2,37,53,Monza,88.221
4,19,0,31,53,Monza,89.212
5,3,0,42,53,Monza,88.126
6,12,0,44,53,Monza,87.918
7,15,1,35,53,Monza,87.833
8,9,0,44,53,Monza,88.877
9,12,2,34,53,Monza,88.644
10,11,1,32,53,Monza,87.835
11,9,0,41,53,Monza,88.421
12,8,2,33,53,Monza,110.858
13,7,1,34,53,Monza,88.457
14,1,1,43,53,Monza,88.137
15,2,1,34,53,Monza,88.232
16,12,0,32,53,Monza,88.755
17,6,1,41,53,Monza,88.144
18,1,0,38,53,Monza,88.771
19,15,1,40,53,Monza,87.88
20,15,1,43,53,Monza,89.423
21,12,1,33,53,Monza,88.625
22,19,0,41,53,Monza,88.395
23,17,0,38,53,Monza,88.011
24,11,0,42,53,Monza,92.278
25,16,1,30,53,Monza,114.426
26,14,2,38,53,Monza,87.631
27,7,0,35,53,Monza,88.535
28,9,2,38,53,Monza,87.082
29,7,0,37,53,Monza,86.853
30,8,1,41,53,Monza,87.2
31,16,1,35,53,Monza,87.763
32,7,1,31,53,Monza,86.976
33,1,0,41,53,Monza,87.203
34,16,0,35,53,Monza,87.087
35,7,1,39,53,Monza,87.034
36,14,2,37,53,Monza,87.156
37,1,1,36,53,Monza,86.798
38,17,2,32,53,Monza,87.075
39,10,1,32,53,Monza,87.498
40,14,0,32,53,Monza,87.061
41,2,2,42,53,Monza,87.645
42,18,1,31,53,Monza,87.416
43,15,0,37,53,Monza,88.341
44,3,0,44,53,Monza,87.224
45,12,2,41,53,Monza,87.573
46,17,1,38,53,Monza,97.824
47,11,1,40,53,Monza,145.263
48,19,1,42,53,Monza,137.528
49,3,0,38,53,Monza,124.196
50,9,0,37,53,Monza,93.236
51,15,1,39,53,Monza,88.536
52,6,0,35,53,Monza,127.732
1,14,0,30,53,Monza,95.68
2,3,2,32,53,Monza,88.849
3,6,2,36,53,Monza,88.228
4,11,1,30,53,Monza,87.725
5,19,2,38,53,Monza,88.005
6,19,1,30,53,Monza,88.533
7,19,2,40,53,Monza,87.642
8,17,1,33,53,Monza,87.379
9,2,1,39,53,Monza,87.876
10,15,1,37,53,Monza,88.206
11,10,0,40,53,Monza,87.655
12,12,0,38,53,Monza,110.48
13,5,1,31,53,Monza,87.636
14,13,0,39,53,Monza,87.859
15,11,1,36,53,Monza,87.709
16,17,0,38,53,Monza,88.442
17,2,1,44,53,Monza,88.196
18,11,2,41,53,Monza,87.885
19,12,1,34,53,Monza,91.754
20,17,1,36,53,Monza,107.973
21,3,1,32,53,Monza,87.215
22,18,2,33,53,Monza,87.16
23,7,2,31,53,Monza,87.158
24,2,0,34,53,Monza,87.106
25,1,1,42,53,Monza,87.223
26,7,2,36,53,Monza,87.054
27,6,0,40,53,Monza,86.898
28,4,2,31,53,Monza,86.93
29,18,1,39,53,Monza,87.144
30,5,1,35,53,Monza,87.095
31,19,2,34,53,Monza,86.865
32,10,1,30,53,Monza,86.858
33,16,2,42,53,Monza,87.124
34,13,2,31,53,Monza,86.881
35,9,2,35,53,Monza,86.901
36,17,1,36,53,Monza,86.798
37,16,0,39,53,Monza,86.593
38,19,0,36,53,Monza,86.667
39,3,2,36,53,Monza,86.704
40,18,0,34,53,Monza,86.594
41,4,2,41,53,Monza,86.703
42,6,1,43,53,Monza,86.99
43,14,0,31,53,Monza,87.996
44,12,2,37,53,Monza,87.391
45,14,2,30,53,Monza,86.869
46,11,2,44,53,Monza,87.079
47,18,1,37,53,Monza,112.313
48,11,1,40,53,Monza,118.126
49,13,1,37,53,Monza,104.374
50,14,2,30,53,Monza,120.734
51,9,2,30,53,Monza,93.303
52,7,2,36,53,Monza,90.957
53,19,1,32,53,Monza,120.319
1,3,1,44,53,Monza,95.968
2,1,1,37,53,Monza,90.629
3,4,0,44,53,Monza,89.308
4,7,2,30,53,Monza,87.944
5,18,2,40,53,Monza,87.837
6,1,1,41,53,Monza,87.773
7,5,0,31,53,Monza,88.283
8,8,2,43,53,Monza,88.76
9,14,1,35,53,Monza,88.305
10,15,2,34,53,Monza,87.967
11,18,0,36,53,Monza,88.664
12,5,1,40,53,Monza,110.0
13,11,0,39,53,Monza,87.316
14,11,1,33,53,Monza,87.504
15,14,0,39,53,Monza,91.889
16,10,0,37,53,Monza,110.672
17,12,1,42,53,Monza,86.798
18,19,0,44,53,Monza,86.831
19,16,1,33,53,Monza,87.449
20,6,2,30,53,Monza,87.218
21,9,0,35,53,Monza,87.208
22,10,0,30,53,Monza,87.196
23,6,0,38,53,Monza,87.346
24,9,2,42,53,Monza,87.394
25,17,2,37,53,Monza,87.22
26,19,2,34,53,Monza,87.04
27,9,1,33,53,Monza,87.095
28,12,1,40,53,Monza,87.028
29,15,2,38,53,Monza,87.15
30,14,1,33,53,Monza,87.194
31,2,2,43,53,Monza,88.348
32,11,0,43,53,Monza,87.292
33,4,1,42,53,Monza,87.074
34,12,0,32,53,Monza,87.496
35,19,1,43,53,Monza,86.945
36,2,2,42,53,Monza,87.266
37,4,0,44,53,Monza,87.071
38,4,1,33,53,Monza,88.025
39,4,2,35,53,Monza,87.309
40,4,1,33,53,Monza,87.284
41,2,1,40,53,Monza,88.779
42,13,0,44,53,Monza,88.415
43,3,2,38,53,Monza,87.331
44,8,1,32,53,Monza,87.99
45,10,2,33,53,Monza,87.452
46,2,0,33,53,Monza,87.87
47,2,0,36,53,Monza,120.449
48,12,1,32,53,Monza,134.429
49,9,0,42,53,Monza,95.047
50,1,0,44,53,Monza,114.072
51,15,0,35,53,Monza,144.227
52,10,1,39,53,Monza,131.146
1,4,1,31,53,Monza,96.234
2,12,0,33,53,Monza,90.459
3,12,1,36,53,Monza,87.557
4,5,2,38,53,Monza,87.263
5,9,2,35,53,Monza,87.266
6,2,1,32,53,Monza,87.535
7,11,1,39,53,Monza,92.185
8,17,1,36,53,Monza,107.579
9,11,1,41,53,Monza,87.176
10,15,0,41,53,Monza,86.794
11,1,0,30,53,Monza,95.458
12,17,1,34,53,Monza,100.78
13,9,0,38,53,Monza,86.068
14,10,2,44,53,Monza,86.154
15,17,2,38,53,Monza,86.102
16,12,1,33,53,Monza,86.205
17,16,1,30,53,Monza,85.969
18,5,2,31,53,Monza,86.902
19,5,1,33,53,Monza,86.315
20,5,1,31,53,Monza,86.346
21,15,1,44,53,Monza,87.185
22,7,1,32,53,Monza,86.75
23,16,1,34,53,Monza,87.262
24,16,1,33,53,Monza,86.742
25,11,0,42,53,Monza,86.109
26,1,1,42,53,Monza,86.255
27,11,2,33,53,Monza,86.13
28,14,1,41,53,Monza,86.084
29,5,1,43,53,Monza,86.096
30,18,0,38,53,Monza,86.19
31,4,2,41,53,Monza,86.351
32,13,0,43,53,Monza,85.985
33,2,1,31,53,Monza,87.146
34,7,0,44,53,Monza,86.172
35,14,2,36,53,Monza,86.025
36,6,0,32,53,Monza,86.165
37,18,1,38,53,Monza,85.933
38,4,0,30,53,Monza,85.868
39,12,1,44,53,Monza,85.57
40,6,0,37,53,Monza,85.572
41,15,0,39,53,Monza,85.7
42,19,1,41,53,Monza,89.491
43,10,2,43,53,Monza,104.0
44,18,2,32,53,Monza,84.457
45,6,1,37,53,Monza,84.566
46,10,0,42,53,Monza,84.03
47,19,1,43,53,Monza,103.427
48,13,1,42,53,Monza,120.013
49,14,2,42,53,Monza,124.016
50,13,0,31,53,Monza,123.446
51,7,0,34,53,Monza,93.801
52,7,2,35,53,Monza,87.911
53,7,1,36,53,Monza,126.807
1,9,1,42,53,Monza,96.448
2,9,2,35,53,Monza,89.685
3,3,2,34,53,Monza,87.539
4,14,1,44,53,Monza,87.044
5,17,0,34,53,Monza,86.543
6,1,0,40,53,Monza,86.343
7,4,2,40,53,Monza,86.477
8,1,0,44,53,Monza,86.592
9,12,1,34,53,Monza,86.94
10,11,2,37,53,Monza,86.791
11,14,1,35,53,Monza,86.909
12,5,2,32,53,Monza,109.85
13,9,2,35,53,Monza,87.747
14,3,1,34,53,Monza,86.823
15,5,1,42,53,Monza,86.523
16,14,2,40,53,Monza,86.59
17,17,2,42,53,Monza,86.312
18,14,2,39,53,Monza,87.093
19,11,0,40,53,Monza,86.898
20,1,2,41,53,Monza,86.807
21,15,1,37,53,Monza,86.819
22,2,1,36,53,Monza,86.715
23,17,1,33,53,Monza,86.676
24,11,1,36,53,Monza,86.655
25,18,0,43,53,Monza,86.742
26,12,2,34,53,Monza,86.752
27,1,1,40,53,Monza,86.897
28,11,1,35,53,Monza,86.675
29,14,2,44,53,Monza,86.986
30,15,0,41,53,Monza,91.091
31,5,2,43,53,Monza,104.998
32,17,2,31,53,Monza,85.322
33,1,2,41,53,Monza,85.577
34,14,1,43,53,Monza,85.313
35,5,0,30,53,Monza,84.999
36,19,1,31,53,Monza,85.347
37,18,2,36,53,Monza,85.014
38,6,2,34,53,Monza,84.565
39,12,1,41,53,Monza,84.42
40,13,1,37,53,Monza,84.652
41,6,1,32,53,Monza,84.446
42,18,2,40,53,Monza,84.739
43,7,0,39,53,Monza,84.599
44,9,0,40,53,Monza,84.498
45,3,2,41,53,Monza,84.684
46,9,1,34,53,Monza,84.58
47,16,2,35,53,Monza,94.912
48,13,2,31,53,Monza,145.332
49,14,2,39,53,Monza,137.028
50,10,1,32,53,Monza,123.87
51,3,1,39,53,Monza,93.571
52,2,1,39,53,Monza,89.168
53,15,2,31,53,Monza,126.976
1,10,0,44,53,Monza,97.137
2,12,1,32,53,Monza,90.906
3,13,1,34,53,Monza,89.301
4,8,1,33,53,Monza,88.248
5,15,1,37,53,Monza,87.412
6,14,2,44,53,Monza,87.712
7,3,0,42,53,Monza,87.949
8,11,2,42,53,Monza,88.199
9,12,1,31,53,Monza,88.693
10,8,2,41,53,Monza,87.574
11,8,2,31,53,Monza,88.826
12,18,0,38,53,Monza,109.9
13,18,1,30,53,Monza,88.08
14,2,0,33,53,Monza,88.348
15,17,2,33,53,Monza,88.021
16,9,1,41,53,Monza,87.322
17,2,0,42,53,Monza,87.525
18,19,0,35,53,Monza,87.548
19,1,0,39,53,Monza,87.645
20,12,1,42,53,Monza,87.885
21,2,1,30,53,Monza,87.856
22,11,1,36,53,Monza,87.537
23,18,1,43,53,Monza,87.545
24,8,1,44,53,Monza,88.403
25,18,2,33,53,Monza,87.674
26,2,0,38,53,Monza,87.491
27,10,0,39,53,Monza,87.034
28,7,1,37,53,Monza,87.511
29,5,2,43,53,Monza,87.652
30,12,1,34,53,Monza,87.424
31,2,0,43,53,Monza,87.197
32,3,0,41,53,Monza,87.51
33,13,1,31,53,Monza,91.716
34,6,1,30,53,Monza,107.444
35,1,0,32,53,Monza,85.882
36,9,0,36,53,Monza,86.2
37,7,0,39,53,Monza,87.488
38,13,0,32,53,Monza,85.708
39,10,1,43,53,Monza,86.523
40,18,2,42,53,Monza,87.339
41,11,1,35,53,Monza,86.805
42,4,2,32,53,Monza,86.195
43,13,2,41,53,Monza,85.298
44,2,0,36,53,Monza,85.993
45,17,1,30,53,Monza,86.264
46,14,1,36,53,Monza,86.242
47,7,1,37,53,Monza,114.264
48,18,1,42,53,Monza,118.611
49,15,0,31,53,Monza,100.536
50,5,2,30,53,Monza,119.681
51,8,2,41,53,Monza,93.67
52,17,0,38,53,Monza,91.571
53,5,0,37,53,Monza,117.565
1,9,2,34,53,Monza,97.42
2,7,0,40,53,Monza,89.541
3,16,1,34,53,Monza,89.333
4,11,1,42,53,Monza,88.198
5,10,1,34,53,Monza,87.638
6,7,0,42,53,Monza,87.372
7,7,2,32,53,Monza,87.55
8,4,0,34,53,Monza,87.331
9,4,2,43,53,Monza,87.578
10,5,2,44,53,Monza,87.564
11,6,2,44,53,Monza,88.534
12,18,0,43,53,Monza,111.102
13,9,0,43,53,Monza,87.377
14,9,0,37,53,Monza,87.591
15,2,2,38,53,Monza,87.51
16,16,0,44,53,Monza,87.405
17,4,2,37,53,Monza,87.5
18,6,2,36,53,Monza,87.927
19,5,0,31,53,Monza,92.068
20,7,1,30,53,Monza,108.269
21,7,1,42,53,Monza,87.243
22,5,1,39,53,Monza,87.53
23,3,0,30,53,Monza,87.272
24,15,0,42,53,Monza,87.256
25,6,1,41,53,Monza,87.329
26,9,2,40,53,Monza,87.372
27,5,1,37,53,Monza,87.217
28,17,1,43,53,Monza,86.897
29,2,0,31,53,Monza,87.083
30,6,1,30,53,Monza,87.186
31,18,1,35,53,Monza,87.227
32,10,1,32,53,Monza,87.075
33,10,1,36,53,Monza,87.032
34,13,0,42,53,Monza,87.105
35,8,2,43,53,Monza,87.017
36,2,1,35,53,Monza,87.043
37,8,0,30,53,Monza,87.075
38,16,2,42,53,Monza,86.93
39,16,0,44,53,Monza,86.99
40,19,0,39,53,Monza,87.86
41,5,2,39,53,Monza,87.268
42,14,0,42,53,Monza,87.286
43,5,1,41,53,Monza,86.857
44,1,2,40,53,Monza,87.136
45,15,0,33,53,Monza,87.877
46,17,1,34,53,Monza,87.742
47,14,2,35,53,Monza,117.816
48,13,1,32,53,Monza,135.298
49,3,2,41,53,Monza,92.703
50,5,1,34,53,Monza,124.291
51,1,1,38,53,Monza,143.787
52,2,2,30,53,Monza,132.263
1,3,1,37,53,Monza,97.652
2,6,2,44,53,Monza,90.032
3,17,2,34,53,Monza,88.954
4,7,2,43,53,Monza,88.153
5,17,2,41,53,Monza,87.806
6,10,1,30,53,Monza,87.335
7,4,2,30,53,Monza,87.943
8,5,1,30,53,Monza,87.783
9,5,1,37,53,Monza,86.724
10,5,1,33,53,Monza,87.646
11,6,2,39,53,Monza,87.226
12,13,1,37,53,Monza,110.598
13,1,0,32,53,Monza,87.207
14,14,1,37,53,Monza,87.307
15,10,1,40,53,Monza,87.462
16,12,2,32,53,Monza,87.227
17,8,2,43,53,Monza,86.762
18,11,2,40,53,Monza,87.409
19,7,1,37,53,Monza,86.576
20,7,1,36,53,Monza,87.01
21,16,2,43,53,Monza,86.722
22,2,1,36,53,Monza,86.646
23,10,1,40,53,Monza,87.023
24,16,0,41,53,Monza,88.066
25,6,0,36,53,Monza,87.467
26,4,1,42,53,Monza,87.183
27,13,1,42,53,Monza,87.06
28,18,1,42,53,Monza,86.906
29,11,2,34,53,Monza,86.957
30,5,1,43,53,Monza,87.17
31,18,2,43,53,Monza,86.885
32,19,1,33,53,Monza,86.771
33,15,1,36,53,Monza,91.186
34,8,1,30,53,Monza,106.142
35,11,1,38,53,Monza,85.491
36,6,0,41,53,Monza,86.376
37,10,0,38,53,Monza,85.282
38,19,2,41,53,Monza,84.82
39,19,2,30,53,Monza,84.714
40,10,1,38,53,Monza,84.525
41,9,0,40,53,Monza,84.49
42,13,0,42,53,Monza,84.471
43,19,2,43,53,Monza,84.434
44,8,0,41,53,Monza,84.984
45,8,2,42,53,Monza,84.845
46,6,2,40,53,Monza,84.944
47,17,2,35,53,Monza,100.37
48,6,1,35,53,Monza,121.22
49,10,2,34,53,Monza,131.745
50,13,2,38,53,Monza,123.645
51,3,0,35,53,Monza,93.562
52,12,0,36,53,Monza,89.345
53,2,2,30,53,Monza,126.632
1,15,0,44,53,Monza,98.273
2,18,2,42,53,Monza,89.846
3,18,1,41,53,Monza,89.643
4,13,0,39,53,Monza,88.362
5,9,1,34,53,Monza,87.56
6,1,0,43,53,Monza,87.704
7,1,1,37,53,Monza,88.065
8,4,1,32,53,Monza,88.043
9,10,2,30,53,Monza,88.987
10,1,2,39,53,Monza,87.942
11,8,0,34,53,Monza,88.315
12,9,1,31,53,Monza,110.882
13,12,2,40,53,Monza,87.509
14,10,1,38,53,Monza,87.992
15,14,2,37,53,Monza,88.072
16,14,2,43,53,Monza,88.411
17,19,2,41,53,Monza,87.57
18,5,1,32,53,Monza,87.434
19,12,1,39,53,Monza,87.491
20,17,1,35,53,Monza,87.637
21,4,0,42,53,Monza,87.669
22,7,2,34,53,Monza,88.688
23,5,1,37,53,Monza,87.671
24,16,2,34,53,Monza,87.827
25,12,2,37,53,Monza,87.549
26,2,2,30,53,Monza,87.771
27,13,2,39,53,Monza,87.813
28,3,1,43,53,Monza,87.648
29,9,2,43,53,Monza,88.377
30,10,1,44,53,Monza,87.303
31,3,1,30,53,Monza,87.602
32,14,0,39,53,Monza,87.322
33,18,1,31,53,Monza,87.182
34,12,1,39,53,Monza,86.993
35,17,1,38,53,Monza,91.014
36,9,2,41,53,Monza,106.684
37,15,2,33,53,Monza,86.481
38,7,1,43,53,Monza,86.105
39,4,1,42,53,Monza,86.123
40,3,2,33,53,Monza,86.104
41,19,2,42,53,Monza,86.356
42,8,2,30,53,Monza,86.197
43,5,1,31,53,Monza,86.25
44,6,1,31,53,Monza,86.062
45,7,2,30,53,Monza,85.706
46,2,0,34,53,Monza,86.749
47,16,1,41,53,Monza,114.237
48,2,0,31,53,Monza,118.624
49,2,2,41,53,Monza,104.343
50,7,0,39,53,Monza,131.878
51,1,1,35,53,Monza,143.805
52,14,0,31,53,Monza,132.057
1,4,1,40,78,Monaco,84.238
2,19,0,40,78,Monaco,79.367
3,13,0,42,78,Monaco,79.074
4,11,1,32,78,Monaco,78.129
5,13,1,37,78,Monaco,78.019
6,3,2,44,78,Monaco,77.64
7,16,0,42,78,Monaco,77.633
8,2,1,30,78,Monaco,77.397
9,13,0,42,78,Monaco,77.031
10,9,0,42,78,Monaco,77.084
11,17,2,38,78,Monaco,76.858
12,8,1,40,78,Monaco,76.993
13,17,2,37,78,Monaco,77.434
14,17,1,39,78,Monaco,77.065
15,6,0,44,78,Monaco,77.079
16,16,0,31,78,Monaco,76.824
17,14,1,42,78,Monaco,76.86
18,8,2,32,78,Monaco,76.712
19,11,2,30,78,Monaco,76.823
20,2,1,30,78,Monaco,77.214
21,13,0,30,78,Monaco,76.803
22,10,0,33,78,Monaco,76.659
23,9,0,40,78,Monaco,76.604
24,1,2,39,78,Monaco,76.798
25,12,2,38,78,Monaco,77.183
26,16,0,35,78,Monaco,77.212
27,19,1,37,78,Monaco,77.259
28,15,0,41,78,Monaco,77.77
29,5,1,33,78,Monaco,78.001
30,14,2,39,78,Monaco,78.16
31,18,1,34,78,Monaco,78.741
32,7,2,34,78,Monaco,78.816
33,10,2,42,78,Monaco,78.946
34,13,2,37,78,Monaco,78.044
35,16,2,34,78,Monaco,78.024
36,19,1,44,78,Monaco,77.974
37,12,1,33,78,Monaco,77.273
38,4,2,38,78,Monaco,77.122
39,13,0,33,78,Monaco,76.966
40,4,2,44,78,Monaco,77.161
41,16,1,33,78,Monaco,76.944
42,2,1,30,78,Monaco,76.8
43,6,1,32,78,Monaco,76.963
44,4,0,38,78,Monaco,76.722
45,18,2,43,78,Monaco,76.701
46,1,1,42,78,Monaco,77.075
47,12,1,34,78,Monaco,77.16
48,9,0,39,78,Monaco,77.065
49,19,1,42,78,Monaco,77.428
50,5,1,30,78,Monaco,77.314
51,4,1,41,78,Monaco,77.427
52,2,0,39,78,Monaco,84.046
53,1,1,44,78,Monaco,89.919
54,7,0,34,78,Monaco,98.946
55,7,0,31,78,Monaco,130.567
56,1,1,37,78,Monaco,106.131
57,16,0,32,78,Monaco,103.464
58,5,0,38,78,Monaco,102.808
59,19,1,30,78,Monaco,103.791
60,2,2,31,78,Monaco,101.54
61,9,0,38,78,Monaco,100.797
62,10,2,40,78,Monaco,99.272
63,9,0,38,78,Monaco,99.61
64,7,2,44,78,Monaco,98.364
65,3,1,37,78,Monaco,97.16
66,15,1,41,78,Monaco,94.035
67,1,1,43,78,Monaco,92.921
68,5,0,37,78,Monaco,93.659
69,9,0,41,78,Monaco,91.607
70,16,0,44,78,Monaco,91.244
71,19,0,43,78,Monaco,90.363
72,18,2,31,78,Monaco,90.402
73,11,0,31,78,Monaco,88.386
74,6,1,35,78,Monaco,86.864
75,13,1,40,78,Monaco,85.518
76,8,1,36,78,Monaco,85.316
77,7,0,38,78,Monaco,85.46
78,16,1,43,78,Monaco,85.201
1,12,2,44,78,Monaco,85.527
2,1,1,35,78,Monaco,79.646
3,4,0,39,78,Monaco,79.113
4,5,2,34,78,Monaco,78.776
5,9,1,39,78,Monaco,77.939
6,1,0,44,78,Monaco,77.952
7,11,2,33,78,Monaco,77.505
8,4,1,30,78,Monaco,77.391
9,17,1,40,78,Monaco,77.783
10,11,1,41,78,Monaco,77.324
11,5,2,33,78,Monaco,77.249
12,7,2,43,78,Monaco,77.588
13,3,0,42,78,Monaco,78.443
14,11,0,37,78,Monaco,77.508
15,4,0,35,78,Monaco,77.444
16,13,2,40,78,Monaco,77.17
17,17,1,32,78,Monaco,77.699
18,3,1,42,78,Monaco,77.528
19,19,1,40,78,Monaco,77.258
20,7,1,35,78,Monaco,77.13
21,5,2,30,78,Monaco,77.664
22,17,0,30,78,Monaco,77.947
23,9,1,35,78,Monaco,77.272
24,5,0,40,78,Monaco,77.285
25,12,2,40,78,Monaco,77.182
26,10,0,36,78,Monaco,77.141
27,14,1,40,78,Monaco,77.228
28,7,0,44,78,Monaco,77.562
29,4,2,35,78,Monaco,77.111
30,2,1,39,78,Monaco,76.965
31,5,0,44,78,Monaco,77.259
32,10,1,39,78,Monaco,77.637
33,14,2,34,78,Monaco,77.816
34,16,0,34,78,Monaco,79.297
35,14,1,31,78,Monaco,78.634
36,10,1,38,78,Monaco,77.876
37,8,0,38,78,Monaco,77.974
38,1,2,33,78,Monaco,77.141
39,5,1,35,78,Monaco,77.705
40,6,1,34,78,Monaco,77.63
41,17,2,31,78,Monaco,77.016
42,15,1,36,78,Monaco,76.719
43,3,1,43,78,Monaco,76.674
44,10,0,40,78,Monaco,76.919
45,5,1,43,78,Monaco,76.862
46,1,2,41,78,Monaco,77.114
47,9,2,39,78,Monaco,77.108
48,11,1,39,78,Monaco,76.931
49,15,0,34,78,Monaco,76.992
50,17,0,34,78,Monaco,77.408
51,11,0,34,78,Monaco,79.991
52,14,2,31,78,Monaco,84.967
53,13,2,35,78,Monaco,90.862
54,12,2,35,78,Monaco,110.311
55,2,1,35,78,Monaco,126.635
56,4,0,43,78,Monaco,108.531
57,14,1,37,78,Monaco,102.581
58,13,2,42,78,Monaco,101.267
59,12,1,33,78,Monaco,100.897
60,7,0,33,78,Monaco,100.638
61,1,0,39,78,Monaco,102.727
62,15,1,33,78,Monaco,100.467
63,16,2,31,78,Monaco,99.671
64,3,0,31,78,Monaco,98.135
65,8,1,37,78,Monaco,97.64
66,10,2,31,78,Monaco,96.332
67,14,0,35,78,Monaco,93.205
68,14,0,43,78,Monaco,92.841
69,4,0,44,78,Monaco,93.864
70,18,0,38,78,Monaco,91.23
71,5,2,32,78,Monaco,91.057
72,3,2,37,78,Monaco,89.419
73,17,1,31,78,Monaco,90.346
74,13,2,33,78,Monaco,87.245
75,7,1,32,78,Monaco,85.7
76,19,0,41,78,Monaco,86.931
77,18,1,43,78,Monaco,84.701
78,7,1,42,78,Monaco,85.668
1,5,0,35,78,Monaco,86.639
2,10,0,33,78,Monaco,80.301
3,17,2,32,78,Monaco,79.704
4,4,0,43,78,Monaco,79.314
5,14,1,35,78,Monaco,79.041
6,19,2,37,78,Monaco,78.731
7,14,1,39,78,Monaco,78.782
8,13,2,31,78,Monaco,78.533
9,4,0,40,78,Monaco,78.594
10,5,0,38,78,Monaco,78.46
11,2,1,32,78,Monaco,78.271
12,8,1,31,78,Monaco,78.515
13,2,1,32,78,Monaco,78.025
14,6,1,38,78,Monaco,78.055
15,9,1,34,78,Monaco,78.018
16,6,1,32,78,Monaco,77.948
17,5,2,44,78,Monaco,78.372
18,12,0,32,78,Monaco,78.22
19,16,2,31,78,Monaco,78.074
20,19,1,38,78,Monaco,78.087
21,5,2,33,78,Monaco,78.161
22,2,1,42,78,Monaco,78.057
23,18,2,43,78,Monaco,77.873
24,19,1,34,78,Monaco,77.498
25,16,1,43,78,Monaco,77.451
26,10,2,36,78,Monaco,77.433
27,2,2,38,78,Monaco,77.145
28,11,1,30,78,Monaco,76.938
29,14,0,44,78,Monaco,77.179
30,14,1,41,78,Monaco,77.334
31,5,2,38,78,Monaco,77.331
32,15,1,34,78,Monaco,94.668
33,2,2,30,78,Monaco,79.289
34,19,1,41,78,Monaco,76.95
35,10,2,37,78,Monaco,77.095
36,8,1,39,78,Monaco,77.304
37,5,2,30,78,Monaco,77.14
38,19,1,43,78,Monaco,77.048
39,5,0,44,78,Monaco,77.169
40,16,0,32,78,Monaco,77.025
41,19,0,36,78,Monaco,76.528
42,16,1,35,78,Monaco,77.01
43,4,0,31,78,Monaco,77.002
44,2,0,40,78,Monaco,77.033
45,12,0,31,78,Monaco,77.271
46,11,1,43,78,Monaco,76.775
47,19,2,42,78,Monaco,76.962
48,1,2,36,78,Monaco,76.968
49,17,0,32,78,Monaco,77.09
50,18,1,44,78,Monaco,77.836
51,16,1,40,78,Monaco,79.453
52,3,0,30,78,Monaco,86.99
53,4,2,42,78,Monaco,89.909
54,12,2,34,78,Monaco,114.547
55,13,0,35,78,Monaco,102.379
56,19,1,30,78,Monaco,101.755
57,19,0,43,78,Monaco,102.554
58,9,0,38,78,Monaco,103.729
59,17,2,44,78,Monaco,105.002
60,6,0,43,78,Monaco,102.527
61,7,0,35,78,Monaco,102.63
62,7,0,40,78,Monaco,102.139
63,10,2,30,78,Monaco,101.123
64,3,0,31,78,Monaco,100.375
65,11,1,39,78,Monaco,97.029
66,2,0,30,78,Monaco,95.456
67,6,1,31,78,Monaco,94.457
68,6,2,37,78,Monaco,93.484
69,2,1,36,78,Monaco,92.501
70,9,0,41,78,Monaco,90.3
71,8,0,38,78,Monaco,90.027
72,13,2,40,78,Monaco,89.541
73,18,2,39,78,Monaco,87.666
74,10,1,42,78,Monaco,86.712
75,10,2,33,78,Monaco,85.133
76,13,1,32,78,Monaco,84.834
77,1,1,44,78,Monaco,86.24
78,15,2,37,78,Monaco,84.231
1,12,2,43,78,Monaco,87.39
2,11,1,36,78,Monaco,80.593
3,18,1,44,78,Monaco,79.958
4,6,0,32,78,Monaco,79.482
5,13,2,41,78,Monaco,78.723
6,3,1,39,78,Monaco,78.764
7,15,1,30,78,Monaco,78.697
8,11,1,34,78,Monaco,78.637
9,10,2,33,78,Monaco,78.306
10,15,0,43,78,Monaco,78.07
11,5,2,31,78,Monaco,78.265
12,2,2,39,78,Monaco,78.947
13,9,0,37,78,Monaco,78.286
14,2,1,41,78,Monaco,78.107
15,14,0,39,78,Monaco,77.883
16,4,1,37,78,Monaco,78.239
17,17,0,43,78,Monaco,78.36
18,12,2,30,78,Monaco,78.178
19,4,2,38,78,Monaco,77.999
20,1,2,39,78,Monaco,78.032
21,4,2,31,78,Monaco,78.006
22,1,1,44,78,Monaco,78.007
23,6,1,37,78,Monaco,78.006
24,9,2,38,78,Monaco,77.912
25,10,0,44,78,Monaco,77.464
26,12,1,32,78,Monaco,77.366
27,17,2,34,78,Monaco,77.318
28,2,2,41,78,Monaco,77.316
29,4,1,41,78,Monaco,77.171
30,10,1,35,78,Monaco,77.22
31,7,0,42,78,Monaco,77.465
32,6,2,38,78,Monaco,77.18
33,5,0,37,78,Monaco,93.612
34,9,2,33,78,Monaco,80.767
35,2,1,37,78,Monaco,76.628
36,12,0,40,78,Monaco,77.979
37,18,2,30,78,Monaco,77.565
38,17,0,30,78,Monaco,76.786
39,3,1,37,78,Monaco,77.175
40,16,0,39,78,Monaco,77.023
41,1,0,34,78,Monaco,76.651
42,16,1,41,78,Monaco,76.467
43,2,1,32,78,Monaco,76.449
44,7,1,36,78,Monaco,77.76
45,18,0,34,78,Monaco,77.146
46,6,0,35,78,Monaco,77.22
47,3,2,33,78,Monaco,76.732
48,3,1,33,78,Monaco,76.561
49,18,0,33,78,Monaco,77.014
50,8,0,40,78,Monaco,76.917
51,8,1,38,78,Monaco,79.013
52,12,2,40,78,Monaco,86.201
53,3,1,42,78,Monaco,90.068
54,1,1,39,78,Monaco,97.315
55,15,1,35,78,Monaco,139.381
56,13,1,37,78,Monaco,102.32
57,1,0,37,78,Monaco,101.192
58,15,2,39,78,Monaco,103.462
59,16,1,31,78,Monaco,102.82
60,14,2,36,78,Monaco,103.041
61,2,0,41,78,Monaco,102.633
62,11,0,40,78,Monaco,100.78
63,6,2,36,78,Monaco,99.899
64,17,2,36,78,Monaco,99.306
65,11,0,31,78,Monaco,97.838
66,8,2,40,78,Monaco,96.238
67,3,1,30,78,Monaco,94.999
68,6,2,44,78,Monaco,93.322
69,10,0,44,78,Monaco,95.394
70,19,2,43,78,Monaco,92.13
71,6,1,35,78,Monaco,89.92
72,14,2,34,78,Monaco,89.849
73,13,2,42,78,Monaco,87.84
74,9,1,44,78,Monaco,88.585
75,19,0,31,78,Monaco,86.388
76,8,1,43,78,Monaco,85.776
77,1,0,40,78,Monaco,85.579
78,15,1,32,78,Monaco,86.283
1,17,1,35,78,Monaco,88.585
2,1,2,42,78,Monaco,80.527
3,1,2,41,78,Monaco,80.105
4,16,1,34,78,Monaco,79.356
5,6,1,42,78,Monaco,78.736
6,11,0,30,78,Monaco,78.958
7,13,1,41,78,Monaco,78.651
8,6,1,43,78,Monaco,79.051
9,7,2,38,78,Monaco,78.829
10,19,2,39,78,Monaco,78.173
11,11,1,44,78,Monaco,77.926
12,16,1,42,78,Monaco,78.23
13,14,1,33,78,Monaco,78.084
14,15,2,41,78,Monaco,78.422
15,7,1,35,78,Monaco,78.189
16,16,1,39,78,Monaco,78.31
17,12,1,32,78,Monaco,78.254
18,17,1,41,78,Monaco,78.37
19,18,1,44,78,Monaco,78.207
20,19,2,38,78,Monaco,78.121
21,10,2,41,78,Monaco,78.311
22,8,1,42,78,Monaco,77.393
23,17,1,42,78,Monaco,78.053
24,7,1,35,78,Monaco,77.431
25,4,0,33,78,Monaco,77.643
26,7,2,36,78,Monaco,77.716
27,1,1,31,78,Monaco,77.322
28,13,2,33,78,Monaco,77.334
29,13,1,36,78,Monaco,77.372
30,6,1,30,78,Monaco,77.742
31,3,0,39,78,Monaco,95.467
32,7,1,33,78,Monaco,78.165
33,14,0,30,78,Monaco,75.65
34,19,0,41,78,Monaco,78.357
35,5,1,35,78,Monaco,77.159
36,9,1,40,78,Monaco,77.688
37,10,2,38,78,Monaco,77.711
38,12,1,37,78,Monaco,77.167
39,19,2,38,78,Monaco,77.293
40,6,1,30,78,Monaco,76.962
41,9,2,31,78,Monaco,76.588
42,19,1,35,78,Monaco,76.58
43,7,2,34,78,Monaco,76.529
44,19,0,33,78,Monaco,76.88
45,10,2,36,78,Monaco,78.833
46,13,0,43,78,Monaco,76.85
47,12,2,38,78,Monaco,76.257
48,4,0,42,78,Monaco,76.86
49,7,1,40,78,Monaco,76.781
50,1,2,44,78,Monaco,77.11
51,19,1,39,78,Monaco,78.294
52,15,2,33,78,Monaco,86.237
53,5,0,37,78,Monaco,91.341
54,8,2,33,78,Monaco,115.141
55,4,1,44,78,Monaco,99.603
56,6,2,31,78,Monaco,101.277
57,6,1,34,78,Monaco,103.278
58,19,1,31,78,Monaco,103.378
59,8,1,35,78,Monaco,105.199
60,5,0,40,78,Monaco,103.041
61,9,0,38,78,Monaco,102.396
62,2,1,42,78,Monaco,102.287
63,19,1,40,78,Monaco,101.315
64,13,1,41,78,Monaco,98.957
65,16,1,39,78,Monaco,97.636
66,6,2,42,78,Monaco,96.203
67,5,1,44,78,Monaco,94.539
68,12,2,39,78,Monaco,92.866
69,9,0,35,78,Monaco,93.757
70,14,1,41,78,Monaco,89.68
71,14,0,31,78,Monaco,89.667
72,14,1,44,78,Monaco,89.415
73,5,1,33,78,Monaco,87.735
74,1,1,34,78,Monaco,86.304
75,13,0,32,78,Monaco,85.242
76,4,0,39,78,Monaco,84.651
77,4,1,30,78,Monaco,86.21
78,3,1,31,78,Monaco,85.105
1,1,0,36,78,Monaco,89.108
2,9,1,33,78,Monaco,80.549
3,9,1,35,78,Monaco,80.021
4,13,1,34,78,Monaco,79.468
5,3,1,34,78,Monaco,78.837
6,17,1,40,78,Monaco,78.829
7,10,1,43,78,Monaco,78.645
8,1,1,38,78,Monaco,79.165
9,9,0,32,78,Monaco,78.809
10,11,0,44,78,Monaco,78.219
11,8,1,38,78,Monaco,78.162
12,6,0,38,78,Monaco,78.15
13,16,1,44,78,Monaco,78.018
14,17,0,44,78,Monaco,78.394
15,19,1,42,78,Monaco,78.312
16,6,1,37,78,Monaco,78.316
17,4,2,44,78,Monaco,78.234
18,18,1,35,78,Monaco,78.361
19,2,0,43,78,Monaco,78.19
20,4,1,40,78,Monaco,78.365
21,2,0,41,78,Monaco,78.127
22,4,1,42,78,Monaco,77.886
23,10,0,35,78,Monaco,77.922
24,6,1,43,78,Monaco,77.586
25,9,1,43,78,Monaco,77.619
26,10,1,33,78,Monaco,77.879
27,16,0,35,78,Monaco,77.602
28,8,2,42,78,Monaco,77.48
29,18,0,37,78,Monaco,77.065
30,14,2,38,78,Monaco,77.559
31,1,1,41,78,Monaco,77.876
32,14,2,39,78,Monaco,77.282
33,13,2,38,78,Monaco,77.163
34,16,0,41,78,Monaco,77.461
35,8,1,43,78,Monaco,77.467
36,13,1,42,78,Monaco,77.491
37,5,2,40,78,Monaco,77.361
38,18,1,33,78,Monaco,77.483
39,15,1,42,78,Monaco,77.213
40,9,1,42,78,Monaco,77.237
41,3,0,40,78,Monaco,78.328
42,17,0,39,78,Monaco,77.801
43,9,1,37,78,Monaco,78.451
44,16,0,36,78,Monaco,95.442
45,2,1,35,78,Monaco,79.563
46,3,2,44,78,Monaco,75.773
47,13,1,31,78,Monaco,76.358
48,8,0,37,78,Monaco,76.971
49,10,0,31,78,Monaco,76.283
50,5,0,34,78,Monaco,75.956
51,2,2,36,78,Monaco,77.017
52,1,1,42,78,Monaco,83.243
53,19,1,39,78,Monaco,93.259
54,15,1,36,78,Monaco,95.725
55,19,1,42,78,Monaco,129.246
56,6,2,30,78,Monaco,103.008
57,11,0,36,78,Monaco,103.373
58,14,1,31,78,Monaco,103.473
59,6,0,38,78,Monaco,102.305
60,17,1,43,78,Monaco,102.852
61,8,0,43,78,Monaco,102.262
62,14,1,38,78,Monaco,101.144
63,15,1,38,78,Monaco,100.396
64,1,0,32,78,Monaco,99.223
65,4,2,31,78,Monaco,98.481
66,11,1,43,78,Monaco,95.05
67,4,2,30,78,Monaco,94.515
68,4,1,39,78,Monaco,93.903
69,10,1,34,78,Monaco,95.087
70,18,2,38,78,Monaco,92.309
71,4,1,34,78,Monaco,90.198
72,7,1,38,78,Monaco,88.677
73,16,1,40,78,Monaco,89.177
74,11,1,36,78,Monaco,87.848
75,19,0,41,78,Monaco,86.923
76,2,0,40,78,Monaco,86.435
77,1,1,41,78,Monaco,85.965
78,4,1,32,78,Monaco,86.939
1,11,1,39,78,Monaco,89.701
2,6,1,44,78,Monaco,80.636
3,8,2,33,78,Monaco,80.282
4,19,1,36,78,Monaco,79.577
5,2,0,39,78,Monaco,78.893
6,7,0,37,78,Monaco,78.842
7,8,0,42,78,Monaco,78.604
8,1,1,37,78,Monaco,79.317
9,3,0,34,78,Monaco,78.788
10,17,0,37,78,Monaco,78.31
11,2,2,39,78,Monaco,78.367
12,6,2,44,78,Monaco,78.582
13,18,2,30,78,Monaco,77.713
14,5,1,39,78,Monaco,78.564
15,16,1,37,78,Monaco,78.284
16,1,1,39,78,Monaco,78.298
17,19,0,44,78,Monaco,77.99
18,3,2,36,78,Monaco,78.453
19,7,0,42,78,Monaco,78.109
20,14,2,41,78,Monaco,78.587
21,4,2,30,78,Monaco,77.81
22,3,2,34,78,Monaco,78.213
23,11,1,44,78,Monaco,77.942
24,9,2,41,78,Monaco,77.577
25,13,2,31,78,Monaco,77.54
26,2,2,35,78,Monaco,77.912
27,17,2,37,78,Monaco,78.012
28,4,1,32,78,Monaco,77.285
29,13,2,35,78,Monaco,77.373
30,11,2,30,78,Monaco,77.083
31,7,1,33,78,Monaco,78.015
32,7,2,32,78,Monaco,77.384
33,5,2,41,78,Monaco,77.45
34,4,0,38,78,Monaco,77.207
35,11,1,43,78,Monaco,77.421
36,12,2,34,78,Monaco,77.668
37,5,1,30,78,Monaco,77.212
38,1,2,42,78,Monaco,77.556
39,4,0,40,78,Monaco,77.102
40,17,0,41,78,Monaco,77.221
41,12,1,32,78,Monaco,77.654
42,1,1,36,78,Monaco,78.559
43,2,1,40,78,Monaco,77.699
44,8,0,44,78,Monaco,78.042
45,4,1,43,78,Monaco,76.839
46,2,1,44,78,Monaco,76.997
47,12,0,44,78,Monaco,93.267
48,1,0,37,78,Monaco,79.884
49,7,0,42,78,Monaco,75.831
50,9,2,42,78,Monaco,75.955
51,17,1,42,78,Monaco,76.711
52,19,1,35,78,Monaco,82.349
53,7,2,33,78,Monaco,95.781
54,8,1,37,78,Monaco,121.097
55,15,0,44,78,Monaco,103.22
56,3,1,35,78,Monaco,101.478
57,13,2,40,78,Monaco,103.496
58,6,0,43,78,Monaco,103.238
59,19,0,32,78,Monaco,103.477
60,7,0,40,78,Monaco,102.923
61,1,2,39,78,Monaco,102.263
62,1,1,32,78,Monaco,100.864
63,3,0,31,78,Monaco,100.28
64,16,0,41,78,Monaco,99.374
65,6,0,39,78,Monaco,98.169
66,4,2,31,78,Monaco,96.252
67,7,0,41,78,Monaco,94.612
68,10,1,44,78,Monaco,93.318
69,8,0,32,78,Monaco,96.097
70,17,1,40,78,Monaco,91.098
71,8,1,44,78,Monaco,90.098
72,1,0,34,78,Monaco,89.916
73,5,2,44,78,Monaco,88.128
74,16,0,40,78,Monaco,87.856
75,9,1,33,78,Monaco,86.378
76,19,0,40,78,Monaco,86.077
77,19,2,41,78,Monaco,85.607
78,13,1,33,78,Monaco,86.578
1,18,1,38,78,Monaco,90.387
2,13,2,44,78,Monaco,81.155
3,16,1,40,78,Monaco,80.291
4,18,2,39,78,Monaco,80.03
5,12,0,43,78,Monaco,78.84
6,9,0,35,78,Monaco,78.945
7,10,2,44,78,Monaco,78.583
8,2,1,34,78,Monaco,78.99
9,14,0,40,78,Monaco,79.025
10,8,1,41,78,Monaco,78.566
11,1,1,40,78,Monaco,78.483
12,11,0,42,78,Monaco,78.459
13,5,1,42,78,Monaco,77.787
14,19,0,37,78,Monaco,78.286
15,10,1,36,78,Monaco,78.531
16,9,0,44,78,Monaco,78.502
17,8,2,40,78,Monaco,78.244
18,4,0,38,78,Monaco,78.229
19,4,1,40,78,Monaco,78.299
20,17,2,40,78,Monaco,78.32
21,14,2,31,78,Monaco,78.086
22,18,1,41,78,Monaco,77.879
23,4,1,34,78,Monaco,78.111
24,10,1,30,78,Monaco,77.709
25,15,2,32,78,Monaco,77.648
26,18,0,41,78,Monaco,77.9
27,17,1,40,78,Monaco,77.837
28,18,1,32,78,Monaco,77.353
29,8,0,40,78,Monaco,77.332
30,17,2,31,78,Monaco,77.3
31,1,1,44,78,Monaco,77.404
32,19,0,31,78,Monaco,77.474
33,12,1,33,78,Monaco,77.556
34,5,0,31,78,Monaco,77.569
35,11,0,32,78,Monaco,77.568
36,15,2,38,78,Monaco,77.111
37,17,0,35,78,Monaco,77.335
38,6,2,41,78,Monaco,77.195
39,19,1,42,78,Monaco,77.339
40,4,1,40,78,Monaco,77.215
41,2,2,43,78,Monaco,77.323
42,16,0,35,78,Monaco,77.979
43,4,1,42,78,Monaco,77.847
44,2,2,36,78,Monaco,77.967
45,4,0,38,78,Monaco,77.545
46,7,1,40,78,Monaco,77.068
47,6,1,34,78,Monaco,77.06
48,9,1,32,78,Monaco,76.798
49,11,1,42,78,Monaco,77.223
50,18,1,32,78,Monaco,77.635
51,16,1,38,78,Monaco,79.64
52,17,1,43,78,Monaco,84.754
53,15,2,32,78,Monaco,88.625
54,11,2,39,78,Monaco,117.545
55,8,0,32,78,Monaco,115.804
56,4,2,37,78,Monaco,101.302
57,1,1,30,78,Monaco,103.554
58,1,2,43,78,Monaco,102.155
59,15,0,42,78,Monaco,103.463
60,19,2,33,78,Monaco,103.53
61,3,1,41,78,Monaco,101.329
62,15,0,38,78,Monaco,101.104
63,13,2,32,78,Monaco,99.713
64,1,1,41,78,Monaco,98.229
65,15,2,31,78,Monaco,96.696
66,8,1,37,78,Monaco,95.991
67,10,1,31,78,Monaco,94.751
68,4,1,36,78,Monaco,93.647
69,17,1,36,78,Monaco,93.734
70,15,1,39,78,Monaco,90.929
71,6,1,37,78,Monaco,90.709
72,15,0,38,78,Monaco,90.012
73,12,2,39,78,Monaco,88.921
74,5,1,30,78,Monaco,87.787
75,13,2,38,78,Monaco,86.399
76,18,1,32,78,Monaco,85.436
77,18,2,40,78,Monaco,86.978
78,5,0,30,78,Monaco,87.209
1,16,1,39,78,Monaco,91.317
2,2,1,44,78,Monaco,81.288
3,19,1,30,78,Monaco,80.281
4,12,0,43,78,Monaco,80.032
5,19,1,32,78,Monaco,79.296
6,19,2,40,78,Monaco,78.73
7,17,0,44,78,Monaco,78.712
8,7,0,37,78,Monaco,78.951
9,3,1,34,78,Monaco,78.859
10,15,1,42,78,Monaco,78.697
11,17,0,32,78,Monaco,79.297
12,15,1,37,78,Monaco,79.627
13,1,1,41,78,Monaco,78.8
14,15,2,34,78,Monaco,78.481
15,15,0,43,78,Monaco,78.439
16,3,0,44,78,Monaco,78.246
17,16,0,32,78,Monaco,78.368
18,1,1,33,78,Monaco,79.026
19,19,1,39,78,Monaco,78.567
20,1,2,41,78,Monaco,79.131
21,6,2,32,78,Monaco,79.26
22,6,1,35,78,Monaco,79.152
23,4,2,35,78,Monaco,79.239
24,1,2,36,78,Monaco,79.314
25,13,0,38,78,Monaco,79.335
26,1,1,36,78,Monaco,79.272
27,16,0,43,78,Monaco,78.465
28,4,1,42,78,Monaco,78.369
29,11,2,30,78,Monaco,78.2
30,1,1,44,78,Monaco,78.335
31,13,2,42,78,Monaco,78.463
32,13,0,34,78,Monaco,78.519
33,4,0,30,78,Monaco,78.457
34,14,1,30,78,Monaco,78.039
35,9,2,37,78,Monaco,77.75
36,11,2,42,78,Monaco,77.68
37,2,2,30,78,Monaco,77.992
38,15,1,39,78,Monaco,78.195
39,8,1,38,78,Monaco,78.338
40,15,0,33,78,Monaco,78.328
41,16,0,32,78,Monaco,78.074
42,2,2,40,78,Monaco,78.189
43,2,2,30,78,Monaco,78.046
44,19,2,34,78,Monaco,78.0
45,3,0,32,78,Monaco,77.879
46,19,0,44,78,Monaco,77.956
47,10,0,35,78,Monaco,78.169
48,18,1,44,78,Monaco,78.098
49,11,2,32,78,Monaco,78.32
50,6,1,33,78,Monaco,78.64
51,1,0,31,78,Monaco,83.804
52,15,2,44,78,Monaco,92.268
53,13,1,39,78,Monaco,125.687
54,5,2,30,78,Monaco,101.01
55,5,2,37,78,Monaco,101.834
56,8,2,38,78,Monaco,102.479
57,12,0,39,78,Monaco,102.945
58,17,1,30,78,Monaco,105.898
59,9,1,36,78,Monaco,102.608
60,17,2,35,78,Monaco,103.593
61,19,1,41,78,Monaco,102.234
62,16,1,39,78,Monaco,100.84
63,15,0,40,78,Monaco,99.932
64,17,0,30,78,Monaco,103.104
65,10,1,31,78,Monaco,98.497
66,2,0,40,78,Monaco,97.427
67,18,1,42,78,Monaco,97.623
68,14,1,31,78,Monaco,137.012
69,17,1,33,78,Monaco,100.44
70,3,2,38,78,Monaco,93.923
71,6,1,44,78,Monaco,91.757
72,15,1,42,78,Monaco,89.958
73,19,0,34,78,Monaco,88.138
74,4,1,34,78,Monaco,88.759
75,10,0,44,78,Monaco,87.332
76,17,0,33,78,Monaco,94.205
1,9,2,30,78,Monaco,92.034
2,1,2,37,78,Monaco,81.61
3,14,0,41,78,Monaco,80.396
4,14,0,41,78,Monaco,80.209
5,17,2,36,78,Monaco,79.502
6,7,1,44,78,Monaco,79.045
7,15,1,44,78,Monaco,78.652
8,11,0,42,78,Monaco,78.651
9,10,1,37,78,Monaco,79.065
10,6,1,31,78,Monaco,79.053
11,4,0,40,78,Monaco,79.148
12,18,2,41,78,Monaco,80.277
13,13,1,30,78,Monaco,78.978
14,4,0,39,78,Monaco,78.856
15,4,2,44,78,Monaco,78.855
16,8,1,35,78,Monaco,78.988
17,18,1,37,78,Monaco,78.937
18,2,0,42,78,Monaco,79.01
19,13,0,40,78,Monaco,79.504
20,14,1,39,78,Monaco,78.985
21,15,2,43,78,Monaco,79.074
22,7,1,32,78,Monaco,78.882
23,1,1,42,78,Monaco,78.657
24,19,2,35,78,Monaco,78.681
25,11,1,38,78,Monaco,78.78
26,4,1,31,78,Monaco,79.067
27,14,1,34,78,Monaco,79.109
28,16,2,34,78,Monaco,78.771
29,14,1,34,78,Monaco,78.906
30,9,0,39,78,Monaco,78.568
31,13,1,34,78,Monaco,78.454
32,10,2,44,78,Monaco,77.914
33,6,0,44,78,Monaco,78.042
34,7,1,39,78,Monaco,78.026
35,8,1,31,78,Monaco,78.192
36,13,1,38,78,Monaco,78.05
37,19,1,42,78,Monaco,78.303
38,9,1,30,78,Monaco,78.214
39,15,1,33,78,Monaco,78.151
40,11,1,35,78,Monaco,78.529
41,7,0,32,78,Monaco,78.409
42,18,1,43,78,Monaco,78.149
43,8,2,32,78,Monaco,78.045
44,17,1,38,78,Monaco,77.991
45,9,0,38,78,Monaco,77.862
46,12,2,40,78,Monaco,77.844
47,7,0,39,78,Monaco,78.234
48,10,1,36,78,Monaco,78.297
49,7,1,38,78,Monaco,78.152
50,17,2,34,78,Monaco,95.974
51,18,1,36,78,Monaco,87.706
52,8,0,31,78,Monaco,88.675
53,15,0,38,78,Monaco,92.162
54,18,0,42,78,Monaco,132.003
55,17,0,41,78,Monaco,103.38
56,3,2,30,78,Monaco,100.384
57,16,0,41,78,Monaco,100.421
58,9,1,40,78,Monaco,102.13
59,3,0,40,78,Monaco,101.216
60,13,1,44,78,Monaco,101.789
61,14,0,31,78,Monaco,99.545
62,18,2,33,78,Monaco,98.893
63,7,0,39,78,Monaco,98.511
64,18,0,31,78,Monaco,98.75
65,7,0,31,78,Monaco,98.818
66,17,0,37,78,Monaco,96.981
67,2,2,41,78,Monaco,92.417
68,3,1,31,78,Monaco,91.037
69,3,0,42,78,Monaco,90.126
70,2,1,33,78,Monaco,88.512
71,17,0,43,78,Monaco,88.373
72,8,2,40,78,Monaco,85.959
73,9,1,34,78,Monaco,85.767
74,6,0,34,78,Monaco,85.471
75,18,0,44,78,Monaco,85.278
76,12,1,32,78,Monaco,85.767
77,4,1,32,78,Monaco,86.888
1,17,1,43,78,Monaco,93.07
2,2,1,32,78,Monaco,81.804
3,6,1,30,78,Monaco,80.532
4,6,0,32,78,Monaco,80.408
5,11,1,44,78,Monaco,79.707
6,4,2,33,78,Monaco,79.247
7,12,2,33,78,Monaco,78.869
8,19,2,44,78,Monaco,78.828
9,11,1,36,78,Monaco,79.346
10,10,2,39,78,Monaco,79.015
11,8,1,30,78,Monaco,78.9
12,6,0,33,78,Monaco,80.302
13,8,1,41,78,Monaco,79.265
14,13,0,40,78,Monaco,79.285
15,12,1,33,78,Monaco,79.134
16,7,1,38,78,Monaco,78.718
17,18,2,36,78,Monaco,79.053
18,7,0,39,78,Monaco,78.765
19,14,1,31,78,Monaco,79.416
20,18,2,32,78,Monaco,79.281
21,3,1,36,78,Monaco,79.065
22,8,0,42,78,Monaco,79.025
23,5,0,40,78,Monaco,79.52
24,9,2,32,78,Monaco,79.359
25,13,2,44,78,Monaco,79.382
26,9,0,33,78,Monaco,80.198
27,7,2,40,78,Monaco,79.524
28,1,0,36,78,Monaco,78.485
29,16,1,40,78,Monaco,78.335
30,16,0,30,78,Monaco,78.363
31,14,0,42,78,Monaco,78.115
32,13,2,36,78,Monaco,78.39
33,3,0,38,78,Monaco,78.259
34,12,1,43,78,Monaco,78.311
35,8,0,35,78,Monaco,78.328
36,10,0,38,78,Monaco,77.701
37,14,1,43,78,Monaco,77.842
38,15,1,43,78,Monaco,77.73
39,1,2,33,78,Monaco,77.873
40,16,1,39,78,Monaco,78.184
41,2,1,43,78,Monaco,78.555
42,15,0,31,78,Monaco,78.065
43,15,1,39,78,Monaco,78.148
44,16,0,34,78,Monaco,78.041
45,4,0,37,78,Monaco,77.846
46,13,2,41,78,Monaco,77.516
47,1,0,35,78,Monaco,77.513
48,14,1,35,78,Monaco,78.001
49,16,1,43,78,Monaco,81.248
50,9,1,40,78,Monaco,78.201
51,10,0,34,78,Monaco,83.586
52,8,0,36,78,Monaco,89.897
53,19,1,36,78,Monaco,96.843
54,12,0,41,78,Monaco,131.859
55,9,0,39,78,Monaco,106.026
56,14,2,37,78,Monaco,103.482
57,7,1,39,78,Monaco,103.431
58,5,0,34,78,Monaco,103.803
59,10,1,33,78,Monaco,102.379
60,18,0,40,78,Monaco,101.431
61,8,0,39,78,Monaco,101.089
62,7,1,41,78,Monaco,99.78
63,8,1,35,78,Monaco,98.882
64,15,1,43,78,Monaco,98.53
65,19,2,36,78,Monaco,97.419
66,1,2,32,78,Monaco,94.942
67,6,0,44,78,Monaco,96.653
68,15,1,39,78,Monaco,91.909
69,5,2,42,78,Monaco,91.253
70,7,1,40,78,Monaco,88.82
71,2,0,34,78,Monaco,87.67
72,9,1,37,78,Monaco,88.016
73,19,0,32,78,Monaco,87.443
74,18,1,42,78,Monaco,86.185
75,1,2,42,78,Monaco,86.143
76,16,2,36,78,Monaco,85.615
77,1,1,43,78,Monaco,84.785
1,3,2,30,78,Monaco,93.449
2,2,0,43,78,Monaco,81.764
3,19,0,32,78,Monaco,80.58
4,4,2,36,78,Monaco,80.376
5,5,1,30,78,Monaco,79.79
6,10,2,43,78,Monaco,79.224
7,3,1,34,78,Monaco,79.038
8,17,2,39,78,Monaco,78.743
9,12,2,39,78,Monaco,79.454
10,9,2,41,78,Monaco,78.957
11,16,2,40,78,Monaco,79.07
12,14,1,42,78,Monaco,80.182
13,7,0,35,78,Monaco,79.419
14,15,1,31,78,Monaco,79.479
15,6,0,38,78,Monaco,79.081
16,1,1,39,78,Monaco,79.004
17,10,2,35,78,Monaco,79.182
18,16,2,41,78,Monaco,79.281
19,15,1,36,78,Monaco,79.234
20,4,1,33,78,Monaco,79.188
21,9,2,43,78,Monaco,79.398
22,12,1,40,78,Monaco,79.578
23,13,2,42,78,Monaco,79.699
24,9,1,34,78,Monaco,80.198
25,5,1,31,78,Monaco,80.132
26,3,1,42,78,Monaco,80.163
27,14,0,38,78,Monaco,80.154
28,2,2,32,78,Monaco,79.973
29,11,2,41,78,Monaco,80.009
30,13,1,31,78,Monaco,79.267
31,16,0,40,78,Monaco,79.067
32,2,1,33,78,Monaco,78.941
33,10,2,32,78,Monaco,79.071
34,8,1,39,78,Monaco,79.328
35,1,0,34,78,Monaco,80.911
36,9,0,42,78,Monaco,79.072
37,17,1,35,78,Monaco,79.096
38,16,1,34,78,Monaco,78.75
39,9,0,30,78,Monaco,80.38
40,12,2,40,78,Monaco,78.413
41,15,2,43,78,Monaco,78.207
42,12,2,38,78,Monaco,77.814
43,17,1,36,78,Monaco,77.561
44,18,2,34,78,Monaco,77.646
45,7,1,38,78,Monaco,77.746
46,16,1,31,78,Monaco,77.785
47,15,1,31,78,Monaco,77.579
48,12,0,44,78,Monaco,77.608
49,19,1,38,78,Monaco,78.016
50,13,1,42,78,Monaco,78.497
51,11,1,42,78,Monaco,84.546
52,15,0,30,78,Monaco,89.326
53,19,1,39,78,Monaco,118.795
54,14,2,43,78,Monaco,107.858
55,8,0,30,78,Monaco,108.77
56,19,1,30,78,Monaco,104.129
57,12,0,42,78,Monaco,106.026
58,11,0,34,78,Monaco,103.778
59,1,1,37,78,Monaco,104.385
60,1,2,43,78,Monaco,102.056
61,6,1,36,78,Monaco,101.415
62,3,2,39,78,Monaco,100.276
63,10,1,41,78,Monaco,100.486
64,19,1,44,78,Monaco,98.636
65,19,0,31,78,Monaco,96.475
66,19,0,31,78,Monaco,95.654
67,4,1,40,78,Monaco,94.011
68,17,0,32,78,Monaco,99.526
69,10,1,38,78,Monaco,91.939
70,8,2,41,78,Monaco,91.636
71,16,0,33,78,Monaco,90.107
72,19,0,34,78,Monaco,90.085
73,8,0,36,78,Monaco,87.595
74,11,0,40,78,Monaco,86.478
75,1,0,38,78,Monaco,86.435
76,1,0,39,78,Monaco,86.282
77,14,1,35,78,Monaco,88.038
1,10,1,34,78,Monaco,94.616
2,17,2,37,78,Monaco,80.977
3,7,0,38,78,Monaco,80.703
4,12,2,38,78,Monaco,80.276
5,3,1,30,78,Monaco,79.967
6,12,2,43,78,Monaco,79.165
7,15,0,35,78,Monaco,79.055
8,16,2,36,78,Monaco,78.796
9,5,1,39,78,Monaco,79.293
10,11,0,43,78,Monaco,79.338
11,18,2,37,78,Monaco,79.278
12,5,2,30,78,Monaco,80.31
13,9,0,30,78,Monaco,79.885
14,17,0,31,78,Monaco,80.259
15,5,0,34,78,Monaco,80.892
16,2,0,44,78,Monaco,80.443
17,2,2,40,78,Monaco,80.624
18,1,1,42,78,Monaco,98.414
19,8,1,35,78,Monaco,83.193
20,1,2,30,78,Monaco,78.47
21,7,2,41,78,Monaco,77.131
22,3,0,33,78,Monaco,77.105
23,7,2,34,78,Monaco,77.064
24,16,0,31,78,Monaco,76.672
25,7,2,33,78,Monaco,76.793
26,18,2,33,78,Monaco,76.962
27,16,0,37,78,Monaco,77.36
28,11,0,38,78,Monaco,78.528
29,19,1,35,78,Monaco,78.952
30,13,0,39,78,Monaco,79.457
31,6,0,39,78,Monaco,79.152
32,18,0,32,78,Monaco,79.589
33,15,1,33,78,Monaco,81.559
34,16,2,38,78,Monaco,80.731
35,4,1,30,78,Monaco,78.619
36,8,2,42,78,Monaco,78.804
37,19,0,32,78,Monaco,79.143
38,10,0,31,78,Monaco,78.633
39,14,1,34,78,Monaco,78.774
40,13,0,43,78,Monaco,78.476
41,16,1,33,78,Monaco,78.825
42,5,2,35,78,Monaco,78.93
43,9,1,41,78,Monaco,78.486
44,8,2,42,78,Monaco,78.767
45,18,2,39,78,Monaco,78.829
46,15,1,42,78,Monaco,78.9
47,1,2,31,78,Monaco,78.528
48,3,0,38,78,Monaco,78.882
49,15,1,35,78,Monaco,80.597
50,7,1,41,78,Monaco,80.166
51,6,2,38,78,Monaco,89.941
52,4,2,43,78,Monaco,115.852
53,7,0,34,78,Monaco,96.281
54,6,2,44,78,Monaco,98.297
55,11,2,32,78,Monaco,105.721
56,11,0,35,78,Monaco,104.909
57,10,1,42,78,Monaco,102.2
58,1,1,32,78,Monaco,106.101
59,6,1,36,78,Monaco,103.133
60,5,1,44,78,Monaco,115.401
61,19,1,36,78,Monaco,101.209
62,8,2,38,78,Monaco,99.897
63,13,1,38,78,Monaco,98.649
64,11,0,36,78,Monaco,97.428
65,5,0,39,78,Monaco,95.42
66,3,1,37,78,Monaco,94.016
67,7,2,31,78,Monaco,93.223
68,9,1,32,78,Monaco,93.322
69,12,1,34,78,Monaco,94.087
70,8,0,42,78,Monaco,90.63
71,9,2,44,78,Monaco,89.729
72,14,1,41,78,Monaco,89.217
73,7,2,42,78,Monaco,92.141
74,6,0,40,78,Monaco,88.241
75,1,0,31,78,Monaco,87.197
76,14,1,35,78,Monaco,86.764
77,7,1,43,78,Monaco,87.816
1,1,2,32,78,Monaco,96.914
2,12,2,39,78,Monaco,80.021
3,12,0,32,78,Monaco,80.142
4,9,1,33,78,Monaco,80.341
5,3,1,33,78,Monaco,80.022
6,7,1,31,78,Monaco,79.165
7,5,0,34,78,Monaco,79.167
8,5,1,38,78,Monaco,78.774
9,7,0,33,78,Monaco,79.007
10,14,1,42,78,Monaco,79.527
11,1,1,30,78,Monaco,79.38
12,6,1,38,78,Monaco,80.206
13,13,0,39,78,Monaco,79.511
14,6,1,35,78,Monaco,80.067
15,13,0,44,78,Monaco,80.912
16,2,0,37,78,Monaco,80.48
17,15,0,37,78,Monaco,80.577
18,16,1,33,78,Monaco,78.764
19,6,1,39,78,Monaco,77.824
20,11,1,36,78,Monaco,78.024
21,19,0,35,78,Monaco,78.024
22,19,2,39,78,Monaco,78.26
23,5,1,36,78,Monaco,78.737
24,12,2,32,78,Monaco,80.068
25,13,2,38,78,Monaco,80.203
26,4,2,44,78,Monaco,80.222
27,12,2,37,78,Monaco,80.162
28,16,0,43,78,Monaco,79.853
29,17,0,41,78,Monaco,80.208
30,16,1,44,78,Monaco,79.393
31,15,2,34,78,Monaco,79.021
32,9,1,44,78,Monaco,79.47
33,10,1,31,78,Monaco,78.655
34,12,1,37,78,Monaco,80.226
35,12,1,35,78,Monaco,79.889
36,9,1,43,78,Monaco,79.139
37,13,2,38,78,Monaco,79.112
38,5,0,44,78,Monaco,80.07
39,3,1,40,78,Monaco,78.876
40,6,1,44,78,Monaco,78.968
41,18,1,32,78,Monaco,78.706
42,16,0,31,78,Monaco,78.435
43,16,1,37,78,Monaco,78.685
44,6,0,43,78,Monaco,78.606
45,3,2,42,78,Monaco,78.202
46,11,2,39,78,Monaco,78.153
47,13,1,31,78,Monaco,78.343
48,13,1,40,78,Monaco,78.151
49,16,1,42,78,Monaco,78.383
50,19,1,44,78,Monaco,79.704
51,14,2,30,78,Monaco,109.586
52,16,1,39,78,Monaco,92.154
53,12,1,33,78,Monaco,92.72
54,3,1,35,78,Monaco,98.747
55,4,2,42,78,Monaco,103.627
56,14,0,41,78,Monaco,100.028
57,12,0,42,78,Monaco,100.402
58,3,0,42,78,Monaco,102.952
59,1,0,39,78,Monaco,102.622
60,15,0,37,78,Monaco,101.926
61,6,1,43,78,Monaco,100.096
62,4,1,36,78,Monaco,99.577
63,7,0,40,78,Monaco,99.237
64,7,1,41,78,Monaco,97.459
65,17,0,39,78,Monaco,96.44
66,19,0,41,78,Monaco,95.048
67,16,1,33,78,Monaco,95.077
68,1,1,42,78,Monaco,94.038
69,10,1,42,78,Monaco,90.766
70,16,1,39,78,Monaco,92.495
71,8,2,32,78,Monaco,91.967
72,7,2,33,78,Monaco,92.025
73,11,1,36,78,Monaco,87.23
74,8,2,42,78,Monaco,86.646
75,5,1,30,78,Monaco,86.553
76,5,0,36,78,Monaco,84.637
77,10,1,35,78,Monaco,84.139
1,8,2,35,78,Monaco,97.689
2,11,1,32,78,Monaco,79.658
3,14,0,41,78,Monaco,80.219
4,3,1,32,78,Monaco,80.246
5,1,1,39,78,Monaco,80.214
6,6,1,30,78,Monaco,79.312
7,11,1,40,78,Monaco,79.239
8,9,0,37,78,Monaco,78.947
9,3,0,36,78,Monaco,79.529
10,1,2,33,78,Monaco,80.334
11,19,1,38,78,Monaco,80.089
12,8,0,38,78,Monaco,80.638
13,19,1,40,78,Monaco,80.702
14,8,1,39,78,Monaco,80.318
15,4,1,33,78,Monaco,80.28
16,11,2,34,78,Monaco,80.471
17,4,1,38,78,Monaco,83.236
18,11,0,35,78,Monaco,81.41
19,11,2,43,78,Monaco,82.328
20,7,1,42,78,Monaco,97.211
21,9,0,42,78,Monaco,81.646
22,8,1,43,78,Monaco,77.483
23,19,2,40,78,Monaco,98.195
24,9,2,44,78,Monaco,80.682
25,5,2,43,78,Monaco,77.894
26,16,0,39,78,Monaco,78.033
27,4,0,39,78,Monaco,77.875
28,19,1,40,78,Monaco,77.74
29,7,0,37,78,Monaco,77.753
30,8,2,38,78,Monaco,77.535
31,16,1,42,78,Monaco,77.493
32,1,2,35,78,Monaco,77.302
33,7,1,40,78,Monaco,77.344
34,18,2,30,78,Monaco,77.666
35,5,1,36,78,Monaco,78.638
36,1,0,32,78,Monaco,77.372
37,3,2,44,78,Monaco,77.383
38,8,2,32,78,Monaco,80.017
39,9,1,37,78,Monaco,81.035
40,9,2,35,78,Monaco,79.469
41,3,0,43,78,Monaco,78.519
42,3,2,41,78,Monaco,78.625
43,8,0,30,78,Monaco,78.773
44,12,0,44,78,Monaco,82.125
45,5,0,35,78,Monaco,79.618
46,12,0,42,78,Monaco,79.028
47,19,1,30,78,Monaco,78.91
48,2,0,33,78,Monaco,79.212
49,2,2,31,78,Monaco,82.128
50,6,2,31,78,Monaco,83.12
51,5,2,35,78,Monaco,92.385
52,2,1,32,78,Monaco,117.918
53,9,0,34,78,Monaco,102.041
54,13,0,39,78,Monaco,98.806
55,18,2,42,78,Monaco,101.078
56,11,2,41,78,Monaco,102.285
57,2,2,36,78,Monaco,118.063
58,11,0,31,78,Monaco,102.599
59,8,2,31,78,Monaco,103.687
60,9,0,33,78,Monaco,102.558
61,7,2,39,78,Monaco,100.969
62,17,0,42,78,Monaco,99.586
63,11,2,35,78,Monaco,103.289
64,3,2,44,78,Monaco,98.302
65,15,2,33,78,Monaco,98.073
66,2,0,41,78,Monaco,96.293
67,5,1,38,78,Monaco,99.467
68,1,0,32,78,Monaco,91.921
69,12,0,40,78,Monaco,93.193
70,3,1,36,78,Monaco,118.263
71,7,2,44,78,Monaco,89.015
72,17,1,33,78,Monaco,92.354
73,1,0,43,78,Monaco,87.137
74,11,1,42,78,Monaco,87.954
75,10,2,39,78,Monaco,87.968
76,13,2,31,78,Monaco,89.076
1,3,2,35,78,Monaco,98.425
2,8,0,33,78,Monaco,80.175
3,12,0,40,78,Monaco,79.929
4,15,0,40,78,Monaco,80.407
5,19,1,43,78,Monaco,80.224
6,11,0,35,78,Monaco,79.352
7,6,0,39,78,Monaco,79.512
8,2,0,36,78,Monaco,79.052
9,16,1,39,78,Monaco,78.914
10,13,1,32,78,Monaco,79.929
11,16,0,32,78,Monaco,79.824
12,19,0,41,78,Monaco,80.487
13,15,0,39,78,Monaco,80.886
14,9,2,30,78,Monaco,80.328
15,13,0,31,78,Monaco,80.287
16,12,1,37,78,Monaco,80.464
17,8,1,32,78,Monaco,79.206
18,11,1,31,78,Monaco,78.727
19,19,1,41,78,Monaco,78.445
20,12,1,36,78,Monaco,78.354
21,2,1,42,78,Monaco,78.8
22,11,0,30,78,Monaco,78.767
23,2,1,41,78,Monaco,78.926
24,9,0,38,78,Monaco,78.497
25,19,1,41,78,Monaco,78.694
26,5,1,41,78,Monaco,79.023
27,19,0,43,78,Monaco,79.849
28,13,1,43,78,Monaco,79.768
29,8,0,43,78,Monaco,79.91
30,2,2,34,78,Monaco,79.753
31,16,1,31,78,Monaco,79.276
32,14,1,39,78,Monaco,81.543
33,3,0,42,78,Monaco,80.882
34,14,1,33,78,Monaco,78.747
35,3,2,32,78,Monaco,79.274
36,9,1,33,78,Monaco,80.942
37,12,0,42,78,Monaco,78.849
38,2,2,36,78,Monaco,78.498
39,11,0,35,78,Monaco,78.634
40,11,0,36,78,Monaco,78.508
41,8,2,31,78,Monaco,78.351
42,13,0,32,78,Monaco,78.63
43,4,0,38,78,Monaco,78.522
44,12,1,43,78,Monaco,78.447
45,19,0,36,78,Monaco,78.92
46,16,2,36,78,Monaco,78.384
47,1,1,34,78,Monaco,78.685
48,10,2,36,78,Monaco,78.745
49,14,1,36,78,Monaco,78.854
50,19,0,43,78,Monaco,80.301
51,2,0,30,78,Monaco,85.595
52,3,0,34,78,Monaco,90.696
53,14,1,37,78,Monaco,98.955
54,10,2,32,78,Monaco,110.776
55,4,2,42,78,Monaco,127.055
56,15,1,43,78,Monaco,192.063
57,8,0,40,78,Monaco,108.018
58,17,1,36,78,Monaco,146.648
59,8,0,31,78,Monaco,103.755
60,14,1,44,78,Monaco,100.559
61,11,0,43,78,Monaco,101.219
62,2,0,43,78,Monaco,99.789
63,17,2,33,78,Monaco,100.016
64,9,2,31,78,Monaco,99.995
65,7,1,44,78,Monaco,100.703
66,4,0,32,78,Monaco,97.778
67,13,1,41,78,Monaco,100.088
68,2,1,43,78,Monaco,103.925
69,10,1,37,78,Monaco,99.407
70,9,0,33,78,Monaco,101.853
1,15,0,32,78,Monaco,99.562
2,7,1,44,78,Monaco,79.989
3,8,1,33,78,Monaco,79.928
4,14,2,38,78,Monaco,79.998
5,7,0,35,78,Monaco,80.438
6,2,2,38,78,Monaco,79.785
7,13,2,32,78,Monaco,79.417
8,12,2,34,78,Monaco,78.733
9,10,0,44,78,Monaco,78.659
10,3,2,30,78,Monaco,79.893
11,5,1,30,78,Monaco,79.758
12,10,0,36,78,Monaco,80.639
13,12,0,30,78,Monaco,80.847
14,7,0,39,78,Monaco,80.295
15,2,2,36,78,Monaco,80.203
16,19,1,43,78,Monaco,80.545
17,10,2,32,78,Monaco,81.17
18,7,1,34,78,Monaco,77.769
19,18,2,36,78,Monaco,77.915
20,18,2,35,78,Monaco,78.061
21,19,2,30,78,Monaco,78.594
22,18,2,35,78,Monaco,78.548
23,4,1,30,78,Monaco,78.927
24,19,2,32,78,Monaco,78.439
25,18,1,40,78,Monaco,79.058
26,3,2,33,78,Monaco,78.926
27,18,0,34,78,Monaco,79.772
28,10,1,30,78,Monaco,79.86
29,5,1,31,78,Monaco,79.831
30,18,1,41,78,Monaco,79.86
31,13,2,39,78,Monaco,81.753
32,1,1,39,78,Monaco,79.387
33,2,0,37,78,Monaco,80.446
34,13,1,32,78,Monaco,78.583
35,18,2,37,78,Monaco,81.072
36,12,2,42,78,Monaco,79.544
37,14,1,34,78,Monaco,78.76
38,6,2,32,78,Monaco,78.424
39,6,0,36,78,Monaco,78.498
40,4,2,40,78,Monaco,78.498
41,15,2,37,78,Monaco,78.574
42,15,1,33,78,Monaco,78.732
43,7,1,36,78,Monaco,78.898
44,19,0,37,78,Monaco,78.533
45,6,1,36,78,Monaco,78.374
46,4,2,31,78,Monaco,78.723
47,5,0,36,78,Monaco,79.033
48,19,2,43,78,Monaco,78.573
49,8,0,39,78,Monaco,78.418
50,11,2,31,78,Monaco,80.218
51,16,1,44,78,Monaco,104.501
52,14,1,31,78,Monaco,92.189
53,2,2,30,78,Monaco,96.321
1,18,1,41,78,Monaco,118.19
2,6,2,32,78,Monaco,79.704
3,1,1,38,78,Monaco,76.387
4,12,1,43,78,Monaco,76.535
5,7,0,43,78,Monaco,76.269
6,15,2,39,78,Monaco,76.458
7,5,1,41,78,Monaco,77.399
8,17,0,36,78,Monaco,77.937
9,12,0,32,78,Monaco,78.254
10,13,0,36,78,Monaco,79.787
11,19,2,30,78,Monaco,79.848
12,6,0,43,78,Monaco,80.433
13,14,2,32,78,Monaco,80.797
14,5,2,30,78,Monaco,80.283
15,3,1,44,78,Monaco,80.418
16,10,2,30,78,Monaco,80.487
17,14,1,40,78,Monaco,81.315
18,1,1,42,78,Monaco,78.092
19,8,1,32,78,Monaco,77.867
20,19,0,31,78,Monaco,77.979
21,3,0,35,78,Monaco,78.523
22,19,1,40,78,Monaco,78.803
23,9,0,41,78,Monaco,78.604
24,12,1,33,78,Monaco,78.624
25,2,1,38,78,Monaco,78.541
26,3,1,38,78,Monaco,79.877
27,15,0,37,78,Monaco,79.319
28,1,2,35,78,Monaco,79.611
29,14,0,36,78,Monaco,79.986
30,9,0,35,78,Monaco,80.771
31,3,0,39,78,Monaco,79.292
32,10,1,39,78,Monaco,79.607
33,17,1,43,78,Monaco,82.083
34,6,0,31,78,Monaco,106.451
35,10,2,40,78,Monaco,79.581
36,17,1,33,78,Monaco,76.882
37,9,2,34,78,Monaco,76.706
38,17,0,39,78,Monaco,76.353
39,13,2,37,78,Monaco,76.445
40,17,1,39,78,Monaco,76.755
41,3,0,41,78,Monaco,77.959
42,10,0,35,78,Monaco,77.46
43,5,0,32,78,Monaco,77.847
44,6,2,40,78,Monaco,77.616
45,10,0,36,78,Monaco,77.128
46,13,2,32,78,Monaco,77.047
47,17,1,31,78,Monaco,76.859
48,19,1,36,78,Monaco,76.98
49,5,0,35,78,Monaco,78.524
50,7,2,41,78,Monaco,84.856
51,11,1,37,78,Monaco,85.645
52,17,1,44,78,Monaco,98.2
53,14,0,39,78,Monaco,115.544
54,19,2,31,78,Monaco,102.332
55,7,2,42,78,Monaco,100.446
56,8,1,44,78,Monaco,105.055
57,2,1,42,78,Monaco,125.839
58,13,2,40,78,Monaco,105.989
59,11,0,42,78,Monaco,100.595
60,11,1,44,78,Monaco,101.082
61,8,0,34,78,Monaco,101.22
62,17,2,31,78,Monaco,99.631
63,5,2,42,78,Monaco,99.405
64,1,1,41,78,Monaco,97.112
65,1,1,39,78,Monaco,97.675
66,5,1,31,78,Monaco,96.451
67,3,0,34,78,Monaco,95.957
68,1,0,38,78,Monaco,96.297
69,17,1,32,78,Monaco,95.708
70,6,2,38,78,Monaco,118.066
71,3,0,41,78,Monaco,96.744
72,11,1,30,78,Monaco,89.537
73,8,1,39,78,Monaco,86.82
74,12,1,44,78,Monaco,85.704
75,8,2,35,78,Monaco,94.148
76,9,0,40,78,Monaco,90.273
1,7,0,33,78,Monaco,118.785
2,17,2,38,78,Monaco,80.757
3,5,0,34,78,Monaco,77.003
4,3,1,32,78,Monaco,76.946
5,14,1,37,78,Monaco,76.926
6,9,1,33,78,Monaco,77.205
7,2,0,35,78,Monaco,77.408
8,4,0,35,78,Monaco,77.254
9,12,2,39,78,Monaco,77.523
10,11,2,38,78,Monaco,78.449
11,10,0,43,78,Monaco,79.602
12,10,1,41,78,Monaco,80.319
13,5,2,33,78,Monaco,80.561
14,10,1,44,78,Monaco,80.653
15,11,1,39,78,Monaco,80.398
16,13,2,36,78,Monaco,80.727
17,3,2,43,78,Monaco,80.669
18,12,1,44,78,Monaco,81.524
19,12,2,31,78,Monaco,82.387
20,12,1,44,78,Monaco,80.574
21,4,0,38,78,Monaco,78.245
22,14,1,40,78,Monaco,77.588
23,8,1,38,78,Monaco,77.45
24,9,0,42,78,Monaco,77.465
25,12,2,38,78,Monaco,77.771
26,14,1,36,78,Monaco,78.161
27,19,1,42,78,Monaco,78.097
28,2,2,32,78,Monaco,80.78
29,6,1,43,78,Monaco,78.863
30,19,1,37,78,Monaco,79.5
31,10,0,38,78,Monaco,79.192
32,16,2,44,78,Monaco,79.626
33,15,2,35,78,Monaco,81.602
34,10,2,36,78,Monaco,80.587
35,10,1,41,78,Monaco,78.586
36,1,1,38,78,Monaco,78.846
37,17,1,40,78,Monaco,79.099
38,17,1,31,78,Monaco,78.681
39,17,1,36,78,Monaco,78.659
40,8,2,36,78,Monaco,78.607
41,15,1,31,78,Monaco,78.831
42,2,2,40,78,Monaco,78.666
43,11,0,37,78,Monaco,78.701
44,1,0,42,78,Monaco,78.721
45,19,2,31,78,Monaco,78.762
46,1,1,43,78,Monaco,78.66
47,4,0,35,78,Monaco,78.809
48,11,1,38,78,Monaco,78.947
49,14,1,40,78,Monaco,79.065
50,16,1,37,78,Monaco,81.664
51,5,1,41,78,Monaco,90.253
52,10,1,33,78,Monaco,111.997
53,9,0,43,78,Monaco,96.935
54,9,0,32,78,Monaco,100.446
55,11,2,36,78,Monaco,106.545
56,9,1,37,78,Monaco,101.908
57,2,0,30,78,Monaco,104.702
58,19,0,38,78,Monaco,105.564
59,14,1,39,78,Monaco,103.592
60,19,2,38,78,Monaco,101.62
61,10,0,31,78,Monaco,101.501
62,7,0,30,78,Monaco,100.987
63,13,0,32,78,Monaco,100.738
64,10,0,44,78,Monaco,102.573
65,11,1,37,78,Monaco,99.444
66,10,1,44,78,Monaco,94.287
67,3,1,44,78,Monaco,93.464
68,8,1,44,78,Monaco,94.679
69,13,0,41,78,Monaco,93.879
70,9,2,41,78,Monaco,90.405
71,18,1,35,78,Monaco,89.336
72,16,1,31,78,Monaco,87.964
73,13,0,44,78,Monaco,90.119
74,19,2,31,78,Monaco,88.049
75,2,0,36,78,Monaco,86.612
76,11,1,37,78,Monaco,85.717
77,4,0,32,78,Monaco,86.615
1,16,2,35,78,Monaco,120.092
2,17,2,40,78,Monaco,80.434
3,15,1,39,78,Monaco,77.221
4,11,2,31,78,Monaco,77.148
5,12,1,33,78,Monaco,77.045
6,3,1,44,78,Monaco,76.991
7,8,2,33,78,Monaco,77.333
8,9,0,42,78,Monaco,77.237
9,19,2,37,78,Monaco,77.433
10,11,1,40,78,Monaco,78.028
11,16,2,32,78,Monaco,79.596
12,11,2,35,78,Monaco,80.164
13,1,1,32,78,Monaco,80.824
14,15,0,42,78,Monaco,81.254
15,5,1,39,78,Monaco,80.972
16,18,2,41,78,Monaco,80.281
17,5,0,32,78,Monaco,80.171
18,9,0,30,78,Monaco,81.166
19,17,1,30,78,Monaco,79.836
20,12,1,34,78,Monaco,77.642
21,10,1,43,78,Monaco,77.201
22,15,2,33,78,Monaco,77.845
23,1,0,42,78,Monaco,78.009
24,14,1,44,78,Monaco,78.363
25,13,0,38,78,Monaco,78.23
26,8,1,35,78,Monaco,78.664
27,13,1,34,78,Monaco,78.956
28,3,0,34,78,Monaco,79.589
29,18,1,35,78,Monaco,81.412
30,11,1,32,78,Monaco,78.92
31,14,2,35,78,Monaco,79.756
32,3,1,35,78,Monaco,79.708
33,13,0,36,78,Monaco,81.348
34,10,2,42,78,Monaco,80.956
35,2,1,39,78,Monaco,78.327
36,12,2,38,78,Monaco,79.148
37,6,2,38,78,Monaco,79.009
38,1,2,35,78,Monaco,78.602
39,17,0,38,78,Monaco,78.557
40,6,2,40,78,Monaco,78.692
41,3,2,36,78,Monaco,78.606
42,7,1,40,78,Monaco,78.838
43,5,1,41,78,Monaco,78.991
44,17,1,42,78,Monaco,78.467
45,3,1,37,78,Monaco,78.751
46,3,0,34,78,Monaco,78.608
47,15,1,35,78,Monaco,78.857
48,6,1,34,78,Monaco,78.789
49,10,2,30,78,Monaco,79.036
50,11,1,40,78,Monaco,80.238
51,11,0,30,78,Monaco,88.292
52,16,0,40,78,Monaco,91.149
53,19,1,43,78,Monaco,100.881
54,6,0,32,78,Monaco,139.643
55,7,0,40,78,Monaco,104.22
56,16,2,30,78,Monaco,103.79
57,7,0,43,78,Monaco,102.598
58,16,0,30,78,Monaco,102.188
59,4,2,31,78,Monaco,119.463
60,13,0,33,78,Monaco,102.782
61,11,1,41,78,Monaco,99.565
62,9,2,42,78,Monaco,98.291
63,3,0,40,78,Monaco,97.973
64,1,2,39,78,Monaco,97.628
65,16,1,40,78,Monaco,96.647
66,19,2,33,78,Monaco,96.301
67,13,0,38,78,Monaco,95.656
68,4,0,39,78,Monaco,96.655
69,14,0,44,78,Monaco,95.297
70,4,1,43,78,Monaco,100.947
71,3,1,39,78,Monaco,93.744
72,5,2,32,78,Monaco,92.994
73,10,1,43,78,Monaco,93.111
74,19,1,37,78,Monaco,94.924
75,17,1,38,78,Monaco,94.146
76,11,1,38,78,Monaco,90.26
1,8,2,41,66,Barcelona,83.935
2,11,0,36,66,Barcelona,80.402
3,7,2,36,66,Barcelona,80.499
4,6,1,39,66,Barcelona,80.346
5,9,1,34,66,Barcelona,80.283
6,14,2,39,66,Barcelona,80.402
7,10,0,36,66,Barcelona,80.476
8,2,2,43,66,Barcelona,79.894
9,12,2,41,66,Barcelona,80.282
10,5,0,35,66,Barcelona,80.334
11,15,2,32,66,Barcelona,80.52
12,7,1,33,66,Barcelona,80.442
13,5,1,42,66,Barcelona,80.178
14,6,2,42,66,Barcelona,80.378
15,13,0,34,66,Barcelona,80.282
16,3,2,34,66,Barcelona,80.186
17,13,1,32,66,Barcelona,80.344
18,8,2,42,66,Barcelona,80.258
19,16,1,37,66,Barcelona,80.068
20,12,1,32,66,Barcelona,79.988
21,17,1,35,66,Barcelona,80.087
22,1,1,32,66,Barcelona,79.869
23,12,0,36,66,Barcelona,80.098
24,8,1,36,66,Barcelona,79.946
25,15,0,43,66,Barcelona,79.973
26,13,0,42,66,Barcelona,83.843
27,3,1,31,66,Barcelona,98.427
28,19,1,33,66,Barcelona,78.707
29,13,2,39,66,Barcelona,78.86
30,9,2,36,66,Barcelona,78.976
31,19,1,37,66,Barcelona,79.165
32,1,1,33,66,Barcelona,78.878
33,17,1,34,66,Barcelona,79.189
34,8,2,37,66,Barcelona,78.806
35,13,2,42,66,Barcelona,78.89
36,4,2,41,66,Barcelona,78.789
37,16,1,35,66,Barcelona,79.026
38,14,0,39,66,Barcelona,79.417
39,18,2,37,66,Barcelona,79.322
40,10,0,43,66,Barcelona,79.388
41,3,0,36,66,Barcelona,79.53
42,4,0,36,66,Barcelona,79.092
43,15,2,36,66,Barcelona,78.912
44,16,1,41,66,Barcelona,78.97
45,9,2,34,66,Barcelona,79.104
46,10,0,40,66,Barcelona,78.84
47,3,0,33,66,Barcelona,79.109
48,1,1,32,66,Barcelona,78.953
49,1,0,36,66,Barcelona,79.093
50,11,1,42,66,Barcelona,79.221
51,14,1,44,66,Barcelona,78.768
52,2,1,30,66,Barcelona,82.849
53,3,2,41,66,Barcelona,97.231
54,3,2,40,66,Barcelona,77.473
55,3,1,44,66,Barcelona,77.766
56,11,2,44,66,Barcelona,77.183
57,17,2,35,66,Barcelona,77.306
58,13,1,44,66,Barcelona,77.502
59,19,1,38,66,Barcelona,77.761
60,12,0,37,66,Barcelona,78.205
61,2,2,41,66,Barcelona,76.33
62,8,1,36,66,Barcelona,78.014
63,9,2,40,66,Barcelona,77.697
64,4,2,31,66,Barcelona,78.559
65,9,1,42,66,Barcelona,77.611
66,13,2,36,66,Barcelona,77.708
1,4,0,44,66,Barcelona,85.014
2,4,0,33,66,Barcelona,80.852
3,19,1,38,66,Barcelona,80.571
4,6,0,33,66,Barcelona,80.815
5,14,1,41,66,Barcelona,80.935
6,6,1,36,66,Barcelona,80.784
7,13,1,44,66,Barcelona,80.644
8,13,1,33,66,Barcelona,80.83
9,12,0,33,66,Barcelona,80.734
10,15,0,41,66,Barcelona,80.933
11,13,2,42,66,Barcelona,80.73
12,15,1,38,66,Barcelona,80.851
13,16,1,30,66,Barcelona,80.715
14,11,0,36,66,Barcelona,81.054
15,2,0,43,66,Barcelona,84.981
16,15,0,39,66,Barcelona,99.079
17,1,1,31,66,Barcelona,80.165
18,16,0,43,66,Barcelona,79.981
19,13,0,32,66,Barcelona,79.832
20,4,2,37,66,Barcelona,80.249
21,2,1,40,66,Barcelona,80.164
22,5,0,36,66,Barcelona,80.272
23,11,2,30,66,Barcelona,80.479
24,5,2,42,66,Barcelona,80.477
25,10,0,31,66,Barcelona,80.693
26,15,2,31,66,Barcelona,80.315
27,17,1,37,66,Barcelona,80.333
28,4,1,37,66,Barcelona,81.45
29,16,1,39,66,Barcelona,80.687
30,4,1,41,66,Barcelona,80.257
31,18,0,35,66,Barcelona,80.257
32,17,1,43,66,Barcelona,80.09
33,17,0,33,66,Barcelona,80.316
34,13,1,39,66,Barcelona,80.343
35,18,2,44,66,Barcelona,82.307
36,3,1,32,66,Barcelona,80.712
37,10,2,44,66,Barcelona,80.133
38,7,1,32,66,Barcelona,80.39
39,13,2,44,66,Barcelona,80.151
40,8,2,37,66,Barcelona,80.053
41,17,0,42,66,Barcelona,84.28
42,4,2,36,66,Barcelona,99.152
43,17,0,31,66,Barcelona,79.331
44,12,2,39,66,Barcelona,79.241
45,8,2,40,66,Barcelona,79.325
46,11,1,44,66,Barcelona,78.698
47,16,2,37,66,Barcelona,78.562
48,6,1,43,66,Barcelona,78.521
49,18,0,33,66,Barcelona,78.635
50,10,0,36,66,Barcelona,78.518
51,5,0,33,66,Barcelona,78.562
52,13,0,44,66,Barcelona,78.595
53,6,1,40,66,Barcelona,79.738
54,5,0,33,66,Barcelona,78.886
55,4,1,33,66,Barcelona,78.513
56,4,2,44,66,Barcelona,78.559
57,10,1,44,66,Barcelona,78.725
58,11,2,44,66,Barcelona,78.623
59,18,1,41,66,Barcelona,78.799
60,3,2,39,66,Barcelona,78.403
61,5,1,35,66,Barcelona,78.714
62,3,0,35,66,Barcelona,78.712
63,16,0,38,66,Barcelona,78.999
64,3,1,44,66,Barcelona,78.687
65,17,2,37,66,Barcelona,78.785
66,7,0,35,66,Barcelona,78.447
1,6,0,30,66,Barcelona,85.739
2,19,1,40,66,Barcelona,80.967
3,10,1,36,66,Barcelona,80.868
4,12,0,42,66,Barcelona,80.996
5,12,2,36,66,Barcelona,80.854
6,6,0,31,66,Barcelona,81.033
7,13,0,34,66,Barcelona,80.883
8,19,1,44,66,Barcelona,82.382
9,17,1,34,66,Barcelona,81.36
10,3,2,39,66,Barcelona,81.263
11,18,1,42,66,Barcelona,81.371
12,8,2,30,66,Barcelona,81.31
13,14,1,30,66,Barcelona,81.364
14,13,0,44,66,Barcelona,85.694
15,10,0,32,66,Barcelona,99.74
16,3,2,42,66,Barcelona,80.907
17,10,1,35,66,Barcelona,80.283
18,7,1,31,66,Barcelona,80.392
19,1,0,44,66,Barcelona,80.33
20,9,2,35,66,Barcelona,80.496
21,17,1,44,66,Barcelona,80.457
22,19,1,35,66,Barcelona,80.506
23,11,2,34,66,Barcelona,80.397
24,1,1,44,66,Barcelona,80.44
25,15,2,34,66,Barcelona,80.731
26,5,1,44,66,Barcelona,80.533
27,17,0,44,66,Barcelona,80.455
28,13,1,31,66,Barcelona,81.2
29,17,1,43,66,Barcelona,80.575
30,18,2,42,66,Barcelona,80.742
31,12,2,33,66,Barcelona,80.558
32,3,0,43,66,Barcelona,80.514
33,6,1,43,66,Barcelona,80.857
34,13,1,43,66,Barcelona,85.2
35,7,1,31,66,Barcelona,100.11
36,9,1,35,66,Barcelona,79.746
37,13,1,39,66,Barcelona,79.948
38,17,0,43,66,Barcelona,80.024
39,12,2,32,66,Barcelona,79.067
40,3,1,33,66,Barcelona,79.53
41,8,1,31,66,Barcelona,79.819
42,7,2,39,66,Barcelona,79.542
43,7,0,42,66,Barcelona,79.508
44,15,2,43,66,Barcelona,80.121
45,3,2,41,66,Barcelona,79.671
46,14,0,32,66,Barcelona,79.593
47,17,0,40,66,Barcelona,79.477
48,9,0,36,66,Barcelona,79.129
49,6,1,44,66,Barcelona,79.413
50,17,1,37,66,Barcelona,79.283
51,7,1,39,66,Barcelona,79.164
52,19,2,42,66,Barcelona,79.018
53,2,1,37,66,Barcelona,78.998
54,11,1,33,66,Barcelona,79.068
55,7,1,41,66,Barcelona,78.933
56,12,2,39,66,Barcelona,78.722
57,4,2,39,66,Barcelona,79.041
58,15,1,32,66,Barcelona,79.251
59,5,1,42,66,Barcelona,79.193
60,15,2,32,66,Barcelona,78.967
61,1,2,30,66,Barcelona,78.988
62,19,0,39,66,Barcelona,79.081
63,8,2,30,66,Barcelona,79.084
64,5,1,33,66,Barcelona,79.413
65,17,2,41,66,Barcelona,79.195
66,6,0,40,66,Barcelona,79.766
1,19,2,31,66,Barcelona,86.376
2,13,2,40,66,Barcelona,81.678
3,14,1,38,66,Barcelona,80.839
4,9,1,42,66,Barcelona,80.962
5,4,1,30,66,Barcelona,80.755
6,9,0,36,66,Barcelona,80.705
7,17,1,38,66,Barcelona,80.488
8,15,1,38,66,Barcelona,80.478
9,13,0,44,66,Barcelona,80.812
10,7,0,40,66,Barcelona,80.71
11,7,0,31,66,Barcelona,80.646
12,15,0,31,66,Barcelona,80.504
13,14,1,35,66,Barcelona,80.552
14,12,0,34,66,Barcelona,80.785
15,17,0,35,66,Barcelona,80.865
16,1,0,32,66,Barcelona,79.733
17,11,0,42,66,Barcelona,80.253
18,3,1,41,66,Barcelona,80.172
19,6,0,30,66,Barcelona,80.324
20,10,2,38,66,Barcelona,80.527
21,17,1,30,66,Barcelona,80.681
22,1,1,30,66,Barcelona,80.562
23,8,1,43,66,Barcelona,80.786
24,11,1,34,66,Barcelona,84.672
25,13,2,32,66,Barcelona,99.313
26,16,2,35,66,Barcelona,79.629
27,19,0,31,66,Barcelona,79.186
28,16,0,37,66,Barcelona,79.161
29,10,0,30,66,Barcelona,79.8
30,3,1,35,66,Barcelona,79.292
31,15,1,38,66,Barcelona,79.483
32,2,2,35,66,Barcelona,79.215
33,14,1,33,66,Barcelona,79.199
34,17,0,36,66,Barcelona,79.028
35,12,2,36,66,Barcelona,78.927
36,8,2,42,66,Barcelona,79.127
37,8,0,31,66,Barcelona,79.835
38,12,1,43,66,Barcelona,79.732
39,11,1,30,66,Barcelona,79.594
40,9,1,32,66,Barcelona,79.468
41,10,2,33,66,Barcelona,79.523
42,10,2,35,66,Barcelona,79.187
43,6,2,31,66,Barcelona,79.078
44,1,1,33,66,Barcelona,79.121
45,17,1,31,66,Barcelona,79.201
46,9,2,44,66,Barcelona,78.965
47,9,0,31,66,Barcelona,78.933
48,11,1,41,66,Barcelona,79.183
49,5,2,38,66,Barcelona,78.968
50,16,1,34,66,Barcelona,82.701
51,18,1,35,66,Barcelona,98.688
52,17,0,32,66,Barcelona,78.621
53,14,1,43,66,Barcelona,78.564
54,9,1,34,66,Barcelona,77.529
55,19,1,42,66,Barcelona,77.575
56,9,1,41,66,Barcelona,77.874
57,11,0,30,66,Barcelona,77.725
58,10,2,43,66,Barcelona,77.848
59,19,0,38,66,Barcelona,78.138
60,7,1,33,66,Barcelona,78.475
61,6,1,42,66,Barcelona,77.627
62,10,0,37,66,Barcelona,76.676
63,2,1,38,66,Barcelona,78.967
64,4,1,37,66,Barcelona,78.579
65,14,2,33,66,Barcelona,80.31
66,2,1,43,66,Barcelona,79.12
1,7,0,36,66,Barcelona,87.129
2,15,2,34,66,Barcelona,82.0
3,17,0,39,66,Barcelona,81.445
4,16,0,33,66,Barcelona,80.939
5,5,1,38,66,Barcelona,80.792
6,19,0,40,66,Barcelona,81.314
7,9,0,34,66,Barcelona,80.963
8,1,2,30,66,Barcelona,81.397
9,13,0,42,66,Barcelona,81.378
10,8,1,34,66,Barcelona,81.475
11,3,1,44,66,Barcelona,82.763
12,5,0,40,66,Barcelona,81.696
13,18,2,42,66,Barcelona,85.472
14,11,1,38,66,Barcelona,98.928
15,11,1,39,66,Barcelona,80.523
16,17,0,34,66,Barcelona,80.865
17,10,2,30,66,Barcelona,80.556
18,19,0,31,66,Barcelona,80.376
19,9,1,37,66,Barcelona,80.395
20,19,0,34,66,Barcelona,80.623
21,3,2,40,66,Barcelona,80.646
22,11,2,44,66,Barcelona,80.239
23,11,2,32,66,Barcelona,80.539
24,19,2,41,66,Barcelona,80.636
25,16,1,38,66,Barcelona,80.534
26,10,1,39,66,Barcelona,81.411
27,17,2,44,66,Barcelona,80.39
28,3,1,35,66,Barcelona,80.318
29,17,2,42,66,Barcelona,80.341
30,13,0,36,66,Barcelona,80.313
31,5,0,35,66,Barcelona,80.502
32,8,0,30,66,Barcelona,80.543
33,14,0,42,66,Barcelona,80.82
34,2,2,38,66,Barcelona,81.516
35,12,1,41,66,Barcelona,84.355
36,13,1,38,66,Barcelona,100.678
37,3,0,41,66,Barcelona,79.679
38,13,2,41,66,Barcelona,79.027
39,9,0,39,66,Barcelona,79.368
40,11,0,39,66,Barcelona,79.729
41,9,2,42,66,Barcelona,79.703
42,11,1,33,66,Barcelona,79.696
43,5,2,44,66,Barcelona,79.7
44,16,1,42,66,Barcelona,79.862
45,9,1,30,66,Barcelona,79.843
46,18,0,43,66,Barcelona,79.654
47,14,1,41,66,Barcelona,79.669
48,18,1,31,66,Barcelona,79.618
49,16,1,38,66,Barcelona,78.965
50,1,0,44,66,Barcelona,79.163
51,2,1,43,66,Barcelona,81.212
52,4,2,38,66,Barcelona,79.213
53,8,1,31,66,Barcelona,79.177
54,8,1,35,66,Barcelona,78.946
55,1,2,35,66,Barcelona,79.057
56,11,2,31,66,Barcelona,79.097
57,14,1,36,66,Barcelona,79.365
58,11,0,32,66,Barcelona,79.207
59,4,1,40,66,Barcelona,79.189
60,4,0,39,66,Barcelona,78.97
61,15,0,42,66,Barcelona,79.175
62,6,1,42,66,Barcelona,79.057
63,10,2,41,66,Barcelona,79.174
64,19,2,38,66,Barcelona,79.228
65,6,1,41,66,Barcelona,79.174
66,7,0,42,66,Barcelona,79.455
1,3,0,41,66,Barcelona,88.039
2,6,0,30,66,Barcelona,81.792
3,13,1,36,66,Barcelona,81.574
4,8,1,35,66,Barcelona,80.717
5,14,0,32,66,Barcelona,81.289
6,13,1,34,66,Barcelona,81.631
7,8,2,42,66,Barcelona,82.087
8,19,2,40,66,Barcelona,81.776
9,6,1,33,66,Barcelona,81.35
10,9,1,41,66,Barcelona,81.34
11,8,1,44,66,Barcelona,81.575
12,6,1,40,66,Barcelona,81.291
13,2,1,43,66,Barcelona,81.325
14,8,1,44,66,Barcelona,80.876
15,8,0,30,66,Barcelona,81.169
16,12,0,41,66,Barcelona,81.15
17,10,0,35,66,Barcelona,81.193
18,5,1,40,66,Barcelona,81.147
19,15,0,43,66,Barcelona,84.968
20,19,0,41,66,Barcelona,99.017
21,13,1,35,66,Barcelona,80.375
22,10,2,30,66,Barcelona,80.954
23,7,2,33,66,Barcelona,80.987
24,2,0,44,66,Barcelona,80.813
25,6,1,36,66,Barcelona,80.32
26,15,0,38,66,Barcelona,80.367
27,7,1,41,66,Barcelona,80.318
28,13,0,33,66,Barcelona,80.404
29,17,0,38,66,Barcelona,80.239
30,10,1,31,66,Barcelona,80.916
31,3,1,32,66,Barcelona,80.892
32,12,1,42,66,Barcelona,80.379
33,15,0,32,66,Barcelona,80.614
34,4,1,42,66,Barcelona,80.634
35,15,0,31,66,Barcelona,80.435
36,19,2,30,66,Barcelona,80.323
37,12,2,31,66,Barcelona,80.247
38,11,1,38,66,Barcelona,80.074
39,2,2,38,66,Barcelona,79.851
40,13,2,31,66,Barcelona,79.832
41,5,2,43,66,Barcelona,79.84
42,18,2,39,66,Barcelona,79.9
43,10,2,37,66,Barcelona,80.13
44,2,0,33,66,Barcelona,83.902
45,15,0,40,66,Barcelona,98.759
46,1,0,35,66,Barcelona,78.442
47,15,0,34,66,Barcelona,78.321
48,14,2,36,66,Barcelona,78.237
49,2,0,39,66,Barcelona,78.083
50,5,1,34,66,Barcelona,78.935
51,13,1,40,66,Barcelona,78.833
52,10,2,43,66,Barcelona,78.543
53,15,2,32,66,Barcelona,79.225
54,1,1,35,66,Barcelona,78.536
55,13,2,30,66,Barcelona,78.584
56,10,1,30,66,Barcelona,78.749
57,16,1,30,66,Barcelona,78.77
58,11,1,33,66,Barcelona,78.861
59,17,0,41,66,Barcelona,78.87
60,19,0,34,66,Barcelona,79.111
61,14,1,33,66,Barcelona,79.624
62,17,1,31,66,Barcelona,79.445
63,3,2,38,66,Barcelona,78.532
64,12,0,35,66,Barcelona,79.229
65,19,1,31,66,Barcelona,78.845
66,14,2,36,66,Barcelona,79.481
1,7,1,38,66,Barcelona,88.534
2,18,1,34,66,Barcelona,81.934
3,9,0,42,66,Barcelona,81.637
4,14,1,35,66,Barcelona,81.087
5,3,2,41,66,Barcelona,80.975
6,4,2,37,66,Barcelona,81.33
7,18,1,36,66,Barcelona,80.516
8,14,0,43,66,Barcelona,81.159
9,3,2,38,66,Barcelona,81.032
10,2,2,44,66,Barcelona,81.255
11,14,1,31,66,Barcelona,80.747
12,17,1,35,66,Barcelona,81.264
13,6,0,43,66,Barcelona,80.872
14,13,1,42,66,Barcelona,80.855
15,8,1,35,66,Barcelona,80.677
16,3,1,41,66,Barcelona,80.646
17,14,1,38,66,Barcelona,80.503
18,19,1,43,66,Barcelona,80.521
19,9,1,32,66,Barcelona,80.742
20,2,1,33,66,Barcelona,80.523
21,9,0,43,66,Barcelona,80.757
22,11,2,40,66,Barcelona,80.724
23,9,0,39,66,Barcelona,80.794
24,14,0,37,66,Barcelona,81.05
25,2,1,39,66,Barcelona,84.632
26,13,2,37,66,Barcelona,98.401
27,19,0,44,66,Barcelona,78.878
28,12,1,37,66,Barcelona,78.264
29,4,1,36,66,Barcelona,79.199
30,19,1,41,66,Barcelona,79.362
31,14,2,38,66,Barcelona,79.186
32,1,1,41,66,Barcelona,79.302
33,15,0,33,66,Barcelona,79.568
34,12,1,32,66,Barcelona,79.489
35,1,0,33,66,Barcelona,79.698
36,14,0,42,66,Barcelona,79.835
37,6,0,36,66,Barcelona,79.68
38,4,2,32,66,Barcelona,79.804
39,12,0,33,66,Barcelona,79.73
40,14,1,31,66,Barcelona,79.611
41,1,1,31,66,Barcelona,79.471
42,17,2,36,66,Barcelona,79.281
43,17,2,33,66,Barcelona,79.198
44,11,2,40,66,Barcelona,79.296
45,10,1,41,66,Barcelona,82.981
46,14,0,40,66,Barcelona,97.181
47,3,2,43,66,Barcelona,78.057
48,13,1,40,66,Barcelona,77.875
49,2,1,39,66,Barcelona,78.383
50,5,1,31,66,Barcelona,78.488
51,9,1,39,66,Barcelona,78.611
52,1,2,30,66,Barcelona,78.335
53,8,1,42,66,Barcelona,78.504
54,14,0,43,66,Barcelona,78.362
55,2,0,31,66,Barcelona,78.133
56,1,2,35,66,Barcelona,78.448
57,4,2,41,66,Barcelona,78.29
58,8,0,42,66,Barcelona,78.357
59,14,2,44,66,Barcelona,78.129
60,8,0,37,66,Barcelona,78.067
61,18,1,40,66,Barcelona,78.201
62,2,2,31,66,Barcelona,78.152
63,15,1,41,66,Barcelona,78.631
64,18,0,33,66,Barcelona,78.917
65,16,1,33,66,Barcelona,79.163
66,15,1,32,66,Barcelona,79.045
1,4,2,33,66,Barcelona,89.133
2,7,1,37,66,Barcelona,81.912
3,16,2,35,66,Barcelona,81.892
4,4,1,44,66,Barcelona,81.363
5,15,0,43,66,Barcelona,81.972
6,15,1,38,66,Barcelona,82.738
7,1,1,40,66,Barcelona,82.775
8,8,2,31,66,Barcelona,86.934
9,13,0,44,66,Barcelona,98.728
10,6,1,43,66,Barcelona,80.101
11,12,0,42,66,Barcelona,79.527
12,16,1,35,66,Barcelona,80.114
13,7,1,34,66,Barcelona,80.356
14,19,1,39,66,Barcelona,82.119
15,15,2,37,66,Barcelona,81.677
16,19,2,34,66,Barcelona,83.239
17,8,0,33,66,Barcelona,81.467
18,3,1,31,66,Barcelona,81.335
19,19,0,41,66,Barcelona,81.164
20,2,0,30,66,Barcelona,81.266
21,1,0,42,66,Barcelona,81.964
22,18,0,37,66,Barcelona,80.991
23,17,1,37,66,Barcelona,81.129
24,13,1,39,66,Barcelona,81.33
25,14,0,36,66,Barcelona,81.144
26,1,1,32,66,Barcelona,84.75
27,18,1,30,66,Barcelona,99.843
28,11,1,37,66,Barcelona,78.959
29,1,1,41,66,Barcelona,78.981
30,10,1,37,66,Barcelona,79.314
31,18,2,33,66,Barcelona,78.964
32,19,2,35,66,Barcelona,79.493
33,18,0,30,66,Barcelona,79.922
34,12,1,42,66,Barcelona,79.177
35,5,1,38,66,Barcelona,79.874
36,5,0,40,66,Barcelona,80.814
37,14,1,32,66,Barcelona,80.041
38,16,2,33,66,Barcelona,80.033
39,2,1,44,66,Barcelona,80.31
40,12,1,42,66,Barcelona,80.031
41,19,1,34,66,Barcelona,80.039
42,6,0,38,66,Barcelona,80.001
43,3,2,37,66,Barcelona,85.079
44,9,0,38,66,Barcelona,100.839
45,5,1,36,66,Barcelona,78.912
46,18,0,40,66,Barcelona,78.841
47,13,2,44,66,Barcelona,79.121
48,4,1,33,66,Barcelona,78.947
49,12,1,43,66,Barcelona,79.272
50,19,1,44,66,Barcelona,78.855
51,19,0,42,66,Barcelona,78.861
52,14,1,35,66,Barcelona,78.962
53,17,1,31,66,Barcelona,78.776
54,15,2,42,66,Barcelona,78.951
55,19,0,36,66,Barcelona,80.482
56,1,2,41,66,Barcelona,79.721
57,11,1,44,66,Barcelona,79.128
58,18,2,44,66,Barcelona,79.151
59,14,0,39,66,Barcelona,78.985
60,8,1,41,66,Barcelona,78.997
61,2,2,35,66,Barcelona,78.949
62,19,0,43,66,Barcelona,79.232
63,12,1,43,66,Barcelona,79.524
64,13,2,39,66,Barcelona,79.32
65,13,1,39,66,Barcelona,79.416
1,11,1,40,66,Barcelona,89.482
2,17,1,36,66,Barcelona,81.832
3,18,1,32,66,Barcelona,81.997
4,10,0,33,66,Barcelona,81.232
5,15,1,40,66,Barcelona,80.397
6,17,0,30,66,Barcelona,81.514
7,17,1,42,66,Barcelona,81.494
8,11,1,39,66,Barcelona,81.705
9,7,1,41,66,Barcelona,86.163
10,9,1,43,66,Barcelona,101.115
11,7,1,34,66,Barcelona,81.174
12,10,0,42,66,Barcelona,79.955
13,15,0,44,66,Barcelona,79.948
14,5,0,36,66,Barcelona,82.523
15,12,0,40,66,Barcelona,81.185
16,9,1,31,66,Barcelona,80.906
17,13,1,36,66,Barcelona,80.815
18,13,2,30,66,Barcelona,80.568
19,5,1,30,66,Barcelona,80.49
20,5,1,37,66,Barcelona,80.479
21,13,1,30,66,Barcelona,81.619
22,7,1,41,66,Barcelona,81.227
23,5,0,38,66,Barcelona,81.493
24,7,1,41,66,Barcelona,81.399
25,11,0,34,66,Barcelona,81.114
26,12,1,40,66,Barcelona,80.895
27,2,0,32,66,Barcelona,80.55
28,14,1,35,66,Barcelona,80.946
29,12,1,34,66,Barcelona,80.508
30,10,0,38,66,Barcelona,80.405
31,8,1,35,66,Barcelona,80.673
32,11,1,36,66,Barcelona,80.679
33,8,1,44,66,Barcelona,80.782
34,18,1,36,66,Barcelona,80.446
35,6,2,32,66,Barcelona,80.371
36,15,1,43,66,Barcelona,84.35
37,15,1,34,66,Barcelona,99.856
38,18,1,30,66,Barcelona,78.753
39,2,1,34,66,Barcelona,78.982
40,2,1,35,66,Barcelona,79.119
41,9,0,37,66,Barcelona,79.065
42,6,0,32,66,Barcelona,79.044
43,12,2,44,66,Barcelona,79.073
44,11,1,39,66,Barcelona,79.336
45,4,0,35,66,Barcelona,79.326
46,15,0,36,66,Barcelona,79.122
47,2,1,38,66,Barcelona,79.214
48,5,1,43,66,Barcelona,79.749
49,7,2,32,66,Barcelona,79.276
50,19,2,32,66,Barcelona,79.461
51,12,1,35,66,Barcelona,79.699
52,10,1,39,66,Barcelona,79.04
53,2,0,40,66,Barcelona,79.086
54,6,1,42,66,Barcelona,79.057
55,16,2,34,66,Barcelona,79.147
56,16,1,32,66,Barcelona,80.335
57,11,2,30,66,Barcelona,79.425
58,4,0,32,66,Barcelona,79.123
59,19,2,35,66,Barcelona,78.973
60,3,1,37,66,Barcelona,79.07
61,3,1,40,66,Barcelona,78.954
62,12,0,30,66,Barcelona,79.369
63,10,2,40,66,Barcelona,79.231
64,2,0,35,66,Barcelona,79.257
65,12,2,37,66,Barcelona,79.137
66,15,0,42,66,Barcelona,79.108
1,2,0,39,66,Barcelona,90.075
2,19,0,39,66,Barcelona,82.916
3,9,0,31,66,Barcelona,82.404
4,1,1,41,66,Barcelona,81.271
5,3,1,36,66,Barcelona,81.546
6,11,1,44,66,Barcelona,81.696
7,12,2,43,66,Barcelona,82.246
8,18,1,36,66,Barcelona,81.83
9,9,1,33,66,Barcelona,81.69
10,18,0,35,66,Barcelona,81.408
11,13,1,32,66,Barcelona,81.025
12,9,1,36,66,Barcelona,80.997
13,18,1,40,66,Barcelona,81.498
14,6,0,39,66,Barcelona,81.29
15,5,1,36,66,Barcelona,81.369
16,14,0,36,66,Barcelona,81.715
17,13,2,39,66,Barcelona,84.904
18,7,2,39,66,Barcelona,100.323
19,5,1,40,66,Barcelona,79.785
20,4,0,37,66,Barcelona,80.115
21,6,0,40,66,Barcelona,80.38
22,9,2,30,66,Barcelona,80.712
23,8,0,32,66,Barcelona,80.738
24,8,1,42,66,Barcelona,80.973
25,11,1,34,66,Barcelona,80.77
26,15,1,31,66,Barcelona,80.828
27,6,2,33,66,Barcelona,80.618
28,3,0,40,66,Barcelona,80.667
29,8,2,37,66,Barcelona,80.352
30,1,2,39,66,Barcelona,80.661
31,17,2,39,66,Barcelona,80.469
32,7,2,43,66,Barcelona,80.672
33,19,2,41,66,Barcelona,80.868
34,13,1,43,66,Barcelona,80.449
35,10,1,30,66,Barcelona,80.449
36,13,2,33,66,Barcelona,80.911
37,13,0,40,66,Barcelona,80.497
38,18,1,42,66,Barcelona,80.607
39,3,2,40,66,Barcelona,84.112
40,19,0,35,66,Barcelona,98.905
41,19,0,31,66,Barcelona,78.679
42,14,1,40,66,Barcelona,78.987
43,12,1,41,66,Barcelona,78.864
44,7,2,40,66,Barcelona,78.854
45,9,0,36,66,Barcelona,79.08
46,1,0,38,66,Barcelona,79.47
47,19,1,44,66,Barcelona,79.397
48,18,1,37,66,Barcelona,81.667
49,17,2,39,66,Barcelona,81.089
50,17,1,37,66,Barcelona,79.227
51,14,0,42,66,Barcelona,80.902
52,19,1,44,66,Barcelona,79.507
53,3,1,34,66,Barcelona,79.358
54,15,1,31,66,Barcelona,79.38
55,4,2,31,66,Barcelona,79.453
56,17,0,41,66,Barcelona,79.365
57,17,2,41,66,Barcelona,79.396
58,2,2,40,66,Barcelona,79.104
59,17,1,33,66,Barcelona,79.096
60,6,1,42,66,Barcelona,78.831
61,10,1,40,66,Barcelona,79.078
62,11,2,34,66,Barcelona,79.2
63,1,2,37,66,Barcelona,80.997
64,1,1,38,66,Barcelona,79.393
65,17,2,32,66,Barcelona,79.1
1,1,1,41,66,Barcelona,90.355
2,3,2,36,66,Barcelona,81.724
3,17,2,34,66,Barcelona,81.953
4,10,1,43,66,Barcelona,80.936
5,5,1,38,66,Barcelona,81.824
6,2,1,35,66,Barcelona,80.908
7,10,2,35,66,Barcelona,81.245
8,14,1,44,66,Barcelona,81.102
9,1,1,43,66,Barcelona,81.01
10,11,1,35,66,Barcelona,81.266
11,1,1,38,66,Barcelona,81.616
12,14,1,35,66,Barcelona,81.597
13,4,1,43,66,Barcelona,81.592
14,7,1,43,66,Barcelona,81.329
15,11,2,33,66,Barcelona,81.327
16,16,1,36,66,Barcelona,81.033
17,7,1,31,66,Barcelona,81.115
18,1,2,44,66,Barcelona,80.824
19,9,0,41,66,Barcelona,81.128
20,3,1,38,66,Barcelona,80.547
21,16,2,43,66,Barcelona,80.256
22,3,1,34,66,Barcelona,80.315
23,13,1,44,66,Barcelona,80.69
24,3,1,34,66,Barcelona,80.828
25,13,1,42,66,Barcelona,81.062
26,5,1,38,66,Barcelona,81.244
27,9,1,36,66,Barcelona,85.177
28,2,1,36,66,Barcelona,98.204
29,17,2,41,66,Barcelona,78.645
30,11,1,44,66,Barcelona,80.419
31,19,2,40,66,Barcelona,78.786
32,8,1,36,66,Barcelona,79.53
33,10,2,36,66,Barcelona,79.337
34,11,0,38,66,Barcelona,78.817
35,6,1,40,66,Barcelona,78.784
36,10,1,38,66,Barcelona,79.553
37,7,2,31,66,Barcelona,79.296
38,10,2,37,66,Barcelona,79.247
39,3,1,37,66,Barcelona,79.31
40,7,2,39,66,Barcelona,79.191
41,7,2,44,66,Barcelona,79.201
42,11,2,31,66,Barcelona,78.907
43,18,0,33,66,Barcelona,79.068
44,3,1,34,66,Barcelona,79.504
45,16,2,40,66,Barcelona,79.6
46,19,0,31,66,Barcelona,79.367
47,8,1,38,66,Barcelona,78.907
48,2,1,36,66,Barcelona,79.179
49,16,0,38,66,Barcelona,79.4
50,17,2,35,66,Barcelona,83.039
51,9,1,30,66,Barcelona,95.599
52,18,0,37,66,Barcelona,76.666
53,11,0,30,66,Barcelona,77.122
54,14,0,31,66,Barcelona,77.543
55,7,1,38,66,Barcelona,77.776
56,17,0,38,66,Barcelona,77.484
57,16,0,38,66,Barcelona,77.44
58,2,2,32,66,Barcelona,77.931
59,16,1,34,66,Barcelona,78.623
60,16,2,34,66,Barcelona,78.415
61,14,2,42,66,Barcelona,77.789
62,5,2,32,66,Barcelona,77.793
63,12,0,44,66,Barcelona,77.828
64,4,1,30,66,Barcelona,77.91
65,1,1,38,66,Barcelona,78.476
66,4,0,31,66,Barcelona,80.063
1,14,1,37,66,Barcelona,90.844
2,15,2,39,66,Barcelona,82.459
3,8,1,36,66,Barcelona,81.587
4,15,1,44,66,Barcelona,81.03
5,7,1,44,66,Barcelona,81.647
6,9,1,44,66,Barcelona,81.842
7,3,0,38,66,Barcelona,81.268
8,11,1,36,66,Barcelona,81.185
9,19,0,34,66,Barcelona,81.451
10,6,1,38,66,Barcelona,84.958
11,12,2,40,66,Barcelona,100.506
12,13,0,33,66,Barcelona,80.243
13,15,1,31,66,Barcelona,79.767
14,5,1,35,66,Barcelona,81.161
15,17,1,41,66,Barcelona,80.161
16,12,2,41,66,Barcelona,80.377
17,1,0,35,66,Barcelona,80.998
18,8,1,37,66,Barcelona,80.223
19,15,0,33,66,Barcelona,80.222
20,16,1,30,66,Barcelona,80.262
21,14,1,44,66,Barcelona,80.591
22,17,0,36,66,Barcelona,80.468
23,5,1,42,66,Barcelona,80.41
24,16,2,37,66,Barcelona,80.6
25,3,2,33,66,Barcelona,80.643
26,15,2,43,66,Barcelona,80.999
27,1,0,32,66,Barcelona,80.471
28,8,0,44,66,Barcelona,80.31
29,19,0,30,66,Barcelona,80.372
30,14,1,31,66,Barcelona,80.329
31,2,0,30,66,Barcelona,80.595
32,16,2,44,66,Barcelona,80.793
33,4,1,43,66,Barcelona,82.322
34,10,2,38,66,Barcelona,84.505
35,7,2,36,66,Barcelona,97.984
36,10,1,35,66,Barcelona,79.141
37,19,1,40,66,Barcelona,80.375
38,15,1,43,66,Barcelona,80.12
39,19,1,33,66,Barcelona,80.766
40,2,1,44,66,Barcelona,79.886
41,14,0,33,66,Barcelona,79.728
42,3,0,34,66,Barcelona,79.615
43,17,2,41,66,Barcelona,79.645
44,14,2,30,66,Barcelona,80.063
45,17,2,36,66,Barcelona,79.746
46,14,0,41,66,Barcelona,79.714
47,10,1,41,66,Barcelona,79.625
48,11,1,32,66,Barcelona,79.492
49,18,2,33,66,Barcelona,80.145
50,6,2,40,66,Barcelona,79.211
51,7,2,39,66,Barcelona,79.667
52,19,2,36,66,Barcelona,79.236
53,16,2,40,66,Barcelona,79.028
54,10,2,37,66,Barcelona,79.267
55,6,1,35,66,Barcelona,79.246
56,17,1,30,66,Barcelona,79.568
57,11,2,31,66,Barcelona,79.182
58,10,1,35,66,Barcelona,79.22
59,16,0,44,66,Barcelona,78.904
60,3,1,32,66,Barcelona,78.979
61,4,0,39,66,Barcelona,79.241
62,10,2,39,66,Barcelona,79.206
63,8,2,30,66,Barcelona,79.121
64,4,1,32,66,Barcelona,79.182
65,5,0,34,66,Barcelona,79.287
66,6,0,43,66,Barcelona,79.167
1,1,1,41,66,Barcelona,91.193
2,19,2,37,66,Barcelona,82.725
3,16,0,42,66,Barcelona,81.836
4,16,2,37,66,Barcelona,82.097
5,3,1,33,66,Barcelona,81.294
6,2,0,34,66,Barcelona,81.593
7,2,0,44,66,Barcelona,82.354
8,14,0,40,66,Barcelona,82.486
9,17,2,39,66,Barcelona,81.53
10,10,2,39,66,Barcelona,86.652
11,6,2,32,66,Barcelona,99.51
12,17,0,42,66,Barcelona,80.176
13,16,1,42,66,Barcelona,80.504
14,17,0,44,66,Barcelona,80.706
15,3,2,44,66,Barcelona,81.069
16,4,1,32,66,Barcelona,81.119
17,16,0,38,66,Barcelona,81.203
18,15,1,38,66,Barcelona,81.031
19,19,1,32,66,Barcelona,81.719
20,14,0,34,66,Barcelona,81.51
21,12,1,31,66,Barcelona,81.662
22,2,1,43,66,Barcelona,81.631
23,4,1,39,66,Barcelona,81.847
24,18,1,41,66,Barcelona,85.931
25,11,1,35,66,Barcelona,101.735
26,12,2,34,66,Barcelona,79.412
27,4,1,38,66,Barcelona,79.009
28,9,0,36,66,Barcelona,79.264
29,7,2,32,66,Barcelona,79.627
30,17,2,31,66,Barcelona,79.734
31,11,1,35,66,Barcelona,79.98
32,9,2,40,66,Barcelona,80.401
33,17,1,36,66,Barcelona,80.774
34,13,1,32,66,Barcelona,80.679
35,19,0,37,66,Barcelona,80.085
36,15,1,35,66,Barcelona,80.459
37,15,1,40,66,Barcelona,81.792
38,3,2,33,66,Barcelona,81.479
39,6,2,34,66,Barcelona,79.939
40,18,0,41,66,Barcelona,82.531
41,7,1,30,66,Barcelona,80.194
42,1,0,36,66,Barcelona,86.156
43,16,1,35,66,Barcelona,98.274
44,16,0,42,66,Barcelona,78.069
45,18,1,34,66,Barcelona,78.282
46,3,0,40,66,Barcelona,78.851
47,4,0,33,66,Barcelona,79.166
48,1,0,42,66,Barcelona,78.7
49,15,2,40,66,Barcelona,79.105
50,5,2,43,66,Barcelona,78.98
51,19,2,31,66,Barcelona,79.101
52,10,1,44,66,Barcelona,79.345
53,6,1,30,66,Barcelona,79.396
54,6,1,35,66,Barcelona,79.311
55,4,0,42,66,Barcelona,79.187
56,7,2,38,66,Barcelona,79.389
57,14,2,34,66,Barcelona,79.199
58,18,2,38,66,Barcelona,79.397
59,8,0,32,66,Barcelona,81.015
60,17,1,32,66,Barcelona,80.31
61,19,1,31,66,Barcelona,79.492
62,18,0,37,66,Barcelona,79.407
63,11,1,30,66,Barcelona,79.496
64,19,0,31,66,Barcelona,82.711
65,13,2,37,66,Barcelona,83.209
1,5,0,37,66,Barcelona,91.428
2,13,0,40,66,Barcelona,116.0
3,1,0,41,66,Barcelona,80.072
4,5,0,31,66,Barcelona,80.051
5,10,1,32,66,Barcelona,80.241
6,13,2,41,66,Barcelona,81.022
7,4,1,42,66,Barcelona,80.818
8,15,0,30,66,Barcelona,80.807
9,18,0,44,66,Barcelona,81.17
10,11,0,35,66,Barcelona,82.136
11,4,0,35,66,Barcelona,81.956
12,3,1,37,66,Barcelona,81.641
13,17,1,37,66,Barcelona,81.744
14,18,2,38,66,Barcelona,81.093
15,8,0,37,66,Barcelona,81.359
16,11,0,35,66,Barcelona,81.782
17,2,0,35,66,Barcelona,82.536
18,13,0,43,66,Barcelona,81.694
19,16,0,31,66,Barcelona,81.746
20,14,0,35,66,Barcelona,81.428
21,8,2,39,66,Barcelona,81.589
22,1,0,39,66,Barcelona,85.334
23,12,2,30,66,Barcelona,100.436
24,18,1,41,66,Barcelona,79.705
25,9,2,39,66,Barcelona,80.056
26,8,1,32,66,Barcelona,79.975
27,11,1,37,66,Barcelona,79.88
28,1,0,39,66,Barcelona,80.091
29,11,1,33,66,Barcelona,80.076
30,1,0,36,66,Barcelona,80.125
31,15,1,30,66,Barcelona,80.117
32,17,1,44,66,Barcelona,79.942
33,19,1,32,66,Barcelona,79.803
34,5,1,30,66,Barcelona,80.248
35,5,0,37,66,Barcelona,80.288
36,1,2,31,66,Barcelona,80.499
37,15,0,40,66,Barcelona,80.461
38,5,2,31,66,Barcelona,82.135
39,5,0,36,66,Barcelona,80.469
40,8,2,42,66,Barcelona,79.881
41,17,1,43,66,Barcelona,80.992
42,8,0,36,66,Barcelona,80.707
43,16,2,43,66,Barcelona,79.576
44,17,1,36,66,Barcelona,79.865
45,7,0,38,66,Barcelona,79.925
46,13,2,40,66,Barcelona,79.896
47,5,1,38,66,Barcelona,80.146
48,7,1,41,66,Barcelona,79.863
49,3,0,38,66,Barcelona,79.826
50,2,0,30,66,Barcelona,83.934
51,11,0,33,66,Barcelona,98.017
52,16,2,40,66,Barcelona,78.809
53,8,1,31,66,Barcelona,77.287
54,19,0,31,66,Barcelona,78.746
55,1,2,37,66,Barcelona,77.182
56,7,1,30,66,Barcelona,77.939
57,1,2,33,66,Barcelona,78.16
58,10,2,36,66,Barcelona,78.412
59,19,0,43,66,Barcelona,80.534
60,8,2,36,66,Barcelona,80.532
61,18,0,44,66,Barcelona,79.503
62,4,1,37,66,Barcelona,79.43
63,7,1,36,66,Barcelona,79.36
64,11,0,35,66,Barcelona,79.022
65,16,1,41,66,Barcelona,78.833
1,9,1,35,66,Barcelona,91.543
2,1,1,42,66,Barcelona,82.874
3,10,0,33,66,Barcelona,81.972
4,7,2,33,66,Barcelona,81.884
5,3,2,42,66,Barcelona,81.453
6,4,0,39,66,Barcelona,81.432
7,10,0,37,66,Barcelona,82.22
8,8,0,39,66,Barcelona,82.579
9,15,1,36,66,Barcelona,81.563
10,9,1,30,66,Barcelona,81.41
11,6,0,36,66,Barcelona,81.06
12,15,2,30,66,Barcelona,81.058
13,15,2,40,66,Barcelona,81.318
14,17,1,42,66,Barcelona,81.307
15,9,2,32,66,Barcelona,81.36
16,13,2,30,66,Barcelona,81.543
17,16,2,32,66,Barcelona,81.554
18,4,2,39,66,Barcelona,81.199
19,3,2,32,66,Barcelona,86.187
20,9,1,31,66,Barcelona,100.742
21,9,1,41,66,Barcelona,79.437
22,4,0,37,66,Barcelona,80.694
23,14,1,41,66,Barcelona,81.299
24,14,1,38,66,Barcelona,79.647
25,9,2,43,66,Barcelona,79.868
26,13,1,32,66,Barcelona,80.473
27,7,1,34,66,Barcelona,79.477
28,10,2,30,66,Barcelona,79.996
29,1,0,30,66,Barcelona,80.141
30,5,2,31,66,Barcelona,80.474
31,5,2,42,66,Barcelona,80.393
32,16,0,32,66,Barcelona,80.506
33,4,0,44,66,Barcelona,80.943
34,9,1,32,66,Barcelona,80.433
35,3,1,36,66,Barcelona,81.005
36,4,2,44,66,Barcelona,80.884
37,10,0,38,66,Barcelona,80.466
38,10,0,44,66,Barcelona,80.404
39,4,0,34,66,Barcelona,84.147
40,10,1,33,66,Barcelona,100.082
41,8,0,40,66,Barcelona,78.375
42,19,0,35,66,Barcelona,78.577
43,11,1,38,66,Barcelona,78.658
44,6,0,37,66,Barcelona,78.804
45,12,0,33,66,Barcelona,79.161
46,16,2,31,66,Barcelona,79.092
47,7,2,32,66,Barcelona,78.948
48,18,1,39,66,Barcelona,79.191
49,1,1,39,66,Barcelona,78.843
50,9,0,32,66,Barcelona,78.845
51,2,0,33,66,Barcelona,78.796
52,12,2,34,66,Barcelona,79.006
53,16,0,37,66,Barcelona,78.824
54,8,1,37,66,Barcelona,78.991
55,4,2,37,66,Barcelona,79.195
56,18,2,37,66,Barcelona,79.565
57,5,0,36,66,Barcelona,79.287
58,6,2,43,66,Barcelona,79.232
59,10,1,42,66,Barcelona,78.994
60,15,1,30,66,Barcelona,78.965
61,6,0,31,66,Barcelona,79.052
62,6,2,32,66,Barcelona,79.178
63,14,2,40,66,Barcelona,79.232
64,15,1,35,66,Barcelona,79.524
65,10,2,32,66,Barcelona,78.99
66,7,1,36,66,Barcelona,79.118
1,5,1,35,66,Barcelona,91.797
2,13,1,30,66,Barcelona,83.068
3,9,2,30,66,Barcelona,82.007
4,7,0,31,66,Barcelona,81.717
5,1,2,31,66,Barcelona,81.6
6,4,2,32,66,Barcelona,81.572
7,12,1,35,66,Barcelona,82.165
8,7,2,35,66,Barcelona,82.489
9,2,0,33,66,Barcelona,85.276
10,2,1,33,66,Barcelona,100.443
11,1,2,39,66,Barcelona,80.705
12,5,0,31,66,Barcelona,81.357
13,19,1,30,66,Barcelona,80.553
14,8,1,40,66,Barcelona,81.363
15,18,1,38,66,Barcelona,80.776
16,13,1,41,66,Barcelona,81.022
17,7,1,35,66,Barcelona,80.808
18,12,1,36,66,Barcelona,81.221
19,6,0,37,66,Barcelona,81.571
20,2,2,38,66,Barcelona,81.217
21,3,0,35,66,Barcelona,81.642
22,8,1,40,66,Barcelona,81.656
23,12,1,32,66,Barcelona,82.426
24,17,1,43,66,Barcelona,81.431
25,2,1,35,66,Barcelona,80.52
26,12,2,35,66,Barcelona,81.99
27,18,1,40,66,Barcelona,80.811
28,13,1,44,66,Barcelona,80.848
29,18,0,35,66,Barcelona,80.497
30,13,1,34,66,Barcelona,80.46
31,7,1,33,66,Barcelona,80.483
32,3,2,39,66,Barcelona,80.503
33,11,1,38,66,Barcelona,80.724
34,13,1,35,66,Barcelona,80.923
35,12,0,42,66,Barcelona,80.77
36,11,1,36,66,Barcelona,80.764
37,18,2,43,66,Barcelona,80.909
38,9,1,43,66,Barcelona,84.278
39,18,2,30,66,Barcelona,98.438
40,2,1,30,66,Barcelona,79.346
41,18,0,33,66,Barcelona,78.594
42,9,0,43,66,Barcelona,80.21
43,4,1,43,66,Barcelona,79.24
44,12,0,34,66,Barcelona,79.312
45,17,1,38,66,Barcelona,78.931
46,14,2,30,66,Barcelona,78.972
47,17,2,37,66,Barcelona,79.111
48,11,0,43,66,Barcelona,78.803
49,5,0,36,66,Barcelona,79.009
50,19,1,36,66,Barcelona,79.34
51,4,0,40,66,Barcelona,79.35
52,15,0,33,66,Barcelona,79.298
53,13,1,36,66,Barcelona,79.186
54,19,2,43,66,Barcelona,79.299
55,12,0,39,66,Barcelona,79.035
56,1,1,44,66,Barcelona,79.294
57,3,2,32,66,Barcelona,79.164
58,9,1,41,66,Barcelona,79.24
59,13,0,41,66,Barcelona,79.014
60,19,2,40,66,Barcelona,79.399
61,13,2,42,66,Barcelona,79.372
62,14,2,33,66,Barcelona,80.567
63,13,1,31,66,Barcelona,79.184
64,16,1,33,66,Barcelona,79.166
65,13,0,39,66,Barcelona,79.031
1,19,1,33,66,Barcelona,92.275
2,5,2,32,66,Barcelona,83.056
3,12,0,32,66,Barcelona,82.115
4,2,2,33,66,Barcelona,81.84
5,6,1,33,66,Barcelona,81.845
6,3,0,36,66,Barcelona,81.896
7,2,1,33,66,Barcelona,83.182
8,3,2,34,66,Barcelona,82.386
9,18,1,37,66,Barcelona,82.443
10,19,0,30,66,Barcelona,82.507
11,3,2,31,66,Barcelona,82.274
12,11,2,44,66,Barcelona,82.189
13,3,0,42,66,Barcelona,82.081
14,3,1,35,66,Barcelona,82.137
15,8,1,39,66,Barcelona,82.189
16,3,0,30,66,Barcelona,86.763
17,1,0,41,66,Barcelona,102.254
18,12,2,36,66,Barcelona,80.754
19,8,1,31,66,Barcelona,80.593
20,5,1,44,66,Barcelona,80.897
21,15,2,31,66,Barcelona,80.981
22,5,1,36,66,Barcelona,81.195
23,16,1,31,66,Barcelona,81.094
24,15,2,38,66,Barcelona,81.121
25,11,2,36,66,Barcelona,81.114
26,5,1,31,66,Barcelona,81.02
27,8,1,39,66,Barcelona,80.762
28,8,0,30,66,Barcelona,81.033
29,18,2,38,66,Barcelona,80.895
30,10,1,38,66,Barcelona,80.671
31,5,1,35,66,Barcelona,80.912
32,13,1,31,66,Barcelona,82.413
33,9,1,43,66,Barcelona,81.221
34,4,1,39,66,Barcelona,81.159
35,4,2,43,66,Barcelona,80.941
36,17,2,33,66,Barcelona,81.342
37,4,1,34,66,Barcelona,86.232
38,17,0,30,66,Barcelona,98.923
39,13,2,31,66,Barcelona,79.77
40,5,2,38,66,Barcelona,79.546
41,9,2,39,66,Barcelona,79.5
42,17,2,35,66,Barcelona,79.639
43,14,0,35,66,Barcelona,79.836
44,14,1,32,66,Barcelona,79.758
45,18,0,38,66,Barcelona,79.654
46,10,1,40,66,Barcelona,79.62
47,18,1,38,66,Barcelona,79.525
48,1,0,31,66,Barcelona,79.426
49,18,0,41,66,Barcelona,79.712
50,14,1,32,66,Barcelona,79.65
51,19,0,32,66,Barcelona,79.447
52,4,1,33,66,Barcelona,79.39
53,11,1,38,66,Barcelona,79.327
54,16,2,32,66,Barcelona,79.347
55,1,0,34,66,Barcelona,79.415
56,8,2,35,66,Barcelona,79.343
57,5,0,38,66,Barcelona,79.189
58,15,1,36,66,Barcelona,79.248
59,12,2,41,66,Barcelona,79.133
60,15,0,31,66,Barcelona,79.26
61,9,1,33,66,Barcelona,80.461
62,6,1,44,66,Barcelona,79.647
63,5,2,35,66,Barcelona,79.374
64,7,2,39,66,Barcelona,79.307
65,6,0,40,66,Barcelona,79.419
1,19,0,30,66,Barcelona,92.66
2,13,1,40,66,Barcelona,83.122
3,10,2,32,66,Barcelona,82.033
4,12,1,43,66,Barcelona,82.24
5,14,1,38,66,Barcelona,85.549
6,8,2,33,66,Barcelona,100.88
7,11,1,40,66,Barcelona,80.188
8,14,2,31,66,Barcelona,79.955
9,2,0,34,66,Barcelona,80.485
10,7,1,43,66,Barcelona,82.633
11,1,1,30,66,Barcelona,81.56
12,7,1,41,66,Barcelona,81.19
13,9,1,37,66,Barcelona,80.805
14,8,1,30,66,Barcelona,82.361
15,10,1,43,66,Barcelona,82.934
16,2,1,40,66,Barcelona,81.922
17,15,0,31,66,Barcelona,81.789
18,6,1,34,66,Barcelona,81.419
19,1,1,42,66,Barcelona,81.578
20,11,0,38,66,Barcelona,83.449
21,5,1,42,66,Barcelona,81.727
22,16,0,32,66,Barcelona,81.807
23,19,2,43,66,Barcelona,81.673
24,3,2,32,66,Barcelona,81.559
25,16,1,30,66,Barcelona,81.219
26,11,0,41,66,Barcelona,81.205
27,14,1,42,66,Barcelona,81.15
28,2,1,35,66,Barcelona,81.253
29,16,1,31,66,Barcelona,81.141
30,13,2,34,66,Barcelona,80.866
31,5,1,38,66,Barcelona,80.928
32,16,2,34,66,Barcelona,81.081
33,6,1,31,66,Barcelona,81.425
34,5,2,38,66,Barcelona,83.001
35,13,1,40,66,Barcelona,81.606
36,15,1,41,66,Barcelona,81.789
37,14,0,35,66,Barcelona,83.289
38,12,1,38,66,Barcelona,81.948
39,2,0,41,66,Barcelona,87.553
40,5,1,41,66,Barcelona,103.035
41,9,0,33,66,Barcelona,80.472
42,9,2,32,66,Barcelona,79.706
43,12,0,41,66,Barcelona,80.158
44,4,1,44,66,Barcelona,82.064
45,14,0,30,66,Barcelona,79.292
46,5,1,35,66,Barcelona,78.885
47,1,0,36,66,Barcelona,78.956
48,3,1,36,66,Barcelona,79.498
49,7,1,43,66,Barcelona,79.208
50,11,0,33,66,Barcelona,78.242
51,10,1,30,66,Barcelona,79.231
52,1,1,32,66,Barcelona,79.531
53,5,1,32,66,Barcelona,81.381
54,9,2,41,66,Barcelona,80.104
55,16,0,36,66,Barcelona,79.523
56,4,1,40,66,Barcelona,81.435
57,10,1,38,66,Barcelona,79.922
58,16,0,30,66,Barcelona,81.352
59,2,1,41,66,Barcelona,79.359
60,18,0,43,66,Barcelona,79.704
61,9,0,38,66,Barcelona,78.959
62,13,0,44,66,Barcelona,79.72
63,2,1,34,66,Barcelona,79.774
64,19,2,30,66,Barcelona,82.619
65,9,1,35,66,Barcelona,80.781
1,8,2,41,66,Barcelona,94.301
2,8,1,35,66,Barcelona,82.426
3,8,2,36,66,Barcelona,82.124
4,2,1,36,66,Barcelona,83.489
5,2,2,33,66,Barcelona,82.011
6,5,1,40,66,Barcelona,81.665
7,8,1,35,66,Barcelona,82.229
8,2,0,38,66,Barcelona,82.16
9,5,0,42,66,Barcelona,82.317
10,19,1,38,66,Barcelona,82.595
11,2,1,42,66,Barcelona,82.45
12,3,1,42,66,Barcelona,82.16
13,14,2,39,66,Barcelona,81.968
14,3,2,35,66,Barcelona,82.188
15,19,1,41,66,Barcelona,82.998
16,18,1,33,66,Barcelona,82.913
17,13,2,34,66,Barcelona,86.858
18,7,0,31,66,Barcelona,101.467
19,12,0,34,66,Barcelona,80.458
20,10,0,42,66,Barcelona,80.615
21,7,1,44,66,Barcelona,80.676
22,4,2,44,66,Barcelona,80.636
23,2,0,40,66,Barcelona,80.672
24,7,2,32,66,Barcelona,80.994
25,19,1,38,66,Barcelona,81.033
26,7,0,38,66,Barcelona,81.004
27,14,0,40,66,Barcelona,80.762
28,16,0,32,66,Barcelona,80.834
29,16,1,38,66,Barcelona,80.844
30,12,1,34,66,Barcelona,80.946
31,12,2,30,66,Barcelona,82.182
32,4,1,41,66,Barcelona,81.19
33,9,1,36,66,Barcelona,81.224
34,17,0,32,66,Barcelona,81.054
35,18,1,31,66,Barcelona,82.383
36,16,0,34,66,Barcelona,84.804
37,2,1,31,66,Barcelona,101.816
38,7,2,36,66,Barcelona,79.318
39,9,0,30,66,Barcelona,79.622
40,1,1,34,66,Barcelona,79.603
41,1,2,38,66,Barcelona,79.247
42,15,1,40,66,Barcelona,79.62
43,1,1,30,66,Barcelona,79.805
44,2,1,38,66,Barcelona,79.835
45,1,0,44,66,Barcelona,79.835
46,16,1,42,66,Barcelona,79.653
47,4,0,34,66,Barcelona,79.646
48,17,1,34,66,Barcelona,80.875
49,15,1,32,66,Barcelona,80.052
50,6,2,42,66,Barcelona,80.019
51,17,2,42,66,Barcelona,79.942
52,16,2,41,66,Barcelona,79.943
53,9,1,38,66,Barcelona,79.943
54,18,1,39,66,Barcelona,79.72
55,11,2,42,66,Barcelona,81.834
56,11,2,41,66,Barcelona,79.827
57,1,2,42,66,Barcelona,80.009
58,18,0,31,66,Barcelona,82.807
59,13,2,34,66,Barcelona,81.829
60,5,1,32,66,Barcelona,80.119
61,14,1,41,66,Barcelona,81.28
62,15,1,38,66,Barcelona,82.134
63,15,1,35,66,Barcelona,80.42
64,18,2,37,66,Barcelona,79.98
65,18,1,43,66,Barcelona,80.254
1,5,1,42,66,Barcelona,95.79
2,9,1,37,66,Barcelona,82.029
3,8,0,34,66,Barcelona,81.469
4,13,2,34,66,Barcelona,81.854
5,11,1,38,66,Barcelona,81.631
6,15,2,44,66,Barcelona,80.827
7,17,2,32,66,Barcelona,81.403
8,12,1,41,66,Barcelona,82.182
9,6,2,41,66,Barcelona,81.739
10,3,2,42,66,Barcelona,81.828
11,4,1,34,66,Barcelona,80.84
12,9,1,44,66,Barcelona,81.504
13,12,2,36,66,Barcelona,81.797
14,2,1,34,66,Barcelona,81.732
15,11,0,39,66,Barcelona,81.545
16,18,0,41,66,Barcelona,86.277
17,17,2,36,66,Barcelona,99.864
18,10,0,32,66,Barcelona,80.94
19,2,2,41,66,Barcelona,80.553
20,1,1,42,66,Barcelona,80.066
21,15,2,33,66,Barcelona,81.325
22,15,0,33,66,Barcelona,80.851
23,18,1,36,66,Barcelona,80.901
24,16,2,39,66,Barcelona,81.588
25,7,2,33,66,Barcelona,80.414
26,15,1,35,66,Barcelona,80.078
27,12,2,34,66,Barcelona,80.272
28,3,1,42,66,Barcelona,80.495
29,5,0,32,66,Barcelona,80.348
30,3,1,42,66,Barcelona,80.325
31,17,1,36,66,Barcelona,80.296
32,10,1,39,66,Barcelona,80.316
33,5,2,37,66,Barcelona,80.247
34,11,1,43,66,Barcelona,80.374
35,9,2,37,66,Barcelona,80.361
36,5,1,35,66,Barcelona,80.554
37,8,2,35,66,Barcelona,80.676
38,10,1,31,66,Barcelona,80.458
39,16,1,32,66,Barcelona,80.558
40,14,1,32,66,Barcelona,80.219
41,2,2,42,66,Barcelona,83.726
42,9,0,39,66,Barcelona,99.362
43,19,0,41,66,Barcelona,78.46
44,1,2,36,66,Barcelona,78.657
45,3,1,38,66,Barcelona,78.634
46,3,0,34,66,Barcelona,78.749
47,8,1,38,66,Barcelona,78.709
48,11,2,43,66,Barcelona,78.763
49,16,1,35,66,Barcelona,79.918
50,19,1,31,66,Barcelona,79.165
51,1,1,44,66,Barcelona,78.617
52,11,0,35,66,Barcelona,78.357
53,14,0,35,66,Barcelona,78.558
54,11,2,36,66,Barcelona,78.707
55,15,0,31,66,Barcelona,78.853
56,3,1,32,66,Barcelona,78.897
57,5,0,32,66,Barcelona,78.871
58,2,0,31,66,Barcelona,78.863
59,17,0,39,66,Barcelona,78.84
60,3,2,33,66,Barcelona,78.619
61,3,0,32,66,Barcelona,78.682
62,6,2,42,66,Barcelona,79.035
63,9,0,42,66,Barcelona,79.096
64,2,1,43,66,Barcelona,79.502
65,7,2,36,66,Barcelona,78.922
66,7,2,40,66,Barcelona,79.271
1,4,1,44,52,Silverstone,96.551
2,8,1,43,52,Silverstone,93.046
3,11,1,41,52,Silverstone,93.18
4,3,2,41,52,Silverstone,92.772
5,12,2,33,52,Silverstone,93.914
6,19,1,31,52,Silverstone,93.112
7,15,0,40,52,Silverstone,93.19
8,16,0,31,52,Silverstone,93.101
9,8,0,36,52,Silverstone,92.612
10,15,0,41,52,Silverstone,92.977
11,19,1,36,52,Silverstone,92.978
12,6,1,40,52,Silverstone,93.116
13,5,0,30,52,Silverstone,92.986
14,7,2,41,52,Silverstone,93.67
15,15,2,43,52,Silverstone,93.221
16,9,1,32,52,Silverstone,92.903
17,16,1,36,52,Silverstone,92.985
18,14,0,44,52,Silverstone,92.731
19,4,0,42,52,Silverstone,92.5
20,14,2,39,52,Silverstone,92.77
21,3,2,34,52,Silverstone,92.604
22,7,0,35,52,Silverstone,92.637
23,6,2,41,52,Silverstone,92.619
24,4,2,34,52,Silverstone,92.721
25,15,1,41,52,Silverstone,92.949
26,17,1,31,52,Silverstone,92.758
27,6,2,37,52,Silverstone,92.734
28,13,1,38,52,Silverstone,92.714
29,8,0,42,52,Silverstone,92.806
30,8,1,30,52,Silverstone,92.609
31,19,0,41,52,Silverstone,92.808
32,13,1,31,52,Silverstone,92.571
33,2,2,35,52,Silverstone,122.83
34,7,1,43,52,Silverstone,165.401
35,18,0,36,52,Silverstone,147.853
36,12,1,30,52,Silverstone,146.496
37,2,1,42,52,Silverstone,144.316
38,14,1,41,52,Silverstone,141.488
39,14,2,38,52,Silverstone,91.243
40,3,2,44,52,Silverstone,90.997
41,7,2,35,52,Silverstone,90.76
42,3,0,40,52,Silverstone,90.922
43,16,0,33,52,Silverstone,90.543
44,11,2,38,52,Silverstone,90.786
45,15,2,31,52,Silverstone,91.301
46,9,0,42,52,Silverstone,91.094
47,12,0,41,52,Silverstone,91.593
48,2,0,35,52,Silverstone,91.36
49,15,0,31,52,Silverstone,91.02
50,17,1,30,52,Silverstone,91.56
51,19,2,43,52,Silverstone,91.077
52,7,1,34,52,Silverstone,91.251
1,4,0,32,52,Silverstone,97.167
2,17,1,41,52,Silverstone,93.433
3,18,2,31,52,Silverstone,92.73
4,19,1,36,52,Silverstone,92.78
5,4,2,40,52,Silverstone,92.582
6,8,0,37,52,Silverstone,93.027
7,14,0,37,52,Silverstone,93.1
8,4,1,35,52,Silverstone,92.884
9,18,2,30,52,Silverstone,92.822
10,17,0,39,52,Silverstone,92.594
11,14,1,32,52,Silverstone,92.597
12,8,2,35,52,Silverstone,92.687
13,2,0,43,52,Silverstone,92.678
14,13,2,42,52,Silverstone,93.046
15,1,0,37,52,Silverstone,92.99
16,15,1,34,52,Silverstone,92.808
17,16,1,33,52,Silverstone,92.603
18,6,2,39,52,Silverstone,92.507
19,14,0,38,52,Silverstone,92.338
20,7,1,39,52,Silverstone,92.295
21,9,0,41,52,Silverstone,92.494
22,9,1,39,52,Silverstone,92.184
23,10,1,41,52,Silverstone,92.272
24,4,1,31,52,Silverstone,92.35
25,11,0,38,52,Silverstone,92.295
26,15,0,37,52,Silverstone,92.276
27,1,1,44,52,Silverstone,92.138
28,12,1,32,52,Silverstone,92.215
29,7,1,37,52,Silverstone,92.251
30,13,2,43,52,Silverstone,92.363
31,6,1,34,52,Silverstone,92.388
32,11,2,42,52,Silverstone,92.21
33,10,1,34,52,Silverstone,118.611
34,6,1,30,52,Silverstone,178.471
35,3,0,44,52,Silverstone,147.771
36,7,1,30,52,Silverstone,146.545
37,10,0,34,52,Silverstone,143.835
38,18,1,31,52,Silverstone,141.674
39,5,0,30,52,Silverstone,90.348
40,12,0,34,52,Silverstone,90.547
41,18,2,30,52,Silverstone,90.688
42,11,0,42,52,Silverstone,90.275
43,11,1,30,52,Silverstone,90.535
44,2,2,41,52,Silverstone,90.648
45,11,1,32,52,Silverstone,91.342
46,7,0,31,52,Silverstone,91.114
47,1,2,37,52,Silverstone,91.148
48,12,0,31,52,Silverstone,91.4
49,18,2,36,52,Silverstone,91.218
50,10,1,32,52,Silverstone,91.292
51,18,0,32,52,Silverstone,91.397
52,18,1,38,52,Silverstone,90.975
1,16,2,32,52,Silverstone,97.773
2,14,1,42,52,Silverstone,93.845
3,5,0,33,52,Silverstone,92.499
4,7,1,33,52,Silverstone,92.581
5,3,2,31,52,Silverstone,93.461
6,16,1,34,52,Silverstone,93.008
7,9,2,32,52,Silverstone,93.29
8,12,0,37,52,Silverstone,93.233
9,19,0,31,52,Silverstone,92.79
10,12,2,39,52,Silverstone,93.379
11,13,1,41,52,Silverstone,92.976
12,18,1,37,52,Silverstone,93.464
13,2,0,31,52,Silverstone,93.144
14,19,0,31,52,Silverstone,93.603
15,11,1,36,52,Silverstone,93.267
16,17,2,32,52,Silverstone,93.005
17,17,1,41,52,Silverstone,92.775
18,1,0,42,52,Silverstone,93.019
19,15,0,40,52,Silverstone,92.88
20,3,1,38,52,Silverstone,92.66
21,9,0,40,52,Silverstone,92.749
22,4,0,43,52,Silverstone,92.537
23,4,0,43,52,Silverstone,92.732
24,9,1,40,52,Silverstone,92.676
25,19,0,30,52,Silverstone,92.809
26,18,0,33,52,Silverstone,93.052
27,15,2,30,52,Silverstone,92.844
28,8,1,31,52,Silverstone,93.19
29,16,1,33,52,Silverstone,92.563
30,13,2,44,52,Silverstone,112.49
31,15,0,32,52,Silverstone,91.68
32,14,1,39,52,Silverstone,99.41
33,9,0,31,52,Silverstone,127.856
34,8,1,33,52,Silverstone,134.583
35,19,2,41,52,Silverstone,148.389
36,4,0,32,52,Silverstone,145.4
37,14,2,40,52,Silverstone,145.067
38,18,1,32,52,Silverstone,139.502
39,13,1,30,52,Silverstone,91.646
40,1,1,43,52,Silverstone,91.475
41,3,2,34,52,Silverstone,90.85
42,13,0,41,52,Silverstone,91.178
43,15,1,33,52,Silverstone,91.011
44,10,1,31,52,Silverstone,91.465
45,14,2,41,52,Silverstone,91.406
46,10,2,31,52,Silverstone,91.496
47,13,0,33,52,Silverstone,91.427
48,12,1,42,52,Silverstone,91.159
49,5,2,41,52,Silverstone,91.422
50,10,2,39,52,Silverstone,91.752
51,12,0,33,52,Silverstone,91.305
52,6,1,39,52,Silverstone,90.941
1,9,1,30,52,Silverstone,98.3
2,11,2,35,52,Silverstone,93.994
3,16,1,38,52,Silverstone,92.934
4,7,2,44,52,Silverstone,92.961
5,7,0,41,52,Silverstone,94.409
6,19,1,43,52,Silverstone,93.761
7,14,0,34,52,Silverstone,93.403
8,1,2,39,52,Silverstone,93.244
9,7,1,30,52,Silverstone,93.087
10,14,1,35,52,Silverstone,93.167
11,14,2,36,52,Silverstone,93.048
12,8,1,35,52,Silverstone,93.621
13,10,0,33,52,Silverstone,93.214
14,8,0,37,52,Silverstone,93.523
15,15,0,31,52,Silverstone,93.542
16,7,1,41,52,Silverstone,93.248
17,14,0,42,52,Silverstone,93.151
18,7,0,36,52,Silverstone,92.475
19,4,1,44,52,Silverstone,112.861
20,1,1,37,52,Silverstone,92.87
21,2,1,33,52,Silverstone,92.848
22,12,1,31,52,Silverstone,93.035
23,19,2,39,52,Silverstone,92.554
24,8,0,34,52,Silverstone,92.731
25,13,1,32,52,Silverstone,92.798
26,12,1,44,52,Silverstone,92.794
27,13,1,41,52,Silverstone,92.942
28,8,0,41,52,Silverstone,92.814
29,5,2,38,52,Silverstone,92.658
30,12,1,35,52,Silverstone,92.464
31,1,2,41,52,Silverstone,93.233
32,8,0,40,52,Silverstone,96.215
33,11,0,34,52,Silverstone,146.13
34,13,2,30,52,Silverstone,126.609
35,4,0,44,52,Silverstone,143.719
36,12,1,40,52,Silverstone,143.86
37,6,0,35,52,Silverstone,145.892
38,10,2,35,52,Silverstone,134.823
39,1,0,39,52,Silverstone,92.5
40,16,0,30,52,Silverstone,92.234
41,14,0,41,52,Silverstone,91.286
42,10,2,42,52,Silverstone,91.926
43,14,2,43,52,Silverstone,92.052
44,9,0,41,52,Silverstone,92.815
45,18,0,34,52,Silverstone,91.9
46,14,1,38,52,Silverstone,91.85
47,7,1,37,52,Silverstone,91.36
48,19,1,38,52,Silverstone,91.255
49,10,1,39,52,Silverstone,91.781
50,12,0,41,52,Silverstone,91.716
51,4,0,44,52,Silverstone,91.763
52,19,1,38,52,Silverstone,92.257
1,5,1,33,52,Silverstone,98.651
2,16,0,32,52,Silverstone,94.115
3,17,0,40,52,Silverstone,93.096
4,12,1,36,52,Silverstone,93.084
5,15,1,41,52,Silverstone,94.211
6,15,2,35,52,Silverstone,93.839
7,6,2,44,52,Silverstone,93.432
8,11,0,42,52,Silverstone,93.136
9,1,0,33,52,Silverstone,93.154
10,9,1,32,52,Silverstone,93.424
11,19,0,33,52,Silverstone,93.089
12,17,1,40,52,Silverstone,93.354
13,16,0,41,52,Silverstone,93.159
14,19,1,32,52,Silverstone,93.729
15,4,0,33,52,Silverstone,93.27
16,3,0,33,52,Silverstone,93.309
17,6,0,43,52,Silverstone,93.174
18,9,2,41,52,Silverstone,93.072
19,14,2,31,52,Silverstone,92.807
20,9,2,35,52,Silverstone,92.803
21,19,1,43,52,Silverstone,92.85
22,19,0,32,52,Silverstone,92.568
23,14,2,34,52,Silverstone,92.683
24,3,1,44,52,Silverstone,92.852
25,9,2,41,52,Silverstone,92.863
26,3,2,36,52,Silverstone,92.958
27,5,1,41,52,Silverstone,93.062
28,3,2,41,52,Silverstone,92.504
29,10,0,37,52,Silverstone,113.262
30,18,1,34,52,Silverstone,91.51
31,19,2,32,52,Silverstone,91.8
32,17,1,30,52,Silverstone,100.097
33,7,2,39,52,Silverstone,128.178
34,7,0,38,52,Silverstone,131.011
35,7,0,42,52,Silverstone,146.512
36,6,1,32,52,Silverstone,146.366
37,5,2,32,52,Silverstone,144.727
38,11,2,44,52,Silverstone,138.924
39,2,1,33,52,Silverstone,91.848
40,9,1,33,52,Silverstone,91.606
41,15,1,43,52,Silverstone,91.124
42,15,1,43,52,Silverstone,91.188
43,17,0,34,52,Silverstone,91.231
44,3,0,38,52,Silverstone,91.568
45,17,1,40,52,Silverstone,91.718
46,14,1,44,52,Silverstone,91.984
47,4,2,33,52,Silverstone,91.644
48,1,0,31,52,Silverstone,91.569
49,7,1,38,52,Silverstone,91.612
50,13,0,43,52,Silverstone,91.421
51,17,0,35,52,Silverstone,91.563
52,9,0,31,52,Silverstone,91.433
1,1,2,44,52,Silverstone,99.284
2,19,0,40,52,Silverstone,94.177
3,14,1,40,52,Silverstone,93.456
4,15,1,39,52,Silverstone,92.975
5,13,1,40,52,Silverstone,93.666
6,8,0,32,52,Silverstone,94.215
7,8,0,32,52,Silverstone,93.427
8,8,2,32,52,Silverstone,93.442
9,12,0,31,52,Silverstone,93.417
10,8,2,34,52,Silverstone,93.405
11,6,2,33,52,Silverstone,93.279
12,4,0,32,52,Silverstone,93.323
13,16,2,39,52,Silverstone,93.105
14,17,2,35,52,Silverstone,93.941
15,12,1,38,52,Silverstone,93.623
16,15,0,34,52,Silverstone,93.498
17,12,0,32,52,Silverstone,93.076
18,5,1,40,52,Silverstone,93.302
19,16,1,38,52,Silverstone,93.242
20,16,0,37,52,Silverstone,93.007
21,12,2,32,52,Silverstone,93.261
22,9,1,43,52,Silverstone,92.871
23,17,2,39,52,Silverstone,92.755
24,8,0,40,52,Silverstone,92.77
25,18,0,41,52,Silverstone,93.133
26,12,2,40,52,Silverstone,93.181
27,12,0,44,52,Silverstone,112.728
28,17,0,33,52,Silverstone,92.22
29,9,2,39,52,Silverstone,91.945
30,5,1,38,52,Silverstone,92.129
31,10,0,30,52,Silverstone,92.494
32,16,1,39,52,Silverstone,102.583
33,18,1,38,52,Silverstone,129.65
34,18,2,30,52,Silverstone,130.323
35,18,1,32,52,Silverstone,143.064
36,13,1,32,52,Silverstone,145.182
37,1,1,43,52,Silverstone,145.086
38,19,0,38,52,Silverstone,137.408
39,2,2,44,52,Silverstone,92.459
40,8,0,44,52,Silverstone,91.783
41,14,2,30,52,Silverstone,91.427
42,7,1,42,52,Silverstone,91.643
43,9,1,36,52,Silverstone,92.89
44,17,1,39,52,Silverstone,94.622
45,16,1,30,52,Silverstone,92.606
46,9,1,43,52,Silverstone,91.906
47,12,2,39,52,Silverstone,91.592
48,1,1,36,52,Silverstone,91.438
49,4,1,31,52,Silverstone,91.723
50,17,1,39,52,Silverstone,91.408
51,12,2,35,52,Silverstone,91.366
52,14,1,44,52,Silverstone,91.88
1,1,1,42,52,Silverstone,100.026
2,8,0,35,52,Silverstone,94.419
3,14,1,44,52,Silverstone,93.424
4,6,0,44,52,Silverstone,93.156
5,19,1,33,52,Silverstone,94.157
6,4,2,31,52,Silverstone,94.636
7,2,0,35,52,Silverstone,94.645
8,12,2,32,52,Silverstone,94.019
9,15,2,33,52,Silverstone,93.657
10,1,1,32,52,Silverstone,93.711
11,7,2,39,52,Silverstone,93.737
12,8,1,41,52,Silverstone,93.951
13,8,2,33,52,Silverstone,93.565
14,6,1,33,52,Silverstone,93.88
15,6,1,44,52,Silverstone,93.736
16,13,0,31,52,Silverstone,93.437
17,10,0,32,52,Silverstone,93.188
18,6,0,39,52,Silverstone,93.317
19,17,1,42,52,Silverstone,93.185
20,19,1,32,52,Silverstone,93.016
21,18,0,35,52,Silverstone,93.19
22,13,0,32,52,Silverstone,93.092
23,15,1,41,52,Silverstone,93.026
24,3,0,38,52,Silverstone,93.017
25,19,1,32,52,Silverstone,93.078
26,16,0,40,52,Silverstone,93.152
27,5,2,30,52,Silverstone,92.914
28,9,0,38,52,Silverstone,92.744
29,10,1,36,52,Silverstone,92.727
30,10,0,34,52,Silverstone,92.686
31,12,0,35,52,Silverstone,92.916
32,13,2,43,52,Silverstone,98.559
33,4,1,41,52,Silverstone,123.93
34,7,1,36,52,Silverstone,147.213
35,7,2,37,52,Silverstone,145.191
36,14,0,36,52,Silverstone,145.427
37,15,1,37,52,Silverstone,145.274
38,10,0,42,52,Silverstone,137.955
39,15,1,44,52,Silverstone,92.32
40,5,1,38,52,Silverstone,91.691
41,19,2,36,52,Silverstone,91.652
42,6,1,32,52,Silverstone,91.829
43,9,1,35,52,Silverstone,91.747
44,15,2,35,52,Silverstone,92.131
45,5,0,33,52,Silverstone,92.036
46,10,1,36,52,Silverstone,92.891
47,19,2,30,52,Silverstone,91.828
48,5,2,39,52,Silverstone,91.338
49,5,2,37,52,Silverstone,92.075
50,13,0,42,52,Silverstone,91.999
51,9,1,34,52,Silverstone,91.93
52,10,0,43,52,Silverstone,91.711
1,19,1,33,52,Silverstone,100.664
2,19,1,34,52,Silverstone,94.361
3,10,0,38,52,Silverstone,93.662
4,8,2,32,52,Silverstone,93.086
5,2,2,36,52,Silverstone,93.718
6,3,1,44,52,Silverstone,94.556
7,17,2,40,52,Silverstone,93.328
8,11,2,33,52,Silverstone,93.483
9,15,0,38,52,Silverstone,93.331
10,4,2,32,52,Silverstone,93.624
11,1,2,30,52,Silverstone,93.519
12,8,1,42,52,Silverstone,93.908
13,8,1,37,52,Silverstone,93.28
14,6,1,32,52,Silverstone,93.324
15,10,1,38,52,Silverstone,93.156
16,1,2,34,52,Silverstone,92.931
17,5,2,44,52,Silverstone,93.12
18,7,2,35,52,Silverstone,93.313
19,3,1,30,52,Silverstone,93.201
20,1,1,39,52,Silverstone,92.956
21,5,0,31,52,Silverstone,92.779
22,2,1,30,52,Silverstone,92.821
23,2,0,38,52,Silverstone,92.974
24,16,2,34,52,Silverstone,92.703
25,14,0,30,52,Silverstone,93.087
26,14,1,32,52,Silverstone,92.769
27,2,0,33,52,Silverstone,92.714
28,19,0,41,52,Silverstone,92.32
29,19,2,43,52,Silverstone,92.155
30,2,1,34,52,Silverstone,92.246
31,17,2,41,52,Silverstone,92.744
32,17,0,37,52,Silverstone,95.161
33,16,0,33,52,Silverstone,123.496
34,12,1,34,52,Silverstone,151.747
35,7,2,43,52,Silverstone,147.418
36,17,1,30,52,Silverstone,146.619
37,7,1,42,52,Silverstone,145.19
38,1,0,30,52,Silverstone,140.046
39,3,1,42,52,Silverstone,91.427
40,19,1,39,52,Silverstone,91.279
41,6,0,33,52,Silverstone,90.673
42,10,1,44,52,Silverstone,91.042
43,2,0,31,52,Silverstone,90.545
44,12,1,33,52,Silverstone,91.589
45,15,0,32,52,Silverstone,91.359
46,11,1,37,52,Silverstone,91.559
47,19,2,36,52,Silverstone,91.248
48,9,0,31,52,Silverstone,91.152
49,3,2,34,52,Silverstone,91.286
50,2,2,32,52,Silverstone,91.526
51,19,1,42,52,Silverstone,91.703
52,7,1,33,52,Silverstone,91.823
1,17,0,30,52,Silverstone,101.014
2,19,2,33,52,Silverstone,94.706
3,19,2,33,52,Silverstone,93.605
4,17,2,35,52,Silverstone,93.349
5,11,2,39,52,Silverstone,93.863
6,5,2,31,52,Silverstone,94.143
7,2,1,32,52,Silverstone,94.399
8,16,2,35,52,Silverstone,93.905
9,11,1,38,52,Silverstone,93.592
10,5,1,44,52,Silverstone,93.855
11,3,2,39,52,Silverstone,93.836
12,12,1,32,52,Silverstone,93.705
13,12,1,39,52,Silverstone,93.683
14,13,1,41,52,Silverstone,93.843
15,12,0,42,52,Silverstone,93.769
16,9,0,40,52,Silverstone,93.535
17,16,1,36,52,Silverstone,93.138
18,8,0,39,52,Silverstone,93.291
19,5,1,32,52,Silverstone,93.199
20,2,0,30,52,Silverstone,93.248
21,5,2,38,52,Silverstone,93.098
22,16,2,34,52,Silverstone,93.168
23,7,1,36,52,Silverstone,92.846
24,10,2,37,52,Silverstone,93.164
25,6,0,37,52,Silverstone,93.098
26,3,1,39,52,Silverstone,93.243
27,5,0,41,52,Silverstone,92.988
28,19,2,40,52,Silverstone,93.255
29,18,0,30,52,Silverstone,93.283
30,14,0,43,52,Silverstone,93.299
31,8,1,34,52,Silverstone,93.391
32,6,1,31,52,Silverstone,126.804
33,14,0,39,52,Silverstone,128.973
34,2,0,37,52,Silverstone,125.716
35,19,0,33,52,Silverstone,137.502
36,3,1,36,52,Silverstone,144.007
37,3,1,36,52,Silverstone,145.817
38,2,0,32,52,Silverstone,133.934
39,1,1,39,52,Silverstone,92.98
40,10,1,40,52,Silverstone,92.823
41,12,1,32,52,Silverstone,91.827
42,19,2,43,52,Silverstone,91.539
43,2,0,44,52,Silverstone,91.648
44,12,0,38,52,Silverstone,92.862
45,4,1,31,52,Silverstone,96.665
46,15,1,32,52,Silverstone,155.981
1,12,1,30,52,Silverstone,101.364
2,1,1,37,52,Silverstone,95.004
3,13,0,31,52,Silverstone,93.809
4,4,0,41,52,Silverstone,93.866
5,9,1,32,52,Silverstone,93.86
6,6,0,37,52,Silverstone,94.21
7,6,2,43,52,Silverstone,94.099
8,16,1,39,52,Silverstone,93.922
9,2,0,44,52,Silverstone,93.731
10,6,2,37,52,Silverstone,94.045
11,14,2,43,52,Silverstone,93.842
12,7,0,32,52,Silverstone,93.857
13,8,0,34,52,Silverstone,93.751
14,6,1,41,52,Silverstone,93.951
15,11,0,39,52,Silverstone,93.786
16,6,1,36,52,Silverstone,94.343
17,17,1,37,52,Silverstone,93.707
18,13,1,38,52,Silverstone,93.615
19,3,1,35,52,Silverstone,93.654
20,15,0,37,52,Silverstone,93.44
21,12,1,35,52,Silverstone,93.195
22,3,2,33,52,Silverstone,93.021
23,3,0,30,52,Silverstone,93.117
24,6,0,32,52,Silverstone,93.163
25,18,0,34,52,Silverstone,93.374
26,9,1,34,52,Silverstone,93.175
27,1,2,33,52,Silverstone,93.126
28,1,2,42,52,Silverstone,93.084
29,5,0,35,52,Silverstone,92.869
30,5,1,32,52,Silverstone,92.882
31,18,1,41,52,Silverstone,92.816
32,5,1,35,52,Silverstone,96.773
33,4,0,44,52,Silverstone,146.603
34,14,0,34,52,Silverstone,126.403
35,2,0,38,52,Silverstone,142.565
36,19,1,30,52,Silverstone,145.067
37,12,0,39,52,Silverstone,145.628
38,1,2,31,52,Silverstone,135.556
39,11,1,41,52,Silverstone,92.63
40,19,0,31,52,Silverstone,92.176
41,5,2,40,52,Silverstone,91.273
42,3,0,42,52,Silverstone,91.879
43,1,1,44,52,Silverstone,91.752
44,11,1,43,52,Silverstone,92.057
45,8,1,32,52,Silverstone,92.146
46,7,0,38,52,Silverstone,92.116
47,11,0,42,52,Silverstone,91.537
48,8,1,36,52,Silverstone,91.466
49,16,1,41,52,Silverstone,91.912
50,12,0,44,52,Silverstone,91.86
51,2,1,42,52,Silverstone,91.93
52,10,1,40,52,Silverstone,91.809
1,11,2,39,52,Silverstone,102.049
2,7,0,31,52,Silverstone,95.093
3,7,1,30,52,Silverstone,94.021
4,6,1,32,52,Silverstone,93.799
5,2,0,37,52,Silverstone,93.856
6,3,0,36,52,Silverstone,94.189
7,5,1,40,52,Silverstone,94.115
8,16,0,42,52,Silverstone,93.872
9,17,1,31,52,Silverstone,93.871
10,9,0,34,52,Silverstone,94.007
11,2,0,36,52,Silverstone,94.198
12,10,0,39,52,Silverstone,94.766
13,3,1,35,52,Silverstone,94.308
14,6,2,32,52,Silverstone,94.213
15,9,2,33,52,Silverstone,93.931
16,11,2,38,52,Silverstone,93.798
17,1,2,34,52,Silverstone,93.651
18,11,1,43,52,Silverstone,93.294
19,3,1,43,52,Silverstone,93.338
20,9,1,38,52,Silverstone,93.489
21,9,2,41,52,Silverstone,93.498
22,19,0,40,52,Silverstone,93.431
23,5,1,36,52,Silverstone,93.114
24,5,1,38,52,Silverstone,93.391
25,8,2,34,52,Silverstone,94.28
26,17,0,37,52,Silverstone,93.557
27,7,0,43,52,Silverstone,93.237
28,4,2,35,52,Silverstone,93.26
29,12,1,30,52,Silverstone,93.702
30,13,1,44,52,Silverstone,94.014
31,15,1,32,52,Silverstone,92.933
32,13,2,36,52,Silverstone,131.273
33,15,0,38,52,Silverstone,128.963
34,4,0,38,52,Silverstone,126.623
35,1,1,43,52,Silverstone,123.428
36,9,2,39,52,Silverstone,144.06
37,13,2,39,52,Silverstone,145.969
38,7,0,34,52,Silverstone,133.174
39,11,1,40,52,Silverstone,92.306
40,17,1,43,52,Silverstone,92.32
41,18,2,38,52,Silverstone,91.707
42,13,0,34,52,Silverstone,91.508
43,15,2,30,52,Silverstone,91.803
44,17,1,43,52,Silverstone,94.01
45,9,1,39,52,Silverstone,93.008
46,14,1,32,52,Silverstone,91.998
47,18,0,31,52,Silverstone,91.768
48,3,0,33,52,Silverstone,91.745
49,1,0,43,52,Silverstone,91.86
50,6,0,36,52,Silverstone,91.794
51,12,0,35,52,Silverstone,91.691
52,15,1,44,52,Silverstone,92.138
1,11,1,37,52,Silverstone,102.516
2,15,0,31,52,Silverstone,95.23
3,10,0,43,52,Silverstone,94.113
4,6,2,39,52,Silverstone,93.941
5,6,2,36,52,Silverstone,93.946
6,8,2,37,52,Silverstone,94.381
7,8,1,43,52,Silverstone,94.346
8,14,1,41,52,Silverstone,94.032
9,15,2,39,52,Silverstone,93.846
1,5,2,36,52,Silverstone,103.165
2,18,2,33,52,Silverstone,95.252
3,8,1,33,52,Silverstone,94.229
4,10,1,40,52,Silverstone,94.362
5,7,2,44,52,Silverstone,94.457
6,6,2,33,52,Silverstone,95.373
7,18,1,38,52,Silverstone,94.571
8,5,1,38,52,Silverstone,94.486
9,2,2,31,52,Silverstone,94.235
10,11,1,42,52,Silverstone,94.173
11,16,2,39,52,Silverstone,94.085
12,10,0,31,52,Silverstone,94.237
13,13,0,33,52,Silverstone,94.433
14,1,0,37,52,Silverstone,94.769
15,14,1,44,52,Silverstone,114.644
16,7,2,40,52,Silverstone,93.058
17,10,1,44,52,Silverstone,92.952
18,4,2,31,52,Silverstone,93.094
19,16,1,35,52,Silverstone,93.424
20,7,1,36,52,Silverstone,93.281
21,14,0,37,52,Silverstone,93.189
22,13,0,41,52,Silverstone,93.004
23,3,1,41,52,Silverstone,93.098
24,19,0,44,52,Silverstone,93.205
25,3,1,40,52,Silverstone,93.224
26,18,0,37,52,Silverstone,93.319
27,2,2,44,52,Silverstone,93.418
28,8,1,40,52,Silverstone,93.275
29,3,2,30,52,Silverstone,93.118
30,14,1,32,52,Silverstone,93.211
31,12,2,33,52,Silverstone,93.279
32,1,1,30,52,Silverstone,107.079
33,15,1,38,52,Silverstone,145.863
34,16,1,32,52,Silverstone,127.037
35,19,1,32,52,Silverstone,114.219
36,7,1,42,52,Silverstone,144.84
37,15,2,43,52,Silverstone,143.518
38,10,1,34,52,Silverstone,130.75
39,18,1,40,52,Silverstone,92.882
40,14,1,38,52,Silverstone,92.932
41,15,0,37,52,Silverstone,93.321
42,13,2,44,52,Silverstone,92.306
43,2,1,35,52,Silverstone,92.572
44,10,1,33,52,Silverstone,92.534
45,13,1,39,52,Silverstone,92.494
46,14,0,34,52,Silverstone,92.535
47,9,0,34,52,Silverstone,92.291
48,16,1,34,52,Silverstone,92.084
49,16,2,37,52,Silverstone,92.504
50,1,2,39,52,Silverstone,92.79
51,12,0,37,52,Silverstone,93.212
52,9,1,41,52,Silverstone,92.78
1,1,0,36,52,Silverstone,103.503
2,7,1,30,52,Silverstone,95.277
3,13,1,40,52,Silverstone,94.53
4,12,0,42,52,Silverstone,94.354
5,4,2,34,52,Silverstone,95.588
6,12,1,43,52,Silverstone,95.631
7,6,0,43,52,Silverstone,94.412
8,5,0,44,52,Silverstone,127.922
9,4,1,31,52,Silverstone,93.669
10,17,0,34,52,Silverstone,93.525
11,14,1,35,52,Silverstone,93.966
12,16,2,38,52,Silverstone,94.022
13,5,1,35,52,Silverstone,94.3
14,7,1,40,52,Silverstone,94.186
15,2,1,42,52,Silverstone,93.925
16,6,1,35,52,Silverstone,93.64
17,1,1,40,52,Silverstone,93.616
18,15,0,37,52,Silverstone,93.591
19,4,1,35,52,Silverstone,93.763
20,4,0,33,52,Silverstone,93.555
21,9,2,36,52,Silverstone,93.35
22,16,1,38,52,Silverstone,93.143
23,6,0,42,52,Silverstone,93.294
24,6,0,43,52,Silverstone,93.461
25,7,2,44,52,Silverstone,93.351
26,16,1,43,52,Silverstone,93.644
27,1,0,42,52,Silverstone,93.122
28,8,1,33,52,Silverstone,93.28
29,7,0,33,52,Silverstone,93.107
30,15,1,32,52,Silverstone,93.332
31,5,1,31,52,Silverstone,93.133
32,6,2,42,52,Silverstone,114.146
33,7,0,35,52,Silverstone,146.674
34,10,1,30,52,Silverstone,125.892
35,5,0,41,52,Silverstone,101.883
36,13,1,40,52,Silverstone,137.786
37,17,1,34,52,Silverstone,143.16
38,6,2,44,52,Silverstone,128.983
39,18,2,34,52,Silverstone,92.527
40,17,2,33,52,Silverstone,92.932
41,19,0,43,52,Silverstone,92.104
42,6,2,39,52,Silverstone,92.097
43,12,2,40,52,Silverstone,92.325
44,15,1,35,52,Silverstone,92.441
45,16,1,35,52,Silverstone,92.534
46,13,0,38,52,Silverstone,92.584
47,9,1,44,52,Silverstone,92.101
48,19,0,39,52,Silverstone,92.06
49,17,2,33,52,Silverstone,92.08
50,5,0,44,52,Silverstone,92.158
51,15,1,33,52,Silverstone,92.166
52,5,2,44,52,Silverstone,91.776
1,7,1,40,52,Silverstone,103.792
2,16,0,39,52,Silverstone,96.266
3,16,0,43,52,Silverstone,94.577
4,4,1,44,52,Silverstone,94.332
5,5,2,32,52,Silverstone,94.842
6,19,1,43,52,Silverstone,94.356
7,11,1,34,52,Silverstone,94.581
8,6,1,39,52,Silverstone,94.108
9,16,2,41,52,Silverstone,93.94
10,9,0,34,52,Silverstone,94.31
11,15,2,42,52,Silverstone,93.925
12,3,0,36,52,Silverstone,94.239
13,8,2,36,52,Silverstone,94.329
14,14,0,31,52,Silverstone,93.683
15,7,1,37,52,Silverstone,94.123
16,12,0,41,52,Silverstone,93.771
17,9,0,33,52,Silverstone,93.728
18,5,1,32,52,Silverstone,93.465
19,16,2,36,52,Silverstone,93.573
20,11,0,30,52,Silverstone,93.387
21,17,2,36,52,Silverstone,93.458
22,17,1,44,52,Silverstone,93.479
23,6,1,37,52,Silverstone,93.212
24,10,0,39,52,Silverstone,93.502
25,18,2,31,52,Silverstone,93.508
26,11,1,32,52,Silverstone,93.553
27,6,1,37,52,Silverstone,93.731
28,6,0,37,52,Silverstone,93.49
29,14,0,34,52,Silverstone,92.723
30,10,1,41,52,Silverstone,112.724
31,1,0,37,52,Silverstone,91.994
32,14,1,38,52,Silverstone,112.267
33,12,0,39,52,Silverstone,128.913
34,5,0,43,52,Silverstone,125.672
35,2,1,30,52,Silverstone,122.167
36,10,0,42,52,Silverstone,144.892
37,8,2,35,52,Silverstone,145.271
38,18,0,39,52,Silverstone,132.192
39,6,2,30,52,Silverstone,92.794
40,18,1,41,52,Silverstone,92.949
41,18,2,33,52,Silverstone,91.84
42,14,1,44,52,Silverstone,91.699
43,19,1,35,52,Silverstone,91.743
44,9,0,43,52,Silverstone,92.849
45,2,0,43,52,Silverstone,92.724
46,13,2,41,52,Silverstone,92.421
47,11,0,40,52,Silverstone,91.868
48,10,1,31,52,Silverstone,91.71
49,5,1,38,52,Silverstone,91.873
50,17,2,40,52,Silverstone,92.085
51,18,0,37,52,Silverstone,91.956
52,12,1,41,52,Silverstone,91.984
1,18,2,37,52,Silverstone,104.033
2,11,2,43,52,Silverstone,95.482
3,2,0,39,52,Silverstone,94.38
4,2,2,36,52,Silverstone,94.339
5,6,2,35,52,Silverstone,94.073
6,3,2,34,52,Silverstone,93.671
7,11,1,42,52,Silverstone,93.919
8,14,1,31,52,Silverstone,93.568
9,5,0,31,52,Silverstone,93.271
10,9,0,37,52,Silverstone,93.364
11,12,0,33,52,Silverstone,93.547
12,19,1,40,52,Silverstone,93.429
13,7,1,36,52,Silverstone,93.452
14,3,2,38,52,Silverstone,93.751
15,16,2,36,52,Silverstone,93.48
16,1,2,40,52,Silverstone,93.055
17,12,1,32,52,Silverstone,93.28
18,1,1,34,52,Silverstone,93.099
19,12,2,35,52,Silverstone,93.276
20,1,1,37,52,Silverstone,93.202
21,1,1,44,52,Silverstone,93.233
22,4,1,33,52,Silverstone,93.026
23,15,1,42,52,Silverstone,93.262
24,10,1,41,52,Silverstone,92.726
25,6,1,40,52,Silverstone,92.907
26,1,1,33,52,Silverstone,92.962
27,1,0,44,52,Silverstone,92.742
28,9,0,39,52,Silverstone,92.235
29,4,1,40,52,Silverstone,110.559
30,19,0,31,52,Silverstone,91.408
31,16,2,39,52,Silverstone,91.532
32,13,1,30,52,Silverstone,104.38
33,10,0,44,52,Silverstone,128.084
34,12,1,43,52,Silverstone,125.804
35,16,1,32,52,Silverstone,142.313
36,14,0,38,52,Silverstone,145.094
37,3,2,33,52,Silverstone,145.46
38,17,2,34,52,Silverstone,136.625
39,2,1,30,52,Silverstone,92.503
40,6,1,37,52,Silverstone,91.909
41,2,0,31,52,Silverstone,91.391
42,2,2,43,52,Silverstone,91.716
43,7,0,33,52,Silverstone,92.005
44,14,0,41,52,Silverstone,91.712
45,12,0,39,52,Silverstone,91.571
46,9,2,35,52,Silverstone,91.675
47,15,1,42,52,Silverstone,91.505
48,17,2,35,52,Silverstone,91.209
49,14,2,44,52,Silverstone,91.36
50,17,1,43,52,Silverstone,91.139
51,5,0,37,52,Silverstone,90.914
52,3,0,31,52,Silverstone,91.188
1,2,0,36,52,Silverstone,104.444
2,5,2,43,52,Silverstone,96.208
3,1,1,41,52,Silverstone,94.746
4,2,2,39,52,Silverstone,94.199
5,13,1,30,52,Silverstone,94.761
6,10,0,37,52,Silverstone,94.907
7,1,1,31,52,Silverstone,95.054
8,12,1,39,52,Silverstone,93.896
9,10,2,38,52,Silverstone,93.774
10,16,2,42,52,Silverstone,93.985
11,4,0,41,52,Silverstone,93.758
12,7,0,44,52,Silverstone,94.165
13,6,1,30,52,Silverstone,94.232
14,3,1,37,52,Silverstone,94.879
15,15,0,30,52,Silverstone,94.17
16,18,1,30,52,Silverstone,94.148
17,17,2,31,52,Silverstone,93.637
18,5,0,38,52,Silverstone,93.453
19,2,1,30,52,Silverstone,93.835
20,6,2,32,52,Silverstone,93.48
21,12,1,37,52,Silverstone,93.652
22,2,0,38,52,Silverstone,93.647
23,6,1,34,52,Silverstone,93.622
24,13,1,33,52,Silverstone,93.663
25,3,1,44,52,Silverstone,93.553
26,14,2,42,52,Silverstone,93.754
27,6,0,34,52,Silverstone,93.299
28,11,0,40,52,Silverstone,113.094
29,6,1,37,52,Silverstone,92.499
30,1,1,34,52,Silverstone,92.564
31,8,0,44,52,Silverstone,92.829
32,16,2,42,52,Silverstone,110.128
33,8,0,37,52,Silverstone,144.933
34,11,1,31,52,Silverstone,126.545
35,8,0,38,52,Silverstone,108.964
36,12,0,39,52,Silverstone,145.061
37,18,2,37,52,Silverstone,143.969
38,7,2,33,52,Silverstone,129.789
39,13,0,41,52,Silverstone,93.647
40,13,0,32,52,Silverstone,93.18
41,11,1,33,52,Silverstone,92.65
42,11,0,42,52,Silverstone,92.369
43,6,0,35,52,Silverstone,92.516
44,6,0,42,52,Silverstone,94.017
45,3,1,34,52,Silverstone,92.829
46,18,2,40,52,Silverstone,92.716
47,11,2,30,52,Silverstone,92.456
48,7,0,40,52,Silverstone,92.353
49,3,1,43,52,Silverstone,92.54
50,4,2,33,52,Silverstone,92.632
51,10,1,39,52,Silverstone,92.445
52,8,2,35,52,Silverstone,92.42
1,16,1,41,52,Silverstone,104.975
2,14,1,39,52,Silverstone,96.741
3,4,0,34,52,Silverstone,94.865
4,8,0,30,52,Silverstone,94.611
5,10,2,38,52,Silverstone,94.804
6,15,0,34,52,Silverstone,94.791
7,10,2,30,52,Silverstone,94.879
8,11,2,43,52,Silverstone,94.476
9,4,2,30,52,Silverstone,94.386
10,8,0,31,52,Silverstone,94.306
11,12,1,38,52,Silverstone,94.354
12,13,1,42,52,Silverstone,94.541
13,14,2,31,52,Silverstone,94.618
14,10,1,33,52,Silverstone,94.604
15,5,0,34,52,Silverstone,94.627
16,2,2,32,52,Silverstone,94.367
17,4,0,30,52,Silverstone,93.867
18,3,1,36,52,Silverstone,93.749
19,12,1,43,52,Silverstone,93.73
20,1,2,37,52,Silverstone,93.671
21,4,1,43,52,Silverstone,93.607
22,8,1,41,52,Silverstone,93.468
23,10,1,31,52,Silverstone,93.787
24,7,2,39,52,Silverstone,93.464
25,8,1,40,52,Silverstone,93.292
26,2,0,34,52,Silverstone,93.47
27,19,2,34,52,Silverstone,93.588
28,19,2,44,52,Silverstone,93.5
29,5,0,36,52,Silverstone,93.351
30,8,0,31,52,Silverstone,93.367
31,9,1,41,52,Silverstone,93.44
32,11,1,39,52,Silverstone,105.965
33,1,0,35,52,Silverstone,146.908
34,17,1,44,52,Silverstone,126.68
35,19,1,35,52,Silverstone,120.029
36,4,1,33,52,Silverstone,145.248
37,6,1,32,52,Silverstone,145.027
38,6,0,44,52,Silverstone,131.371
39,19,1,36,52,Silverstone,92.618
40,2,0,34,52,Silverstone,93.056
41,12,0,37,52,Silverstone,92.229
42,19,2,35,52,Silverstone,91.902
43,9,2,38,52,Silverstone,92.047
44,12,0,30,52,Silverstone,92.563
45,19,0,42,52,Silverstone,93.177
46,17,0,35,52,Silverstone,92.284
47,19,0,41,52,Silverstone,92.079
48,18,1,30,52,Silverstone,91.974
49,12,2,41,52,Silverstone,92.167
50,5,1,34,52,Silverstone,92.163
51,9,2,39,52,Silverstone,92.133
52,17,2,35,52,Silverstone,91.852
1,3,0,41,52,Silverstone,105.239
2,3,0,38,52,Silverstone,95.912
3,11,2,34,52,Silverstone,94.679
4,4,2,36,52,Silverstone,94.408
5,18,0,30,52,Silverstone,94.736
6,4,1,32,52,Silverstone,94.807
7,17,2,41,52,Silverstone,94.995
8,7,2,30,52,Silverstone,94.267
9,9,0,36,52,Silverstone,94.044
10,5,1,35,52,Silverstone,94.392
11,16,1,35,52,Silverstone,94.221
12,15,0,31,52,Silverstone,94.235
13,3,1,30,52,Silverstone,94.13
14,16,1,40,52,Silverstone,94.418
15,14,0,33,52,Silverstone,94.677
16,18,2,39,52,Silverstone,94.263
17,19,1,33,52,Silverstone,94.027
18,2,1,31,52,Silverstone,93.861
19,7,1,39,52,Silverstone,93.907
20,9,0,34,52,Silverstone,93.726
21,1,0,43,52,Silverstone,93.56
22,16,1,32,52,Silverstone,93.679
23,10,0,40,52,Silverstone,93.642
24,1,1,43,52,Silverstone,93.17
25,1,2,31,52,Silverstone,115.24
26,7,0,33,52,Silverstone,92.524
27,7,0,38,52,Silverstone,92.912
28,7,1,35,52,Silverstone,92.999
29,17,2,37,52,Silverstone,92.812
30,1,0,31,52,Silverstone,93.006
31,3,0,42,52,Silverstone,93.073
32,5,0,32,52,Silverstone,115.002
33,9,1,38,52,Silverstone,124.102
34,3,0,37,52,Silverstone,142.914
35,12,2,38,52,Silverstone,107.368
36,4,1,34,52,Silverstone,140.527
37,9,2,44,52,Silverstone,148.721
38,2,0,37,52,Silverstone,127.914
39,3,1,31,52,Silverstone,93.188
40,16,0,31,52,Silverstone,93.31
41,11,0,35,52,Silverstone,92.655
42,19,1,43,52,Silverstone,92.243
43,2,2,31,52,Silverstone,92.645
44,1,1,40,52,Silverstone,92.789
45,15,1,31,52,Silverstone,92.502
46,8,2,41,52,Silverstone,92.329
47,8,2,35,52,Silverstone,91.957
48,9,0,44,52,Silverstone,91.769
49,5,0,41,52,Silverstone,92.599
50,17,1,44,52,Silverstone,92.459
51,3,1,33,52,Silverstone,92.09
52,10,0,33,52,Silverstone,92.114
1,12,0,41,52,Silverstone,105.771
2,19,2,37,52,Silverstone,96.337
3,4,0,40,52,Silverstone,95.169
4,19,2,42,52,Silverstone,94.731
5,2,2,39,52,Silverstone,94.598
6,14,2,30,52,Silverstone,94.933
7,2,1,36,52,Silverstone,94.95
8,14,0,39,52,Silverstone,94.427
9,10,1,42,52,Silverstone,94.577
10,11,2,39,52,Silverstone,94.715
11,15,0,42,52,Silverstone,94.31
12,7,2,37,52,Silverstone,94.544
13,14,1,38,52,Silverstone,94.339
14,5,0,40,52,Silverstone,95.024
15,4,0,42,52,Silverstone,94.606
16,5,2,38,52,Silverstone,94.559
17,8,0,38,52,Silverstone,94.216
18,7,2,33,52,Silverstone,93.795
19,9,1,42,52,Silverstone,94.281
20,6,1,44,52,Silverstone,93.935
21,2,1,38,52,Silverstone,94.083
22,16,2,44,52,Silverstone,93.997
23,15,1,41,52,Silverstone,93.98
24,4,1,39,52,Silverstone,93.891
25,7,1,44,52,Silverstone,94.037
26,8,2,34,52,Silverstone,94.119
27,14,0,36,52,Silverstone,93.935
28,9,2,40,52,Silverstone,93.76
29,7,2,44,52,Silverstone,93.356
30,9,1,32,52,Silverstone,93.466
31,14,0,30,52,Silverstone,93.464
1,6,1,40,51,Monza,87.117
2,10,1,33,51,Monza,86.006
3,3,1,39,51,Monza,85.976
4,17,2,41,51,Monza,86.067
5,9,2,37,51,Monza,86.423
6,18,1,40,51,Monza,86.615
7,6,2,35,51,Monza,86.358
8,5,2,32,51,Monza,86.224
9,11,2,33,51,Monza,86.476
10,13,0,38,51,Monza,86.511
11,18,1,44,51,Monza,86.691
12,10,2,43,51,Monza,86.408
13,14,0,38,51,Monza,86.887
14,7,1,44,51,Monza,86.972
15,8,1,37,51,Monza,88.219
16,2,1,44,51,Monza,87.323
17,18,2,34,51,Monza,87.721
18,3,1,37,51,Monza,87.512
19,4,0,35,51,Monza,91.912
20,17,1,43,51,Monza,106.762
21,7,1,37,51,Monza,86.146
22,1,1,39,51,Monza,85.558
23,8,1,39,51,Monza,85.793
24,1,1,38,51,Monza,85.902
25,16,2,35,51,Monza,86.005
26,19,0,32,51,Monza,85.836
27,8,1,40,51,Monza,86.165
28,2,2,39,51,Monza,85.77
29,8,1,34,51,Monza,85.72
30,13,1,36,51,Monza,85.501
31,4,0,41,51,Monza,85.718
32,13,1,37,51,Monza,85.896
33,5,1,31,51,Monza,85.926
34,4,2,35,51,Monza,86.126
35,16,2,37,51,Monza,85.789
36,1,2,37,51,Monza,86.011
37,1,1,31,51,Monza,85.886
38,14,2,43,51,Monza,85.705
39,6,0,44,51,Monza,85.924
40,18,1,40,51,Monza,86.122
41,3,0,44,51,Monza,86.738
42,15,1,36,51,Monza,86.479
43,11,2,37,51,Monza,86.589
44,15,1,43,51,Monza,86.43
45,7,1,30,51,Monza,86.632
46,17,0,36,51,Monza,87.303
47,18,2,36,51,Monza,87.096
48,5,1,31,51,Monza,86.8
49,16,0,41,51,Monza,86.77
50,12,0,36,51,Monza,86.776
51,9,2,33,51,Monza,87.044
1,3,2,41,51,Monza,87.905
2,5,1,44,51,Monza,86.163
3,15,1,42,51,Monza,85.702
4,17,1,33,51,Monza,86.05
5,3,1,37,51,Monza,86.176
6,5,1,40,51,Monza,86.837
7,18,2,42,51,Monza,86.368
8,3,1,40,51,Monza,85.99
9,12,0,30,51,Monza,86.605
10,6,0,38,51,Monza,86.603
11,3,1,31,51,Monza,86.643
12,11,0,32,51,Monza,86.442
13,12,2,30,51,Monza,86.666
14,1,2,31,51,Monza,87.028
15,2,1,34,51,Monza,86.782
16,18,0,31,51,Monza,86.718
17,5,2,31,51,Monza,86.733
18,17,2,32,51,Monza,86.273
19,12,0,43,51,Monza,86.438
20,3,1,36,51,Monza,90.849
21,7,1,34,51,Monza,105.66
22,9,2,39,51,Monza,85.885
23,3,0,40,51,Monza,86.159
24,16,2,31,51,Monza,86.327
25,13,1,32,51,Monza,85.914
26,4,2,38,51,Monza,85.786
27,5,1,41,51,Monza,85.501
28,14,0,35,51,Monza,85.434
29,8,1,36,51,Monza,85.471
30,7,1,36,51,Monza,85.398
31,11,2,31,51,Monza,85.502
32,6,1,39,51,Monza,85.41
33,11,1,44,51,Monza,85.24
34,12,1,39,51,Monza,85.683
35,15,1,41,51,Monza,85.815
36,5,2,30,51,Monza,85.598
37,9,0,40,51,Monza,85.683
38,2,2,30,51,Monza,85.585
39,2,0,31,51,Monza,85.486
40,19,2,38,51,Monza,85.901
41,3,0,37,51,Monza,85.779
42,13,0,37,51,Monza,85.912
43,18,0,30,51,Monza,85.994
44,4,1,44,51,Monza,85.751
45,8,1,40,51,Monza,85.916
46,6,2,36,51,Monza,86.185
47,18,1,31,51,Monza,86.137
48,9,2,31,51,Monza,87.235
49,9,1,39,51,Monza,87.907
50,8,1,42,51,Monza,88.393
51,13,2,34,51,Monza,87.525
1,14,2,36,51,Monza,88.755
2,18,1,38,51,Monza,86.312
3,4,0,37,51,Monza,85.719
4,6,2,42,51,Monza,86.025
5,11,2,41,51,Monza,86.266
6,8,0,41,51,Monza,86.483
7,1,1,32,51,Monza,86.473
8,5,2,37,51,Monza,85.972
9,15,0,34,51,Monza,86.678
10,13,2,35,51,Monza,86.787
11,6,1,36,51,Monza,86.838
12,16,0,31,51,Monza,86.694
13,7,2,33,51,Monza,86.557
14,5,1,41,51,Monza,86.94
15,12,0,31,51,Monza,87.314
16,11,0,42,51,Monza,87.155
17,15,2,43,51,Monza,87.67
18,8,2,32,51,Monza,87.498
19,17,1,30,51,Monza,87.702
20,15,0,40,51,Monza,91.155
21,17,1,35,51,Monza,105.842
22,15,1,44,51,Monza,85.742
23,13,0,40,51,Monza,85.807
24,5,2,41,51,Monza,85.933
25,10,2,35,51,Monza,86.061
26,4,1,37,51,Monza,85.763
27,5,2,33,51,Monza,86.234
28,13,1,33,51,Monza,85.663
29,2,1,40,51,Monza,85.814
30,10,2,38,51,Monza,85.782
31,1,1,36,51,Monza,86.496
32,3,2,38,51,Monza,86.869
33,11,1,35,51,Monza,85.962
34,17,1,33,51,Monza,85.851
35,8,0,38,51,Monza,85.85
36,18,2,42,51,Monza,85.631
37,4,0,36,51,Monza,85.671
38,8,1,31,51,Monza,85.58
39,13,1,43,51,Monza,85.629
40,8,2,36,51,Monza,85.728
41,14,1,40,51,Monza,86.511
42,6,1,30,51,Monza,86.448
43,7,1,35,51,Monza,86.597
44,7,1,30,51,Monza,86.586
45,15,0,35,51,Monza,86.321
46,11,1,40,51,Monza,86.58
47,18,1,39,51,Monza,87.371
48,7,1,40,51,Monza,86.828
49,15,2,44,51,Monza,86.633
50,11,2,32,51,Monza,86.961
51,12,2,33,51,Monza,86.783
1,11,1,38,51,Monza,89.339
2,19,2,30,51,Monza,86.686
3,10,1,33,51,Monza,86.176
4,1,2,44,51,Monza,86.178
5,17,2,33,51,Monza,86.249
6,7,0,34,51,Monza,86.515
7,10,0,35,51,Monza,86.515
8,8,1,32,51,Monza,86.594
9,19,2,43,51,Monza,86.71
10,19,1,34,51,Monza,86.655
11,17,1,32,51,Monza,87.186
12,2,2,41,51,Monza,87.044
13,16,0,35,51,Monza,86.962
14,1,1,35,51,Monza,87.285
15,2,2,38,51,Monza,87.005
16,1,0,31,51,Monza,87.976
17,6,0,31,51,Monza,87.055
18,16,0,30,51,Monza,87.383
19,10,1,34,51,Monza,91.885
20,3,2,44,51,Monza,105.31
21,4,2,38,51,Monza,86.456
22,2,2,31,51,Monza,86.715
23,9,2,38,51,Monza,86.605
24,3,1,40,51,Monza,86.671
25,2,1,33,51,Monza,86.32
26,9,2,33,51,Monza,86.41
27,7,1,40,51,Monza,86.184
28,3,0,40,51,Monza,86.284
29,15,1,36,51,Monza,86.14
30,8,2,42,51,Monza,85.966
31,14,1,38,51,Monza,86.148
32,8,2,33,51,Monza,86.059
33,14,0,32,51,Monza,86.161
34,1,0,34,51,Monza,86.119
35,8,2,30,51,Monza,86.189
36,1,1,42,51,Monza,86.371
37,4,1,30,51,Monza,85.997
38,11,2,43,51,Monza,85.847
39,6,1,41,51,Monza,86.21
40,18,2,31,51,Monza,86.244
41,14,0,42,51,Monza,86.614
42,1,1,33,51,Monza,86.335
43,6,0,30,51,Monza,86.426
44,13,1,30,51,Monza,86.336
45,11,1,36,51,Monza,86.394
46,5,1,35,51,Monza,86.458
47,4,1,36,51,Monza,86.64
48,13,0,41,51,Monza,86.287
49,16,1,37,51,Monza,86.375
50,9,0,42,51,Monza,86.874
51,16,0,43,51,Monza,86.628
1,7,2,41,51,Monza,89.806
2,17,0,34,51,Monza,86.881
3,13,0,37,51,Monza,86.143
4,19,2,37,51,Monza,86.019
5,6,0,38,51,Monza,86.354
6,1,0,37,51,Monza,86.465
7,3,2,35,51,Monza,86.333
8,7,2,43,51,Monza,86.887
9,15,0,41,51,Monza,86.564
10,12,2,33,51,Monza,86.454
11,6,0,33,51,Monza,87.245
12,19,2,33,51,Monza,86.968
13,4,2,37,51,Monza,87.014
14,2,2,43,51,Monza,87.451
15,15,2,40,51,Monza,86.779
16,6,0,33,51,Monza,86.823
17,13,0,30,51,Monza,87.011
18,11,0,42,51,Monza,86.765
19,11,1,31,51,Monza,86.669
20,8,0,34,51,Monza,86.509
21,7,2,34,51,Monza,90.934
22,7,0,42,51,Monza,105.228
23,15,2,33,51,Monza,85.564
24,1,1,36,51,Monza,85.759
25,7,2,34,51,Monza,86.005
26,3,0,33,51,Monza,85.884
27,10,0,43,51,Monza,86.456
28,9,1,35,51,Monza,85.584
29,17,1,36,51,Monza,85.606
30,8,0,38,51,Monza,85.757
31,2,2,31,51,Monza,86.415
32,18,1,43,51,Monza,85.88
33,19,2,33,51,Monza,86.02
34,4,1,43,51,Monza,85.948
35,4,1,37,51,Monza,85.651
36,6,1,34,51,Monza,85.627
37,11,1,40,51,Monza,85.757
38,3,1,42,51,Monza,85.584
39,4,0,36,51,Monza,85.522
40,2,1,30,51,Monza,85.626
41,17,0,41,51,Monza,86.719
42,6,1,36,51,Monza,86.539
43,10,1,36,51,Monza,86.624
44,3,0,34,51,Monza,86.329
45,7,0,35,51,Monza,86.573
46,4,2,41,51,Monza,85.598
47,16,1,36,51,Monza,86.476
48,4,1,37,51,Monza,86.108
49,16,1,36,51,Monza,86.006
50,19,1,40,51,Monza,86.385
51,1,2,37,51,Monza,85.903
1,8,1,34,51,Monza,90.315
2,12,0,32,51,Monza,88.053
3,3,1,34,51,Monza,86.982
4,7,0,41,51,Monza,87.004
5,11,1,35,51,Monza,86.909
6,8,1,33,51,Monza,86.878
7,9,0,40,51,Monza,86.94
8,5,1,30,51,Monza,86.85
9,6,1,34,51,Monza,86.864
10,5,1,30,51,Monza,86.823
11,3,2,35,51,Monza,87.217
12,6,0,33,51,Monza,87.454
13,15,0,40,51,Monza,87.518
14,16,1,31,51,Monza,87.371
15,4,1,41,51,Monza,87.738
16,2,1,37,51,Monza,87.201
17,2,1,30,51,Monza,87.44
18,5,0,41,51,Monza,87.398
19,11,1,41,51,Monza,87.352
20,16,2,31,51,Monza,87.746
21,11,1,32,51,Monza,87.587
22,3,0,30,51,Monza,87.419
23,1,2,34,51,Monza,91.866
24,2,1,34,51,Monza,106.854
25,7,2,35,51,Monza,86.411
26,3,2,34,51,Monza,86.287
27,10,1,30,51,Monza,86.248
28,4,1,40,51,Monza,86.611
29,13,1,39,51,Monza,86.132
30,17,0,33,51,Monza,87.074
31,18,2,38,51,Monza,86.86
32,2,1,42,51,Monza,86.746
33,9,2,35,51,Monza,86.445
34,15,1,31,51,Monza,86.717
35,10,0,33,51,Monza,86.277
36,13,1,43,51,Monza,86.639
37,1,0,39,51,Monza,86.806
38,12,2,37,51,Monza,87.146
39,18,1,44,51,Monza,87.166
40,10,1,35,51,Monza,86.853
41,16,2,43,51,Monza,94.52
42,10,1,35,51,Monza,113.593
43,2,2,35,51,Monza,85.072
44,1,1,32,51,Monza,85.69
45,11,2,43,51,Monza,86.139
46,19,1,41,51,Monza,85.732
47,4,1,40,51,Monza,86.614
48,10,1,40,51,Monza,86.067
49,8,2,35,51,Monza,85.841
50,9,2,42,51,Monza,86.159
51,19,1,30,51,Monza,85.593
1,11,0,33,51,Monza,90.785
2,8,1,44,51,Monza,87.067
3,13,0,44,51,Monza,86.578
4,14,2,34,51,Monza,86.684
5,8,1,31,51,Monza,86.868
6,8,2,34,51,Monza,86.661
7,15,1,34,51,Monza,86.773
8,6,2,44,51,Monza,86.676
9,3,2,35,51,Monza,86.838
10,19,1,32,51,Monza,87.305
11,15,1,31,51,Monza,87.389
12,7,1,30,51,Monza,87.533
13,11,0,42,51,Monza,87.676
14,16,0,33,51,Monza,87.723
15,19,2,30,51,Monza,92.301
16,1,2,41,51,Monza,107.605
17,12,0,39,51,Monza,87.087
18,15,2,39,51,Monza,86.893
19,10,2,35,51,Monza,87.308
20,3,2,35,51,Monza,86.853
21,4,1,37,51,Monza,86.601
22,5,1,32,51,Monza,86.833
23,3,1,41,51,Monza,86.913
24,17,2,43,51,Monza,86.748
25,3,0,38,51,Monza,86.898
26,2,1,31,51,Monza,87.049
27,13,1,32,51,Monza,86.735
28,7,0,38,51,Monza,87.024
29,16,2,34,51,Monza,86.977
30,7,1,38,51,Monza,86.94
31,19,2,38,51,Monza,86.735
32,16,2,40,51,Monza,86.432
33,6,0,36,51,Monza,86.389
34,9,1,36,51,Monza,86.579
35,12,1,41,51,Monza,86.545
36,14,1,41,51,Monza,86.981
37,4,2,34,51,Monza,86.831
38,15,1,34,51,Monza,87.37
39,8,0,34,51,Monza,86.802
40,6,0,39,51,Monza,86.572
41,1,1,35,51,Monza,86.675
42,16,0,30,51,Monza,86.708
43,1,0,39,51,Monza,86.913
44,8,1,31,51,Monza,87.725
45,16,2,42,51,Monza,86.907
46,15,2,37,51,Monza,87.252
47,6,1,33,51,Monza,88.491
48,13,1,37,51,Monza,86.822
49,8,1,37,51,Monza,87.569
50,11,1,35,51,Monza,87.197
51,17,1,43,51,Monza,87.433
1,11,2,38,51,Monza,91.513
2,12,1,39,51,Monza,87.575
3,8,0,44,51,Monza,87.105
4,19,2,39,51,Monza,87.069
5,15,0,31,51,Monza,87.142
6,12,0,43,51,Monza,86.796
7,2,2,31,51,Monza,86.864
8,7,0,41,51,Monza,86.628
9,5,1,41,51,Monza,86.893
10,16,2,35,51,Monza,86.965
11,5,2,34,51,Monza,87.066
12,8,0,42,51,Monza,87.438
13,12,1,43,51,Monza,87.359
14,9,2,36,51,Monza,87.478
15,5,1,31,51,Monza,87.796
16,9,1,37,51,Monza,87.199
17,13,2,39,51,Monza,87.597
18,18,1,39,51,Monza,87.272
19,19,0,36,51,Monza,87.28
20,11,1,44,51,Monza,87.716
21,4,0,32,51,Monza,87.718
22,10,2,41,51,Monza,91.647
23,16,1,34,51,Monza,106.282
24,15,2,35,51,Monza,86.144
25,12,0,33,51,Monza,86.424
26,10,2,33,51,Monza,86.402
27,1,1,38,51,Monza,86.485
28,9,0,33,51,Monza,86.396
29,9,1,40,51,Monza,86.472
30,18,2,35,51,Monza,86.968
31,6,1,37,51,Monza,86.909
32,16,0,30,51,Monza,86.586
33,19,1,36,51,Monza,86.455
34,17,1,35,51,Monza,86.366
35,14,2,34,51,Monza,86.464
36,8,1,33,51,Monza,87.06
37,7,1,36,51,Monza,86.595
38,14,1,36,51,Monza,87.567
39,8,2,39,51,Monza,86.792
40,9,0,34,51,Monza,86.761
41,10,1,40,51,Monza,86.562
42,2,1,34,51,Monza,86.623
43,19,2,30,51,Monza,86.81
44,12,0,37,51,Monza,87.991
45,19,1,36,51,Monza,87.466
46,14,1,40,51,Monza,87.017
47,10,0,38,51,Monza,87.886
48,13,2,40,51,Monza,86.733
49,3,0,39,51,Monza,87.661
50,7,0,42,51,Monza,87.174
51,6,0,32,51,Monza,87.425
1,1,1,41,51,Monza,92.011
2,15,2,37,51,Monza,87.837
3,3,2,39,51,Monza,87.289
4,3,0,38,51,Monza,87.233
5,19,1,44,51,Monza,87.015
6,10,0,44,51,Monza,86.711
7,6,0,42,51,Monza,86.7
8,2,0,41,51,Monza,86.643
9,17,2,42,51,Monza,86.756
10,16,1,42,51,Monza,86.995
11,7,1,44,51,Monza,87.119
12,3,2,40,51,Monza,87.194
13,15,2,30,51,Monza,87.292
14,5,1,33,51,Monza,87.526
15,11,2,38,51,Monza,88.085
16,1,1,41,51,Monza,87.24
17,11,1,33,51,Monza,87.585
18,10,0,30,51,Monza,87.279
19,4,1,34,51,Monza,87.449
20,14,1,41,51,Monza,87.83
21,14,2,43,51,Monza,87.399
22,1,0,40,51,Monza,87.154
23,6,0,31,51,Monza,87.267
24,12,1,32,51,Monza,87.311
25,19,1,37,51,Monza,87.791
26,6,0,39,51,Monza,87.407
27,2,1,32,51,Monza,93.228
28,17,1,31,51,Monza,105.978
29,3,0,40,51,Monza,85.582
30,16,0,39,51,Monza,86.34
31,15,1,40,51,Monza,86.404
32,12,1,34,51,Monza,86.62
33,7,0,31,51,Monza,86.584
34,2,0,33,51,Monza,86.236
35,5,0,31,51,Monza,86.016
36,9,2,43,51,Monza,86.205
37,3,0,34,51,Monza,85.999
38,8,2,36,51,Monza,86.274
39,4,0,36,51,Monza,86.249
40,8,0,42,51,Monza,86.658
41,7,1,32,51,Monza,87.501
42,19,0,33,51,Monza,86.216
43,9,1,34,51,Monza,86.093
44,13,2,38,51,Monza,87.152
45,5,0,34,51,Monza,86.333
46,18,2,41,51,Monza,87.193
47,15,0,32,51,Monza,86.12
48,14,1,41,51,Monza,85.815
49,13,1,42,51,Monza,85.888
50,14,2,44,51,Monza,85.927
51,4,0,40,51,Monza,86.093
1,5,0,35,51,Monza,92.72
2,8,1,39,51,Monza,87.92
3,10,1,35,51,Monza,87.36
4,7,1,38,51,Monza,87.2
5,12,1,40,51,Monza,87.035
6,16,1,39,51,Monza,87.169
7,2,1,32,51,Monza,87.465
8,7,1,34,51,Monza,88.059
9,13,1,39,51,Monza,87.481
10,12,0,42,51,Monza,87.563
11,4,2,43,51,Monza,88.055
12,9,2,31,51,Monza,89.091
13,10,1,42,51,Monza,88.009
14,6,1,37,51,Monza,92.658
15,12,0,38,51,Monza,109.615
16,17,2,37,51,Monza,86.99
17,14,2,34,51,Monza,86.988
18,12,1,42,51,Monza,87.294
19,4,2,42,51,Monza,87.312
20,15,2,31,51,Monza,87.078
21,11,2,30,51,Monza,87.161
22,4,1,33,51,Monza,87.074
23,19,1,32,51,Monza,87.29
24,14,2,40,51,Monza,87.143
25,10,1,36,51,Monza,87.229
26,11,2,31,51,Monza,87.344
27,19,0,44,51,Monza,87.08
28,6,1,41,51,Monza,87.6
29,16,1,42,51,Monza,87.466
30,19,1,43,51,Monza,87.775
31,14,1,33,51,Monza,87.547
32,12,1,37,51,Monza,87.976
33,13,0,34,51,Monza,88.575
34,1,1,30,51,Monza,87.991
35,7,0,35,51,Monza,87.945
36,1,2,42,51,Monza,88.084
37,10,1,31,51,Monza,88.006
38,15,2,37,51,Monza,88.969
39,13,0,30,51,Monza,92.506
40,8,2,36,51,Monza,106.37
41,8,1,37,51,Monza,86.395
42,15,2,36,51,Monza,86.102
43,17,1,36,51,Monza,86.234
44,16,1,35,51,Monza,86.459
45,14,1,37,51,Monza,86.723
46,6,0,37,51,Monza,86.645
47,4,1,36,51,Monza,86.251
48,7,0,40,51,Monza,86.359
49,4,1,37,51,Monza,85.981
50,10,1,40,51,Monza,85.894
1,2,0,34,51,Monza,93.34
2,17,2,40,51,Monza,88.012
3,5,1,38,51,Monza,87.546
4,17,0,38,51,Monza,87.221
5,3,2,35,51,Monza,87.033
6,13,1,30,51,Monza,87.175
7,11,0,31,51,Monza,86.929
8,7,1,30,51,Monza,86.943
9,19,1,31,51,Monza,87.383
10,10,0,38,51,Monza,87.368
11,16,1,30,51,Monza,87.343
12,6,2,43,51,Monza,87.339
13,14,1,32,51,Monza,87.158
14,10,1,38,51,Monza,87.607
15,17,2,42,51,Monza,86.929
16,13,1,43,51,Monza,87.164
17,13,2,36,51,Monza,87.156
18,11,2,44,51,Monza,87.275
19,16,1,37,51,Monza,87.318
20,2,1,34,51,Monza,88.284
21,7,2,30,51,Monza,92.377
22,14,1,43,51,Monza,107.272
23,19,2,42,51,Monza,86.849
24,18,0,34,51,Monza,86.949
25,13,1,33,51,Monza,86.899
26,3,2,36,51,Monza,86.792
27,14,1,40,51,Monza,86.666
28,2,0,32,51,Monza,86.723
29,15,1,44,51,Monza,86.997
30,11,0,32,51,Monza,86.915
31,16,0,30,51,Monza,86.848
32,14,1,41,51,Monza,86.747
33,2,1,43,51,Monza,86.769
34,17,2,33,51,Monza,86.563
35,16,2,44,51,Monza,86.517
36,18,0,42,51,Monza,86.457
37,7,2,38,51,Monza,86.38
38,10,2,32,51,Monza,86.574
39,18,2,43,51,Monza,86.707
40,2,1,41,51,Monza,86.61
41,3,1,33,51,Monza,86.815
42,4,2,33,51,Monza,86.403
43,16,0,35,51,Monza,86.105
44,4,1,36,51,Monza,86.155
45,5,2,36,51,Monza,86.277
46,11,1,40,51,Monza,86.453
47,8,0,40,51,Monza,86.912
48,19,1,32,51,Monza,87.183
49,4,0,36,51,Monza,87.245
50,1,2,35,51,Monza,87.36
51,5,0,37,51,Monza,87.395
1,1,0,30,51,Monza,93.893
2,2,0,40,51,Monza,88.018
3,5,2,33,51,Monza,87.657
4,5,2,34,51,Monza,87.13
5,7,1,34,51,Monza,87.205
6,10,1,32,51,Monza,87.263
7,18,0,35,51,Monza,87.154
8,8,1,34,51,Monza,87.331
9,5,2,32,51,Monza,87.506
10,15,2,39,51,Monza,87.648
11,9,1,41,51,Monza,87.892
12,6,0,30,51,Monza,87.631
13,17,1,33,51,Monza,92.053
14,19,1,33,51,Monza,107.344
15,7,2,36,51,Monza,87.03
16,3,1,35,51,Monza,87.412
17,9,2,38,51,Monza,87.045
18,19,2,40,51,Monza,86.815
19,9,1,37,51,Monza,87.047
20,16,0,30,51,Monza,86.89
21,12,0,39,51,Monza,87.171
22,4,1,42,51,Monza,88.059
23,13,0,32,51,Monza,87.215
24,6,1,33,51,Monza,87.049
25,2,0,35,51,Monza,87.204
26,18,1,37,51,Monza,87.089
27,19,0,30,51,Monza,87.025
28,8,2,40,51,Monza,87.376
29,10,1,32,51,Monza,87.108
30,3,1,41,51,Monza,87.487
31,16,1,40,51,Monza,87.515
32,4,2,44,51,Monza,87.496
33,8,1,32,51,Monza,91.843
34,16,0,37,51,Monza,106.71
35,2,0,40,51,Monza,86.26
36,7,2,44,51,Monza,86.384
37,3,1,39,51,Monza,86.253
38,15,2,35,51,Monza,86.103
39,4,1,38,51,Monza,86.245
40,18,2,30,51,Monza,86.273
41,3,2,36,51,Monza,86.417
42,2,2,42,51,Monza,86.121
43,6,2,41,51,Monza,86.143
44,11,1,36,51,Monza,85.842
45,18,1,37,51,Monza,86.134
46,19,1,39,51,Monza,86.018
47,8,1,38,51,Monza,86.656
48,14,1,40,51,Monza,86.098
49,15,0,41,51,Monza,87.235
50,13,2,37,51,Monza,86.852
51,12,2,39,51,Monza,86.436
1,10,2,40,51,Monza,94.407
2,14,2,30,51,Monza,88.08
3,13,1,36,51,Monza,87.647
4,14,0,41,51,Monza,87.389
5,3,0,39,51,Monza,87.17
6,5,2,34,51,Monza,87.135
7,14,2,41,51,Monza,87.251
8,15,1,35,51,Monza,87.233
9,7,2,43,51,Monza,87.459
10,4,1,41,51,Monza,87.685
11,17,0,39,51,Monza,87.804
12,18,2,38,51,Monza,88.694
13,4,0,39,51,Monza,87.799
14,8,1,35,51,Monza,93.074
15,11,1,42,51,Monza,107.389
16,2,2,41,51,Monza,86.84
17,16,1,38,51,Monza,87.0
18,2,0,35,51,Monza,86.906
19,3,2,42,51,Monza,87.165
20,9,1,43,51,Monza,87.28
21,9,2,41,51,Monza,87.363
22,14,2,34,51,Monza,87.465
23,14,0,36,51,Monza,87.149
24,11,2,41,51,Monza,87.104
25,13,1,30,51,Monza,87.165
26,1,0,44,51,Monza,87.021
27,8,2,41,51,Monza,87.253
28,16,0,32,51,Monza,87.546
29,19,2,32,51,Monza,87.545
30,16,2,33,51,Monza,87.121
31,13,0,33,51,Monza,87.461
32,19,2,39,51,Monza,87.522
33,9,2,40,51,Monza,87.293
34,17,1,37,51,Monza,87.219
35,11,2,32,51,Monza,87.233
36,1,2,32,51,Monza,87.142
37,1,0,32,51,Monza,87.292
38,17,1,36,51,Monza,87.103
39,10,1,39,51,Monza,87.137
40,14,1,37,51,Monza,87.64
41,11,0,36,51,Monza,87.18
42,4,2,37,51,Monza,87.176
43,7,2,37,51,Monza,89.385
44,19,2,33,51,Monza,87.686
45,17,0,38,51,Monza,87.502
46,11,0,31,51,Monza,87.709
47,16,1,40,51,Monza,87.622
48,3,0,40,51,Monza,87.44
49,8,2,30,51,Monza,87.742
50,3,2,44,51,Monza,88.451
51,9,0,43,51,Monza,89.626
1,1,1,37,51,Monza,94.811
2,2,0,30,51,Monza,88.032
3,15,2,42,51,Monza,87.95
4,12,1,40,51,Monza,87.119
5,8,2,40,51,Monza,87.575
6,11,1,36,51,Monza,87.15
7,7,2,39,51,Monza,87.36
8,6,2,36,51,Monza,87.227
9,4,2,32,51,Monza,87.265
10,1,0,40,51,Monza,87.863
11,17,2,30,51,Monza,87.693
12,8,2,31,51,Monza,88.716
13,12,0,30,51,Monza,88.007
14,19,1,31,51,Monza,87.991
15,15,1,30,51,Monza,87.427
16,6,0,36,51,Monza,87.824
17,8,2,44,51,Monza,87.47
18,6,0,40,51,Monza,87.634
19,16,1,31,51,Monza,87.725
20,9,2,41,51,Monza,88.438
21,2,0,36,51,Monza,89.044
22,11,1,33,51,Monza,88.116
23,9,2,43,51,Monza,88.123
24,18,0,40,51,Monza,88.022
25,7,1,44,51,Monza,92.814
26,11,1,42,51,Monza,106.575
27,4,1,30,51,Monza,85.988
28,14,0,39,51,Monza,86.486
29,7,1,32,51,Monza,86.201
30,18,1,34,51,Monza,86.643
31,9,1,38,51,Monza,86.648
32,11,1,42,51,Monza,86.606
33,19,2,40,51,Monza,86.873
34,14,2,43,51,Monza,86.621
35,11,2,40,51,Monza,86.523
36,12,0,42,51,Monza,86.782
37,19,2,44,51,Monza,86.545
38,15,0,38,51,Monza,87.093
39,1,0,33,51,Monza,86.981
40,18,2,31,51,Monza,87.862
41,7,0,34,51,Monza,87.203
42,18,1,40,51,Monza,86.864
43,9,1,35,51,Monza,87.753
44,2,2,33,51,Monza,86.962
45,10,0,32,51,Monza,86.889
46,7,2,37,51,Monza,86.806
47,18,2,38,51,Monza,86.736
48,10,1,35,51,Monza,87.005
49,10,0,34,51,Monza,87.134
50,18,1,41,51,Monza,87.074
51,17,1,41,51,Monza,86.95
1,1,0,37,51,Monza,95.194
2,12,1,35,51,Monza,88.167
3,5,0,35,51,Monza,87.871
4,4,2,30,51,Monza,87.615
5,5,1,34,51,Monza,87.535
6,2,2,31,51,Monza,87.066
7,6,2,32,51,Monza,87.185
8,19,0,31,51,Monza,87.253
9,18,1,39,51,Monza,87.416
10,12,0,44,51,Monza,87.544
11,9,2,35,51,Monza,92.187
12,12,0,33,51,Monza,107.237
13,2,2,39,51,Monza,86.253
14,14,1,37,51,Monza,87.775
15,10,0,33,51,Monza,87.645
16,3,2,34,51,Monza,87.153
17,10,0,33,51,Monza,86.866
18,6,0,33,51,Monza,87.055
19,19,2,34,51,Monza,87.347
20,19,1,34,51,Monza,87.075
21,7,0,41,51,Monza,87.17
22,4,2,35,51,Monza,87.333
23,1,2,41,51,Monza,87.285
24,16,0,38,51,Monza,87.153
25,3,1,36,51,Monza,87.028
26,7,1,36,51,Monza,87.164
27,18,2,39,51,Monza,87.348
28,14,0,43,51,Monza,87.858
29,19,2,32,51,Monza,87.356
30,9,0,31,51,Monza,87.442
31,7,2,42,51,Monza,87.683
32,18,1,36,51,Monza,87.82
33,18,2,37,51,Monza,92.052
34,6,2,40,51,Monza,107.962
35,17,0,43,51,Monza,85.983
36,4,1,40,51,Monza,86.935
37,12,1,38,51,Monza,86.7
38,10,1,39,51,Monza,86.503
39,17,1,39,51,Monza,86.473
40,17,0,39,51,Monza,86.406
41,3,1,42,51,Monza,86.6
42,9,0,36,51,Monza,86.671
43,3,0,32,51,Monza,86.288
44,8,1,41,51,Monza,86.313
45,13,2,31,51,Monza,86.461
46,6,2,38,51,Monza,86.134
47,12,2,35,51,Monza,86.305
48,2,1,34,51,Monza,86.448
49,12,1,31,51,Monza,88.825
50,5,2,33,51,Monza,87.401
51,1,2,30,51,Monza,86.768
1,13,2,42,51,Monza,95.655
2,7,1,35,51,Monza,88.667
3,4,1,33,51,Monza,87.822
4,15,0,39,51,Monza,87.582
5,16,1,36,51,Monza,87.385
6,7,1,30,51,Monza,87.306
7,6,2,42,51,Monza,87.117
8,18,1,36,51,Monza,87.309
9,11,2,35,51,Monza,87.396
10,4,0,41,51,Monza,87.607
11,18,1,32,51,Monza,87.738
12,17,1,33,51,Monza,88.232
13,15,0,39,51,Monza,87.855
14,18,2,36,51,Monza,88.091
15,12,2,35,51,Monza,88.197
16,2,0,44,51,Monza,88.249
17,14,0,44,51,Monza,88.111
18,5,2,44,51,Monza,88.261
19,6,0,33,51,Monza,88.216
20,15,2,31,51,Monza,89.387
21,10,0,40,51,Monza,88.489
22,19,0,40,51,Monza,88.884
23,7,1,43,51,Monza,89.474
24,13,2,43,51,Monza,93.499
25,19,1,32,51,Monza,107.378
26,8,2,36,51,Monza,87.158
27,3,1,36,51,Monza,87.119
28,6,0,31,51,Monza,87.19
29,12,1,42,51,Monza,87.35
30,9,1,30,51,Monza,87.308
31,12,0,42,51,Monza,87.208
32,5,1,37,51,Monza,87.119
33,13,0,34,51,Monza,86.963
34,4,1,33,51,Monza,87.626
35,19,1,30,51,Monza,87.441
36,2,2,38,51,Monza,87.476
37,14,1,35,51,Monza,87.429
38,19,1,32,51,Monza,87.079
39,7,1,32,51,Monza,106.604
1,8,1,36,51,Monza,95.974
2,13,1,42,51,Monza,88.696
3,17,2,30,51,Monza,87.916
4,9,1,40,51,Monza,87.472
5,11,0,39,51,Monza,87.694
6,10,0,36,51,Monza,87.324
7,17,0,44,51,Monza,87.21
8,17,2,34,51,Monza,87.24
9,3,1,34,51,Monza,87.366
10,17,0,38,51,Monza,92.034
11,8,2,43,51,Monza,110.17
12,9,2,37,51,Monza,87.431
13,13,0,42,51,Monza,87.368
14,7,1,30,51,Monza,87.348
15,14,2,33,51,Monza,87.363
16,19,2,33,51,Monza,87.088
17,13,1,39,51,Monza,87.076
18,12,0,44,51,Monza,87.053
19,16,1,44,51,Monza,87.136
20,6,0,36,51,Monza,87.035
21,11,1,35,51,Monza,87.706
22,3,2,36,51,Monza,87.219
23,17,0,42,51,Monza,87.454
24,16,0,34,51,Monza,87.06
25,6,0,38,51,Monza,87.223
26,4,1,38,51,Monza,87.59
27,5,0,34,51,Monza,87.189
28,8,2,41,51,Monza,87.521
29,12,2,42,51,Monza,87.383
30,16,2,32,51,Monza,87.658
31,13,2,42,51,Monza,92.204
32,19,2,32,51,Monza,106.72
33,8,2,36,51,Monza,86.439
34,15,1,32,51,Monza,86.877
35,4,2,41,51,Monza,86.903
36,6,2,39,51,Monza,86.797
37,5,2,31,51,Monza,86.499
38,14,1,41,51,Monza,86.357
39,17,1,30,51,Monza,86.736
40,6,1,37,51,Monza,86.548
41,17,2,35,51,Monza,86.346
42,15,1,39,51,Monza,86.425
43,7,1,42,51,Monza,85.921
44,16,1,30,51,Monza,85.758
45,13,0,33,51,Monza,86.297
46,7,0,40,51,Monza,86.292
47,1,2,38,51,Monza,86.144
48,7,1,42,51,Monza,86.288
49,15,2,39,51,Monza,87.913
50,19,0,32,51,Monza,88.817
51,12,2,39,51,Monza,87.375
1,13,2,43,51,Monza,96.466
2,17,1,35,51,Monza,88.923
3,9,2,39,51,Monza,88.538
4,2,0,35,51,Monza,89.252
5,4,0,37,51,Monza,88.276
6,16,2,34,51,Monza,87.949
7,16,0,33,51,Monza,87.691
8,4,0,30,51,Monza,87.935
9,17,1,41,51,Monza,88.218
10,2,1,44,51,Monza,88.511
11,7,2,32,51,Monza,88.792
12,11,1,42,51,Monza,93.273
13,6,2,35,51,Monza,108.424
14,12,1,33,51,Monza,88.08
15,10,0,43,51,Monza,87.848
16,17,1,37,51,Monza,87.649
17,12,0,35,51,Monza,87.589
18,6,1,36,51,Monza,87.898
19,17,0,44,51,Monza,87.159
20,14,2,44,51,Monza,87.011
21,11,0,37,51,Monza,87.128
22,11,0,36,51,Monza,87.244
23,13,0,37,51,Monza,87.492
24,18,1,33,51,Monza,87.536
25,2,0,33,51,Monza,87.502
26,12,1,34,51,Monza,87.418
27,5,2,36,51,Monza,87.22
28,8,0,31,51,Monza,87.154
29,8,1,42,51,Monza,87.344
30,18,1,36,51,Monza,87.384
31,17,1,36,51,Monza,87.486
32,14,1,30,51,Monza,87.556
33,2,0,43,51,Monza,93.158
34,6,1,35,51,Monza,107.333
35,8,0,43,51,Monza,86.3
36,10,1,34,51,Monza,86.385
37,10,1,31,51,Monza,86.454
38,16,0,44,51,Monza,86.394
39,11,0,40,51,Monza,90.343
40,7,0,39,51,Monza,86.696
41,9,2,42,51,Monza,86.328
42,3,1,32,51,Monza,86.278
43,15,0,33,51,Monza,86.511
44,5,2,38,51,Monza,86.514
45,18,1,37,51,Monza,86.787
46,6,2,36,51,Monza,86.983
47,9,0,42,51,Monza,86.66
48,1,2,32,51,Monza,86.739
49,1,2,36,51,Monza,87.054
50,16,1,35,51,Monza,86.904
1,7,1,35,51,Monza,96.787
2,12,1,40,51,Monza,88.953
3,10,0,39,51,Monza,88.614
4,14,0,32,51,Monza,87.725
5,2,2,34,51,Monza,87.574
6,2,0,44,51,Monza,87.656
7,11,2,39,51,Monza,87.1
8,18,1,35,51,Monza,87.362
9,2,1,39,51,Monza,87.312
10,13,2,39,51,Monza,87.539
11,17,1,44,51,Monza,87.369
12,5,1,44,51,Monza,87.81
13,13,1,32,51,Monza,88.222
14,13,2,42,51,Monza,88.057
15,19,0,42,51,Monza,88.179
16,6,2,37,51,Monza,88.08
17,3,0,43,51,Monza,87.909
18,19,1,38,51,Monza,88.401
19,9,0,42,51,Monza,88.05
20,16,1,31,51,Monza,93.026
21,13,2,33,51,Monza,108.851
22,19,0,30,51,Monza,86.742
23,1,0,34,51,Monza,86.968
24,16,2,37,51,Monza,87.34
25,4,2,32,51,Monza,87.176
26,13,2,38,51,Monza,87.259
27,15,2,42,51,Monza,86.675
28,6,1,30,51,Monza,87.085
29,12,1,35,51,Monza,86.809
30,16,1,36,51,Monza,86.924
31,15,1,42,51,Monza,86.617
32,7,1,30,51,Monza,86.832
33,15,1,36,51,Monza,87.121
34,19,0,36,51,Monza,87.298
35,12,2,41,51,Monza,86.97
36,17,1,41,51,Monza,87.096
37,2,1,32,51,Monza,87.373
38,13,2,44,51,Monza,86.902
39,14,1,32,51,Monza,86.904
40,5,2,38,51,Monza,87.072
41,1,1,32,51,Monza,86.916
42,11,2,34,51,Monza,87.067
43,10,2,33,51,Monza,91.134
44,15,0,32,51,Monza,88.214
45,19,2,39,51,Monza,88.336
46,1,1,34,51,Monza,87.153
47,10,0,34,51,Monza,87.267
48,11,0,39,51,Monza,87.59
49,9,0,43,51,Monza,89.467
50,7,1,30,51,Monza,90.661
51,14,1,35,51,Monza,90.865
2,6,0,43,78,Monaco,177.857
3,5,1,38,78,Monaco,84.624
4,6,2,39,78,Monaco,82.625
5,11,0,39,78,Monaco,81.795
6,8,2,35,78,Monaco,81.145
7,7,1,35,78,Monaco,80.98
8,9,0,37,78,Monaco,81.03
9,11,2,40,78,Monaco,80.114
10,16,1,41,78,Monaco,80.775
11,6,0,43,78,Monaco,81.046
12,2,0,38,78,Monaco,80.252
13,18,2,38,78,Monaco,79.017
14,9,1,34,78,Monaco,79.913
15,7,1,43,78,Monaco,79.838
16,6,2,31,78,Monaco,80.156
17,9,1,41,78,Monaco,80.279
18,17,1,32,78,Monaco,79.58
19,1,2,31,78,Monaco,78.842
20,3,1,36,78,Monaco,78.724
21,2,2,38,78,Monaco,78.472
22,15,1,43,78,Monaco,78.62
23,13,0,44,78,Monaco,78.458
24,15,1,38,78,Monaco,78.725
25,7,0,35,78,Monaco,78.973
26,16,0,31,78,Monaco,78.445
27,2,1,32,78,Monaco,78.351
28,6,1,39,78,Monaco,78.71
29,4,0,44,78,Monaco,79.053
30,13,1,35,78,Monaco,79.935
31,3,1,38,78,Monaco,78.393
32,19,1,31,78,Monaco,79.125
33,15,1,30,78,Monaco,78.494
34,5,1,41,78,Monaco,79.319
35,5,0,30,78,Monaco,78.53
36,9,2,33,78,Monaco,78.689
37,18,2,41,78,Monaco,78.925
38,5,2,37,78,Monaco,78.528
39,8,1,32,78,Monaco,78.181
40,3,1,44,78,Monaco,78.733
41,2,0,32,78,Monaco,78.694
42,8,2,42,78,Monaco,79.277
43,13,0,41,78,Monaco,77.865
44,2,2,35,78,Monaco,78.276
45,10,2,38,78,Monaco,78.541
46,1,0,39,78,Monaco,78.567
47,10,0,36,78,Monaco,79.185
48,17,2,43,78,Monaco,77.941
49,7,2,31,78,Monaco,78.506
50,19,1,33,78,Monaco,78.185
51,5,1,37,78,Monaco,77.79
52,4,0,36,78,Monaco,78.311
53,19,2,38,78,Monaco,77.748
54,5,1,40,78,Monaco,77.357
55,19,2,36,78,Monaco,77.444
56,16,1,35,78,Monaco,77.266
57,12,0,43,78,Monaco,77.64
58,10,2,34,78,Monaco,77.028
59,10,1,43,78,Monaco,77.034
60,11,2,34,78,Monaco,76.414
61,4,0,39,78,Monaco,76.863
62,3,2,30,78,Monaco,77.454
63,8,1,40,78,Monaco,76.971
64,4,2,35,78,Monaco,76.56
65,17,0,33,78,Monaco,76.607
66,17,1,36,78,Monaco,76.489
67,5,1,35,78,Monaco,75.941
68,9,2,30,78,Monaco,76.082
69,12,0,37,78,Monaco,76.373
70,3,1,32,78,Monaco,75.767
71,4,1,39,78,Monaco,75.162
72,4,2,35,78,Monaco,75.547
73,12,2,34,78,Monaco,76.219
74,5,1,34,78,Monaco,76.105
75,9,2,35,78,Monaco,76.387
76,10,1,30,78,Monaco,76.808
77,5,1,33,78,Monaco,76.933
78,19,1,37,78,Monaco,78.636
2,14,1,44,78,Monaco,176.127
3,1,0,44,78,Monaco,84.953
4,5,1,35,78,Monaco,82.314
5,2,1,31,78,Monaco,82.019
6,19,1,32,78,Monaco,81.354
7,17,1,40,78,Monaco,80.808
8,7,2,40,78,Monaco,81.058
9,7,2,44,78,Monaco,79.906
10,14,1,44,78,Monaco,80.89
11,7,0,35,78,Monaco,80.898
12,10,0,33,78,Monaco,80.135
13,3,1,44,78,Monaco,78.745
14,13,0,36,78,Monaco,80.014
15,11,1,38,78,Monaco,80.264
16,2,1,37,78,Monaco,79.829
17,6,1,43,78,Monaco,80.028
18,6,1,40,78,Monaco,79.832
19,4,0,35,78,Monaco,79.179
20,19,1,36,78,Monaco,79.055
21,11,0,41,78,Monaco,78.601
22,8,1,40,78,Monaco,78.585
23,14,0,35,78,Monaco,78.658
24,16,2,39,78,Monaco,78.636
25,10,2,31,78,Monaco,78.784
26,16,0,36,78,Monaco,78.44
27,13,0,40,78,Monaco,78.523
28,9,2,38,78,Monaco,78.791
29,3,1,39,78,Monaco,79.01
30,2,0,34,78,Monaco,79.396
31,13,1,33,78,Monaco,78.449
32,4,1,30,78,Monaco,78.969
33,5,2,33,78,Monaco,79.06
34,6,0,43,78,Monaco,78.978
35,8,2,34,78,Monaco,78.605
36,2,0,43,78,Monaco,78.882
37,1,0,44,78,Monaco,78.612
38,5,2,30,78,Monaco,78.731
39,19,1,37,78,Monaco,78.362
40,10,1,32,78,Monaco,78.951
41,7,2,44,78,Monaco,78.846
42,15,2,43,78,Monaco,79.795
43,11,0,34,78,Monaco,78.198
44,12,0,39,78,Monaco,78.277
45,3,2,30,78,Monaco,78.082
46,3,1,34,78,Monaco,78.623
47,18,1,33,78,Monaco,78.399
48,9,0,30,78,Monaco,78.395
49,18,2,31,78,Monaco,78.136
50,13,1,43,78,Monaco,78.35
51,1,0,33,78,Monaco,77.909
52,12,1,32,78,Monaco,78.214
53,4,1,31,78,Monaco,77.609
54,8,0,30,78,Monaco,77.362
55,8,2,41,78,Monaco,77.445
56,17,0,44,78,Monaco,77.456
57,9,0,41,78,Monaco,77.3
58,6,1,33,78,Monaco,77.344
59,13,2,40,78,Monaco,77.042
60,16,1,31,78,Monaco,76.617
61,17,1,39,78,Monaco,76.771
62,15,0,43,78,Monaco,77.095
63,8,0,38,78,Monaco,76.921
64,1,1,37,78,Monaco,76.909
65,2,0,32,78,Monaco,76.391
66,13,0,30,78,Monaco,76.64
67,12,2,37,78,Monaco,76.596
68,8,2,44,78,Monaco,76.601
69,16,2,40,78,Monaco,77.371
70,15,2,30,78,Monaco,77.27
71,2,2,39,78,Monaco,77.184
72,3,0,37,78,Monaco,76.652
73,17,2,44,78,Monaco,76.281
74,6,1,35,78,Monaco,76.356
75,18,0,36,78,Monaco,76.644
76,5,0,34,78,Monaco,76.59
77,1,1,42,78,Monaco,76.734
78,17,1,40,78,Monaco,77.126
2,14,0,37,78,Monaco,172.664
3,12,2,33,78,Monaco,85.012
4,6,1,43,78,Monaco,82.358
5,16,2,38,78,Monaco,81.978
6,3,2,30,78,Monaco,81.163
7,6,2,39,78,Monaco,81.466
8,4,0,30,78,Monaco,80.272
9,14,0,34,78,Monaco,80.525
10,13,2,35,78,Monaco,81.259
11,2,2,30,78,Monaco,80.246
12,19,1,34,78,Monaco,79.974
13,6,1,37,78,Monaco,80.017
14,14,0,39,78,Monaco,79.48
15,12,1,44,78,Monaco,79.543
16,1,2,40,78,Monaco,80.579
17,11,0,31,78,Monaco,80.076
18,12,2,35,78,Monaco,79.177
19,10,0,31,78,Monaco,79.445
20,9,0,32,78,Monaco,79.403
21,17,1,37,78,Monaco,78.917
22,7,2,37,78,Monaco,78.889
23,10,0,34,78,Monaco,78.993
24,16,2,37,78,Monaco,78.568
25,3,2,41,78,Monaco,78.537
26,8,2,36,78,Monaco,78.088
27,14,0,36,78,Monaco,79.49
28,19,1,36,78,Monaco,79.281
29,18,1,44,78,Monaco,78.697
30,7,2,44,78,Monaco,77.326
31,8,0,35,78,Monaco,79.784
32,10,2,39,78,Monaco,80.136
33,14,2,40,78,Monaco,78.778
34,14,1,37,78,Monaco,79.013
35,1,1,44,78,Monaco,78.465
36,4,1,40,78,Monaco,79.275
37,19,0,30,78,Monaco,77.577
38,15,2,43,78,Monaco,78.412
39,11,2,39,78,Monaco,78.31
40,19,1,34,78,Monaco,78.653
41,16,2,38,78,Monaco,78.714
42,10,0,30,78,Monaco,79.171
43,7,1,34,78,Monaco,79.594
44,10,0,43,78,Monaco,78.762
45,8,0,38,78,Monaco,77.885
46,14,1,35,78,Monaco,78.731
47,14,1,38,78,Monaco,78.141
48,3,2,34,78,Monaco,77.894
49,3,1,30,78,Monaco,78.259
50,2,2,32,78,Monaco,78.545
51,8,1,30,78,Monaco,77.528
52,3,2,38,78,Monaco,78.094
53,14,1,39,78,Monaco,77.759
54,8,0,31,78,Monaco,77.742
55,12,2,42,78,Monaco,78.661
56,12,1,40,78,Monaco,78.119
57,6,0,32,78,Monaco,77.599
58,16,1,42,78,Monaco,77.501
59,16,1,34,78,Monaco,77.134
60,7,0,40,78,Monaco,75.159
61,9,2,35,78,Monaco,79.046
62,8,0,34,78,Monaco,74.726
63,15,2,41,78,Monaco,78.207
64,15,0,31,78,Monaco,74.813
65,12,2,31,78,Monaco,78.137
66,19,0,44,78,Monaco,75.409
67,8,1,39,78,Monaco,76.847
68,2,0,38,78,Monaco,75.595
69,12,1,38,78,Monaco,76.218
70,17,1,38,78,Monaco,77.117
71,1,1,32,78,Monaco,77.214
72,12,0,32,78,Monaco,76.785
73,19,0,43,78,Monaco,76.417
74,3,2,31,78,Monaco,76.063
75,10,0,30,78,Monaco,76.905
76,17,2,43,78,Monaco,76.328
77,14,2,33,78,Monaco,76.701
78,13,0,37,78,Monaco,77.072
2,15,1,42,78,Monaco,167.666
3,17,1,30,78,Monaco,85.283
4,1,1,42,78,Monaco,82.782
5,8,0,39,78,Monaco,82.147
6,14,1,41,78,Monaco,81.804
7,15,1,31,78,Monaco,80.828
8,2,0,32,78,Monaco,80.82
9,2,2,35,78,Monaco,80.397
10,15,1,33,78,Monaco,80.972
11,8,1,44,78,Monaco,80.87
12,12,2,41,78,Monaco,79.933
13,15,1,38,78,Monaco,79.82
14,6,0,41,78,Monaco,79.385
15,3,0,34,78,Monaco,79.775
16,10,0,34,78,Monaco,79.637
17,12,1,35,78,Monaco,80.337
18,1,0,44,78,Monaco,79.398
19,16,1,33,78,Monaco,79.28
20,12,0,31,78,Monaco,79.043
21,6,0,38,78,Monaco,78.983
22,9,0,35,78,Monaco,78.981
23,2,2,42,78,Monaco,79.194
24,1,2,36,78,Monaco,78.699
25,3,0,40,78,Monaco,78.64
26,15,2,40,78,Monaco,78.396
27,11,2,35,78,Monaco,78.72
28,4,1,39,78,Monaco,79.238
29,1,0,33,78,Monaco,78.766
30,3,0,37,78,Monaco,78.403
31,13,0,32,78,Monaco,78.78
32,12,1,37,78,Monaco,79.538
33,1,0,34,78,Monaco,79.233
34,11,1,35,78,Monaco,79.243
35,16,2,30,78,Monaco,78.714
36,13,2,42,78,Monaco,78.582
37,6,2,38,78,Monaco,77.958
38,3,1,41,78,Monaco,77.994
39,7,1,42,78,Monaco,78.303
40,17,2,37,78,Monaco,78.824
41,15,0,39,78,Monaco,78.519
42,7,0,34,78,Monaco,79.436
43,2,0,35,78,Monaco,79.796
44,10,1,35,78,Monaco,78.906
45,15,1,41,78,Monaco,77.897
46,6,0,33,78,Monaco,78.215
47,12,2,35,78,Monaco,78.141
48,12,0,31,78,Monaco,77.975
49,18,2,33,78,Monaco,78.177
50,6,0,37,78,Monaco,78.218
51,8,1,42,78,Monaco,77.772
52,4,2,30,78,Monaco,78.223
53,3,2,32,78,Monaco,77.57
54,15,0,31,78,Monaco,77.838
55,15,0,38,78,Monaco,78.382
56,2,2,40,78,Monaco,78.155
57,9,1,38,78,Monaco,77.815
58,12,1,40,78,Monaco,77.395
59,7,2,38,78,Monaco,77.122
60,11,0,33,78,Monaco,76.695
61,9,0,42,78,Monaco,77.614
62,15,1,37,78,Monaco,76.026
63,1,1,38,78,Monaco,76.876
64,12,1,32,78,Monaco,75.742
65,6,0,37,78,Monaco,77.143
66,12,0,31,78,Monaco,76.214
67,5,1,31,78,Monaco,76.115
68,13,1,36,78,Monaco,76.172
69,18,2,32,78,Monaco,76.314
70,7,1,42,78,Monaco,77.213
71,5,1,37,78,Monaco,76.609
72,19,1,38,78,Monaco,76.801
73,5,1,37,78,Monaco,76.285
74,18,0,44,78,Monaco,76.429
75,12,2,36,78,Monaco,76.517
76,15,1,36,78,Monaco,76.671
77,10,2,41,78,Monaco,76.512
78,8,2,31,78,Monaco,77.296
2,2,1,39,78,Monaco,162.166
3,6,0,33,78,Monaco,85.319
4,15,1,40,78,Monaco,82.868
5,9,1,36,78,Monaco,83.045
6,7,0,30,78,Monaco,83.012
7,3,1,32,78,Monaco,81.415
8,15,0,36,78,Monaco,81.612
9,15,1,34,78,Monaco,81.433
10,18,0,32,78,Monaco,81.531
11,16,2,36,78,Monaco,81.452
12,3,1,35,78,Monaco,80.316
13,6,2,37,78,Monaco,80.525
14,16,1,41,78,Monaco,80.272
15,9,1,37,78,Monaco,80.202
16,11,0,39,78,Monaco,79.913
17,13,0,44,78,Monaco,80.15
18,16,0,39,78,Monaco,79.438
19,10,0,35,78,Monaco,80.157
20,10,0,37,78,Monaco,80.053
21,11,1,33,78,Monaco,79.788
22,11,0,30,78,Monaco,79.691
23,12,2,43,78,Monaco,79.397
24,16,2,44,78,Monaco,79.484
25,9,2,43,78,Monaco,78.651
26,9,0,36,78,Monaco,79.006
27,15,0,43,78,Monaco,78.927
28,15,0,34,78,Monaco,78.679
29,7,1,40,78,Monaco,78.624
30,15,1,32,78,Monaco,78.811
31,11,0,33,78,Monaco,79.101
32,17,0,42,78,Monaco,79.122
33,6,0,40,78,Monaco,78.91
34,12,0,35,78,Monaco,79.379
35,10,0,31,78,Monaco,80.448
36,19,0,42,78,Monaco,79.728
37,14,1,32,78,Monaco,78.757
38,17,1,38,78,Monaco,78.446
39,4,0,42,78,Monaco,78.45
40,10,0,37,78,Monaco,78.139
41,4,2,32,78,Monaco,78.308
42,7,1,32,78,Monaco,78.204
43,11,2,39,78,Monaco,78.684
44,7,2,31,78,Monaco,78.177
45,7,0,39,78,Monaco,78.449
46,13,0,39,78,Monaco,78.387
47,7,1,41,78,Monaco,78.314
48,15,2,33,78,Monaco,78.702
49,3,1,38,78,Monaco,78.985
50,2,0,39,78,Monaco,78.447
51,3,1,40,78,Monaco,78.049
52,19,2,39,78,Monaco,78.602
53,7,0,40,78,Monaco,80.891
54,1,2,32,78,Monaco,78.201
55,11,2,34,78,Monaco,77.305
56,11,1,36,78,Monaco,77.071
57,5,2,35,78,Monaco,76.91
58,16,0,31,78,Monaco,77.142
59,2,2,40,78,Monaco,76.842
60,1,0,35,78,Monaco,76.604
61,16,1,31,78,Monaco,76.697
62,14,2,36,78,Monaco,76.787
63,7,1,40,78,Monaco,76.581
64,10,2,39,78,Monaco,76.133
65,1,1,30,78,Monaco,75.651
66,14,2,43,78,Monaco,75.848
67,13,1,42,78,Monaco,76.157
68,1,0,38,78,Monaco,75.931
69,12,0,42,78,Monaco,75.869
70,18,2,30,78,Monaco,75.251
71,15,0,34,78,Monaco,75.827
72,4,2,44,78,Monaco,75.839
73,9,2,40,78,Monaco,75.228
74,8,2,34,78,Monaco,75.376
75,17,1,43,78,Monaco,75.525
76,7,0,36,78,Monaco,75.753
77,14,0,39,78,Monaco,75.532
78,16,2,31,78,Monaco,76.303
2,15,1,36,78,Monaco,157.443
3,10,1,44,78,Monaco,85.744
4,10,0,33,78,Monaco,83.275
5,2,2,33,78,Monaco,83.4
6,10,0,39,78,Monaco,83.787
7,16,1,41,78,Monaco,81.283
8,13,1,32,78,Monaco,81.657
9,10,0,36,78,Monaco,81.74
10,1,1,35,78,Monaco,81.244
11,13,1,41,78,Monaco,81.492
12,7,2,43,78,Monaco,80.659
13,18,2,44,78,Monaco,79.904
14,13,1,37,78,Monaco,79.723
15,13,1,36,78,Monaco,80.37
16,1,2,42,78,Monaco,80.287
17,4,0,42,78,Monaco,79.898
18,8,1,30,78,Monaco,79.58
19,1,2,36,78,Monaco,80.171
20,13,0,40,78,Monaco,79.886
21,13,1,37,78,Monaco,80.255
22,13,2,34,78,Monaco,79.813
23,6,1,44,78,Monaco,78.979
24,16,2,38,78,Monaco,79.364
25,15,1,37,78,Monaco,79.38
26,7,2,39,78,Monaco,78.818
27,4,1,40,78,Monaco,78.797
28,14,1,32,78,Monaco,78.682
29,2,2,35,78,Monaco,78.795
30,10,1,40,78,Monaco,78.574
31,8,1,43,78,Monaco,78.564
32,7,0,34,78,Monaco,78.983
33,1,1,33,78,Monaco,79.005
34,13,0,32,78,Monaco,79.594
35,11,1,43,78,Monaco,80.207
36,12,0,33,78,Monaco,79.634
37,9,2,41,78,Monaco,79.429
38,12,1,30,78,Monaco,78.844
39,6,2,31,78,Monaco,78.326
40,19,0,30,78,Monaco,78.409
41,2,1,31,78,Monaco,78.083
42,1,1,32,78,Monaco,78.074
43,17,0,35,78,Monaco,78.358
44,1,1,42,78,Monaco,78.405
45,10,1,30,78,Monaco,78.313
46,4,0,37,78,Monaco,78.203
47,4,2,31,78,Monaco,78.537
48,9,2,44,78,Monaco,78.337
49,9,2,30,78,Monaco,78.477
50,2,1,37,78,Monaco,78.88
51,11,0,42,78,Monaco,78.142
52,7,0,40,78,Monaco,93.905
53,17,0,36,78,Monaco,78.724
54,3,1,33,78,Monaco,75.815
55,5,2,43,78,Monaco,75.398
56,5,1,35,78,Monaco,75.466
57,15,2,31,78,Monaco,76.181
58,13,0,32,78,Monaco,74.569
59,4,1,31,78,Monaco,74.748
60,9,1,30,78,Monaco,75.238
61,3,1,33,78,Monaco,75.121
62,16,0,39,78,Monaco,76.561
63,8,1,42,78,Monaco,76.547
64,10,1,38,78,Monaco,76.619
65,11,1,31,78,Monaco,75.468
66,19,2,30,78,Monaco,76.121
67,4,0,30,78,Monaco,76.276
68,2,2,43,78,Monaco,75.954
69,8,1,41,78,Monaco,75.463
70,13,0,32,78,Monaco,75.449
71,1,0,42,78,Monaco,75.659
72,16,1,32,78,Monaco,75.733
73,3,2,43,78,Monaco,75.436
74,14,1,34,78,Monaco,75.38
75,5,0,30,78,Monaco,75.396
76,12,1,30,78,Monaco,75.641
77,8,2,40,78,Monaco,75.543
78,6,1,43,78,Monaco,76.248
2,6,0,37,78,Monaco,152.812
3,15,2,37,78,Monaco,87.058
4,19,0,36,78,Monaco,83.376
5,16,2,30,78,Monaco,83.64
6,7,1,39,78,Monaco,83.369
7,18,1,39,78,Monaco,81.463
8,4,2,42,78,Monaco,81.612
9,11,2,43,78,Monaco,81.851
10,17,2,36,78,Monaco,81.437
11,1,2,33,78,Monaco,81.325
12,9,2,40,78,Monaco,81.164
13,14,1,40,78,Monaco,80.171
14,13,1,37,78,Monaco,80.126
15,14,0,40,78,Monaco,79.971
16,2,1,40,78,Monaco,80.384
17,6,2,34,78,Monaco,79.738
18,19,0,41,78,Monaco,80.037
19,1,2,33,78,Monaco,79.874
20,13,2,30,78,Monaco,80.504
21,12,0,43,78,Monaco,79.76
22,19,1,38,78,Monaco,80.59
23,16,2,44,78,Monaco,79.089
24,3,0,32,78,Monaco,78.785
25,15,2,31,78,Monaco,79.342
26,12,1,35,78,Monaco,79.862
27,8,1,34,78,Monaco,78.549
28,9,1,43,78,Monaco,78.587
29,12,0,41,78,Monaco,78.94
30,6,1,38,78,Monaco,78.371
31,18,0,39,78,Monaco,78.471
32,6,1,44,78,Monaco,78.618
33,5,0,36,78,Monaco,78.746
34,14,1,41,78,Monaco,78.86
35,15,1,43,78,Monaco,79.518
36,18,2,42,78,Monaco,80.648
37,14,2,35,78,Monaco,78.605
38,2,1,43,78,Monaco,80.514
39,17,2,36,78,Monaco,78.943
40,15,1,37,78,Monaco,78.673
41,5,1,43,78,Monaco,78.946
42,9,2,35,78,Monaco,77.542
43,17,0,44,78,Monaco,77.867
44,16,0,44,78,Monaco,78.225
45,5,0,43,78,Monaco,78.156
46,19,1,42,78,Monaco,78.104
47,17,0,43,78,Monaco,78.331
48,7,2,44,78,Monaco,77.831
49,11,1,40,78,Monaco,77.398
50,11,1,32,78,Monaco,78.461
51,15,1,38,78,Monaco,95.209
52,5,1,31,78,Monaco,79.702
53,7,2,38,78,Monaco,76.458
54,9,2,31,78,Monaco,76.388
55,11,0,44,78,Monaco,76.492
56,13,2,38,78,Monaco,74.423
57,16,1,34,78,Monaco,77.857
58,8,2,39,78,Monaco,76.855
59,13,1,35,78,Monaco,74.204
60,1,2,31,78,Monaco,75.848
61,17,1,32,78,Monaco,75.274
62,10,0,34,78,Monaco,75.414
63,9,1,34,78,Monaco,74.165
64,12,0,42,78,Monaco,76.164
65,3,0,40,78,Monaco,75.19
66,2,0,42,78,Monaco,75.342
67,8,0,37,78,Monaco,76.117
68,11,1,39,78,Monaco,75.836
69,9,2,40,78,Monaco,75.648
70,15,0,44,78,Monaco,75.638
71,6,0,30,78,Monaco,75.643
72,16,1,31,78,Monaco,75.468
73,15,1,35,78,Monaco,75.134
74,9,1,33,78,Monaco,75.324
75,13,0,30,78,Monaco,75.324
76,3,2,30,78,Monaco,75.245
77,8,0,36,78,Monaco,75.697
78,8,1,38,78,Monaco,76.355
2,19,1,35,78,Monaco,148.277
3,17,1,39,78,Monaco,87.563
4,7,1,38,78,Monaco,83.327
5,15,0,34,78,Monaco,83.493
6,3,1,38,78,Monaco,83.224
7,11,2,36,78,Monaco,81.826
8,15,1,42,78,Monaco,81.651
9,8,0,32,78,Monaco,81.896
10,1,0,41,78,Monaco,81.591
11,4,1,30,78,Monaco,81.289
12,14,0,35,78,Monaco,81.089
13,14,1,36,78,Monaco,80.682
14,15,1,41,78,Monaco,81.249
15,4,2,44,78,Monaco,80.099
16,7,1,37,78,Monaco,80.847
17,1,1,40,78,Monaco,80.335
18,13,2,41,78,Monaco,80.612
19,9,1,32,78,Monaco,80.77
20,17,2,35,78,Monaco,79.991
21,3,2,41,78,Monaco,80.557
22,13,2,37,78,Monaco,80.875
23,3,0,30,78,Monaco,80.45
24,2,1,40,78,Monaco,80.386
25,18,0,42,78,Monaco,80.329
26,15,2,42,78,Monaco,80.448
27,13,0,34,78,Monaco,80.286
28,5,0,30,78,Monaco,80.184
29,12,2,40,78,Monaco,79.837
30,4,0,37,78,Monaco,80.495
31,18,0,33,78,Monaco,80.19
32,11,1,39,78,Monaco,81.023
33,6,1,44,78,Monaco,80.749
34,11,0,39,78,Monaco,79.153
35,19,0,36,78,Monaco,78.973
36,15,1,40,78,Monaco,79.472
37,19,1,42,78,Monaco,80.071
38,13,1,35,78,Monaco,80.117
39,17,0,42,78,Monaco,79.855
40,19,1,30,78,Monaco,79.745
41,6,2,37,78,Monaco,80.772
42,10,1,44,78,Monaco,80.32
43,15,0,39,78,Monaco,80.135
44,8,2,31,78,Monaco,80.394
45,15,2,43,78,Monaco,80.144
46,13,0,39,78,Monaco,80.294
47,9,1,42,78,Monaco,80.426
48,10,0,31,78,Monaco,80.543
49,5,2,36,78,Monaco,80.109
50,4,2,44,78,Monaco,79.553
51,15,2,42,78,Monaco,78.64
52,8,1,31,78,Monaco,80.114
53,19,0,40,78,Monaco,79.854
54,19,1,41,78,Monaco,85.77
55,18,2,39,78,Monaco,79.781
56,1,1,32,78,Monaco,78.502
57,14,0,38,78,Monaco,78.499
58,7,2,41,78,Monaco,78.737
59,4,0,43,78,Monaco,78.035
60,4,2,36,78,Monaco,79.659
61,7,0,39,78,Monaco,80.298
62,5,0,39,78,Monaco,79.375
63,17,1,36,78,Monaco,83.218
64,19,1,38,78,Monaco,77.631
65,7,2,40,78,Monaco,77.019
66,13,0,39,78,Monaco,78.197
67,12,1,31,78,Monaco,78.148
68,18,0,39,78,Monaco,78.209
69,15,1,42,78,Monaco,80.032
70,15,1,38,78,Monaco,79.347
71,10,2,30,78,Monaco,78.258
72,11,0,40,78,Monaco,77.079
73,13,1,36,78,Monaco,75.955
74,18,1,35,78,Monaco,75.462
75,17,1,37,78,Monaco,74.992
76,15,2,43,78,Monaco,75.205
77,19,1,36,78,Monaco,74.72
2,9,1,33,78,Monaco,142.255
3,11,1,30,78,Monaco,87.834
4,8,0,33,78,Monaco,83.286
5,13,1,44,78,Monaco,83.369
6,9,1,42,78,Monaco,83.416
7,6,0,33,78,Monaco,81.913
8,12,2,43,78,Monaco,81.536
9,16,0,44,78,Monaco,82.004
10,10,2,36,78,Monaco,81.562
11,13,1,31,78,Monaco,81.514
12,4,2,36,78,Monaco,80.821
13,9,0,43,78,Monaco,81.42
14,17,2,43,78,Monaco,80.591
15,2,2,41,78,Monaco,80.591
16,2,1,40,78,Monaco,80.793
17,16,2,33,78,Monaco,81.137
18,17,1,40,78,Monaco,80.042
19,17,0,39,78,Monaco,80.245
20,3,2,37,78,Monaco,80.36
21,19,0,42,78,Monaco,80.937
22,16,0,34,78,Monaco,80.542
23,15,1,36,78,Monaco,80.143
24,4,0,43,78,Monaco,80.517
25,11,1,33,78,Monaco,80.323
26,15,1,32,78,Monaco,80.463
27,3,0,32,78,Monaco,80.509
28,18,2,41,78,Monaco,79.51
29,11,0,34,78,Monaco,80.271
30,1,2,32,78,Monaco,81.439
31,10,0,32,78,Monaco,80.941
32,5,1,31,78,Monaco,80.148
33,12,2,34,78,Monaco,79.491
34,8,2,31,78,Monaco,79.134
35,5,1,43,78,Monaco,78.816
36,17,0,35,78,Monaco,81.628
37,5,0,44,78,Monaco,80.775
38,5,1,33,78,Monaco,80.314
39,5,0,31,78,Monaco,80.389
40,16,1,36,78,Monaco,79.812
41,18,0,36,78,Monaco,79.329
42,2,0,41,78,Monaco,80.084
43,1,1,34,78,Monaco,79.496
44,5,2,44,78,Monaco,79.683
45,12,0,44,78,Monaco,81.748
46,17,0,37,78,Monaco,80.594
47,11,1,35,78,Monaco,80.462
48,5,2,30,78,Monaco,79.321
49,14,0,37,78,Monaco,79.378
50,8,0,32,78,Monaco,79.268
51,12,1,37,78,Monaco,78.863
52,6,2,34,78,Monaco,81.554
53,12,1,38,78,Monaco,80.7
54,1,0,33,78,Monaco,83.647
55,5,1,36,78,Monaco,79.085
56,2,2,42,78,Monaco,78.796
57,15,1,37,78,Monaco,78.271
58,19,2,42,78,Monaco,78.69
59,1,1,34,78,Monaco,78.201
60,2,1,38,78,Monaco,79.533
61,9,0,34,78,Monaco,80.222
62,15,0,30,78,Monaco,79.506
63,15,2,40,78,Monaco,83.085
64,3,2,43,78,Monaco,77.911
65,10,2,36,78,Monaco,77.261
66,2,1,32,78,Monaco,78.003
67,6,2,35,78,Monaco,77.874
68,9,0,30,78,Monaco,78.385
69,10,1,42,78,Monaco,79.921
70,9,2,44,78,Monaco,79.37
71,7,2,35,78,Monaco,78.957
72,7,2,39,78,Monaco,78.165
73,5,1,35,78,Monaco,78.432
74,1,0,30,78,Monaco,78.014
75,9,1,42,78,Monaco,77.85
76,13,2,39,78,Monaco,77.279
77,14,0,30,78,Monaco,77.06
2,12,2,38,78,Monaco,139.618
3,10,0,39,78,Monaco,88.269
4,9,0,36,78,Monaco,83.269
5,15,0,43,78,Monaco,83.428
6,9,1,31,78,Monaco,83.106
7,15,0,31,78,Monaco,82.233
8,18,2,40,78,Monaco,81.6
9,14,1,32,78,Monaco,82.071
10,16,1,39,78,Monaco,81.394
11,18,0,44,78,Monaco,81.298
12,12,0,35,78,Monaco,81.289
13,1,2,34,78,Monaco,81.53
14,1,2,33,78,Monaco,79.92
15,19,0,38,78,Monaco,81.066
16,6,0,44,78,Monaco,81.054
17,9,1,43,78,Monaco,81.961
18,14,0,39,78,Monaco,80.797
19,13,2,34,78,Monaco,79.904
20,7,2,37,78,Monaco,80.255
21,19,1,33,78,Monaco,79.876
22,12,1,36,78,Monaco,80.554
23,1,2,32,78,Monaco,81.306
24,13,2,41,78,Monaco,80.949
25,6,0,42,78,Monaco,80.372
26,19,0,36,78,Monaco,80.593
27,15,1,35,78,Monaco,80.521
28,10,0,36,78,Monaco,80.229
29,8,0,37,78,Monaco,79.376
30,10,1,41,78,Monaco,81.764
31,11,2,36,78,Monaco,81.427
32,5,0,34,78,Monaco,81.121
33,8,0,36,78,Monaco,80.965
34,12,2,35,78,Monaco,80.751
35,1,1,34,78,Monaco,79.361
36,4,1,30,78,Monaco,79.576
37,18,2,41,78,Monaco,79.975
38,12,1,37,78,Monaco,79.428
39,10,0,35,78,Monaco,80.32
40,13,1,33,78,Monaco,80.384
41,9,1,30,78,Monaco,80.2
42,9,1,30,78,Monaco,79.977
43,17,1,41,78,Monaco,81.048
44,4,1,40,78,Monaco,80.621
45,11,1,38,78,Monaco,79.382
46,10,0,33,78,Monaco,79.97
47,5,1,33,78,Monaco,79.435
48,14,1,34,78,Monaco,79.865
49,19,1,43,78,Monaco,80.534
50,5,0,41,78,Monaco,81.023
51,3,2,37,78,Monaco,84.473
52,14,1,41,78,Monaco,79.743
53,1,1,31,78,Monaco,79.917
54,2,1,35,78,Monaco,79.091
55,11,2,37,78,Monaco,79.407
56,10,1,37,78,Monaco,79.704
57,14,1,33,78,Monaco,79.448
58,6,2,32,78,Monaco,79.097
59,10,2,43,78,Monaco,81.378
60,3,1,33,78,Monaco,80.237
61,14,2,32,78,Monaco,80.407
62,13,1,38,78,Monaco,78.469
63,13,1,36,78,Monaco,79.155
64,9,1,34,78,Monaco,78.868
65,19,2,39,78,Monaco,79.22
66,15,2,39,78,Monaco,78.726
67,12,1,31,78,Monaco,78.624
68,17,1,39,78,Monaco,78.545
69,2,1,32,78,Monaco,78.363
70,2,2,44,78,Monaco,77.799
71,2,0,44,78,Monaco,78.14
72,8,0,42,78,Monaco,78.382
73,13,0,42,78,Monaco,77.992
74,8,0,32,78,Monaco,76.689
75,13,1,34,78,Monaco,78.12
76,19,1,36,78,Monaco,77.516
77,3,1,36,78,Monaco,75.625
2,1,2,32,78,Monaco,134.844
3,5,1,43,78,Monaco,88.303
4,3,1,41,78,Monaco,83.354
5,1,0,41,78,Monaco,83.731
6,11,0,31,78,Monaco,82.977
7,12,0,37,78,Monaco,82.634
8,18,1,43,78,Monaco,81.653
9,18,1,30,78,Monaco,82.09
10,5,1,36,78,Monaco,81.725
11,15,0,42,78,Monaco,81.517
12,3,1,41,78,Monaco,81.471
13,9,0,40,78,Monaco,81.314
14,5,0,40,78,Monaco,80.427
15,9,1,39,78,Monaco,80.781
16,6,1,35,78,Monaco,81.189
17,15,2,33,78,Monaco,81.97
18,2,1,32,78,Monaco,80.698
19,15,2,44,78,Monaco,80.353
20,2,1,31,78,Monaco,79.398
21,4,1,34,78,Monaco,79.016
22,5,2,37,78,Monaco,81.307
23,14,0,36,78,Monaco,81.188
24,19,1,36,78,Monaco,81.621
25,15,0,33,78,Monaco,80.506
26,6,0,31,78,Monaco,80.589
27,4,0,35,78,Monaco,80.307
28,12,1,34,78,Monaco,80.131
29,4,0,30,78,Monaco,79.464
30,9,0,37,78,Monaco,81.422
31,11,1,41,78,Monaco,82.535
32,10,1,31,78,Monaco,81.252
33,3,0,32,78,Monaco,80.536
34,13,2,36,78,Monaco,79.789
35,19,1,39,78,Monaco,79.497
36,4,1,38,78,Monaco,79.297
37,14,0,33,78,Monaco,79.638
38,11,1,35,78,Monaco,79.706
39,18,0,35,78,Monaco,79.867
40,13,2,42,78,Monaco,80.45
41,13,2,39,78,Monaco,80.2
42,6,1,33,78,Monaco,97.062
43,12,1,40,78,Monaco,82.775
44,14,0,36,78,Monaco,78.551
45,3,1,43,78,Monaco,78.806
46,17,1,41,78,Monaco,78.296
47,17,2,36,78,Monaco,78.062
48,13,1,37,78,Monaco,109.132
49,5,2,34,78,Monaco,79.089
50,11,1,44,78,Monaco,77.788
51,5,2,39,78,Monaco,76.982
52,16,1,44,78,Monaco,77.35
53,13,2,41,78,Monaco,81.547
54,7,2,40,78,Monaco,80.571
55,16,1,40,78,Monaco,79.963
56,9,0,42,78,Monaco,77.279
57,17,1,35,78,Monaco,76.914
58,2,2,35,78,Monaco,77.156
59,10,1,38,78,Monaco,76.71
60,3,2,42,78,Monaco,77.326
61,19,0,42,78,Monaco,78.298
62,13,0,41,78,Monaco,79.07
63,1,1,33,78,Monaco,79.1
64,2,1,44,78,Monaco,78.425
65,5,2,40,78,Monaco,78.732
66,6,0,40,78,Monaco,78.748
67,6,2,43,78,Monaco,78.636
68,3,1,30,78,Monaco,78.057
69,9,0,31,78,Monaco,78.275
70,16,1,38,78,Monaco,78.557
71,15,1,35,78,Monaco,78.464
72,14,0,39,78,Monaco,78.332
73,10,1,30,78,Monaco,80.709
74,18,1,44,78,Monaco,78.23
75,16,2,31,78,Monaco,78.511
76,19,2,42,78,Monaco,78.623
2,9,1,44,78,Monaco,130.108
3,9,2,44,78,Monaco,89.656
4,15,2,34,78,Monaco,83.524
5,7,0,34,78,Monaco,83.744
6,9,2,35,78,Monaco,82.748
7,19,1,34,78,Monaco,82.747
8,13,2,42,78,Monaco,82.433
9,9,0,37,78,Monaco,81.528
10,10,2,39,78,Monaco,81.976
11,15,2,39,78,Monaco,81.53
12,8,1,35,78,Monaco,81.277
13,3,1,37,78,Monaco,81.416
14,1,1,31,78,Monaco,81.391
15,7,1,31,78,Monaco,81.177
16,6,1,38,78,Monaco,81.125
17,19,1,36,78,Monaco,80.862
18,3,1,41,78,Monaco,81.108
19,2,1,42,78,Monaco,81.31
20,3,1,33,78,Monaco,80.942
21,14,1,33,78,Monaco,80.817
22,18,0,42,78,Monaco,80.849
23,1,0,44,78,Monaco,80.662
24,16,2,35,78,Monaco,80.348
25,6,2,30,78,Monaco,81.029
26,19,2,40,78,Monaco,80.691
27,18,1,32,78,Monaco,81.365
28,7,2,42,78,Monaco,81.566
29,13,0,43,78,Monaco,81.265
30,14,1,31,78,Monaco,80.9
31,6,1,31,78,Monaco,80.703
32,11,2,41,78,Monaco,80.94
33,19,1,35,78,Monaco,80.395
34,16,2,40,78,Monaco,80.84
35,3,0,34,78,Monaco,80.54
36,14,2,32,78,Monaco,81.126
37,10,1,41,78,Monaco,81.358
38,4,1,37,78,Monaco,81.099
39,16,2,43,78,Monaco,81.255
40,16,2,39,78,Monaco,80.87
41,17,2,31,78,Monaco,85.218
42,17,2,41,78,Monaco,81.527
43,4,0,43,78,Monaco,81.053
44,7,1,37,78,Monaco,78.003
45,2,1,40,78,Monaco,81.761
46,1,1,34,78,Monaco,77.172
47,16,2,42,78,Monaco,81.071
48,6,2,31,78,Monaco,78.282
49,11,2,31,78,Monaco,79.837
50,1,1,31,78,Monaco,79.796
51,8,0,43,78,Monaco,82.683
52,3,0,30,78,Monaco,80.696
53,15,1,38,78,Monaco,80.079
54,15,2,35,78,Monaco,79.176
55,15,0,36,78,Monaco,79.457
56,17,0,39,78,Monaco,82.007
57,6,0,44,78,Monaco,79.672
58,15,0,36,78,Monaco,79.119
59,19,0,35,78,Monaco,78.936
60,16,1,30,78,Monaco,79.23
61,6,2,32,78,Monaco,78.771
62,16,1,35,78,Monaco,78.977
63,4,0,37,78,Monaco,78.805
64,11,2,31,78,Monaco,78.637
65,7,2,44,78,Monaco,78.73
66,7,1,37,78,Monaco,78.248
67,3,2,33,78,Monaco,78.219
68,19,1,31,78,Monaco,78.116
69,4,1,33,78,Monaco,78.386
70,16,0,39,78,Monaco,78.706
71,9,1,33,78,Monaco,78.108
72,11,2,34,78,Monaco,78.068
73,15,1,33,78,Monaco,78.512
74,3,2,34,78,Monaco,80.358
75,9,1,34,78,Monaco,78.645
76,18,2,43,78,Monaco,78.93
2,13,2,32,78,Monaco,124.571
3,15,2,38,78,Monaco,89.188
4,12,1,38,78,Monaco,83.736
5,19,1,40,78,Monaco,83.575
6,7,1,40,78,Monaco,82.711
7,5,1,44,78,Monaco,82.866
8,5,1,34,78,Monaco,82.284
9,5,2,30,78,Monaco,81.65
10,5,2,36,78,Monaco,81.864
11,16,2,35,78,Monaco,81.418
12,14,1,37,78,Monaco,81.366
13,2,0,37,78,Monaco,81.428
14,17,2,42,78,Monaco,81.392
15,11,1,34,78,Monaco,81.061
16,12,1,43,78,Monaco,81.318
17,18,2,36,78,Monaco,80.799
18,7,2,38,78,Monaco,81.075
19,7,0,39,78,Monaco,80.605
20,18,1,40,78,Monaco,81.11
21,2,0,40,78,Monaco,80.317
22,16,1,35,78,Monaco,81.037
23,9,2,36,78,Monaco,80.246
24,8,1,32,78,Monaco,81.413
25,10,1,32,78,Monaco,81.091
26,3,2,36,78,Monaco,80.858
27,18,2,30,78,Monaco,81.303
28,17,2,40,78,Monaco,81.544
29,14,1,43,78,Monaco,81.205
30,10,0,30,78,Monaco,81.034
31,19,1,32,78,Monaco,80.642
32,1,2,42,78,Monaco,81.01
33,19,0,41,78,Monaco,80.35
34,10,0,33,78,Monaco,80.877
35,17,2,35,78,Monaco,80.432
36,8,1,34,78,Monaco,81.128
37,7,2,34,78,Monaco,81.512
38,3,1,30,78,Monaco,81.082
39,6,0,36,78,Monaco,81.265
40,8,1,35,78,Monaco,80.755
41,1,1,33,78,Monaco,83.446
42,11,1,35,78,Monaco,83.332
43,6,1,40,78,Monaco,80.286
44,10,2,43,78,Monaco,78.852
45,12,0,44,78,Monaco,79.956
46,13,1,41,78,Monaco,78.928
47,14,1,34,78,Monaco,79.109
48,9,1,41,78,Monaco,80.315
49,7,2,35,78,Monaco,79.837
50,6,2,31,78,Monaco,79.334
51,5,2,34,78,Monaco,80.636
52,17,1,44,78,Monaco,83.377
53,18,2,39,78,Monaco,79.992
54,8,1,43,78,Monaco,79.191
55,1,0,42,78,Monaco,79.411
56,18,1,31,78,Monaco,80.739
57,16,0,42,78,Monaco,80.6
58,11,1,33,78,Monaco,79.229
59,18,1,36,78,Monaco,79.219
60,1,1,30,78,Monaco,79.166
61,8,0,36,78,Monaco,78.752
62,7,2,34,78,Monaco,78.816
63,15,2,38,78,Monaco,78.556
64,10,0,35,78,Monaco,78.736
65,4,0,33,78,Monaco,78.633
66,17,1,37,78,Monaco,78.637
67,5,1,34,78,Monaco,78.126
68,4,2,39,78,Monaco,77.939
69,13,1,34,78,Monaco,78.713
70,9,2,40,78,Monaco,78.473
71,15,1,42,78,Monaco,78.133
72,14,2,31,78,Monaco,78.081
73,1,2,39,78,Monaco,78.504
74,17,1,34,78,Monaco,80.336
75,17,2,37,78,Monaco,78.663
76,4,0,43,78,Monaco,79.053
2,10,2,41,78,Monaco,121.235
3,13,2,36,78,Monaco,90.077
4,15,1,41,78,Monaco,83.682
5,7,1,44,78,Monaco,83.674
6,7,1,40,78,Monaco,82.739
7,10,1,31,78,Monaco,82.899
8,11,0,40,78,Monaco,82.221
9,13,1,37,78,Monaco,81.679
10,10,1,33,78,Monaco,81.944
11,6,1,31,78,Monaco,81.492
12,3,2,38,78,Monaco,81.404
13,19,1,43,78,Monaco,81.499
14,15,0,38,78,Monaco,81.219
15,2,0,32,78,Monaco,81.34
16,10,1,31,78,Monaco,80.646
17,16,2,39,78,Monaco,81.016
18,9,0,43,78,Monaco,81.031
19,17,1,42,78,Monaco,81.221
20,9,1,34,78,Monaco,80.853
21,12,0,39,78,Monaco,80.849
22,2,2,34,78,Monaco,80.897
23,7,0,39,78,Monaco,80.593
24,8,0,44,78,Monaco,80.395
25,5,0,38,78,Monaco,80.903
26,5,1,31,78,Monaco,80.929
27,11,1,31,78,Monaco,81.231
28,1,1,33,78,Monaco,81.604
29,8,1,32,78,Monaco,81.334
30,3,2,43,78,Monaco,80.84
31,8,2,32,78,Monaco,80.775
32,10,1,43,78,Monaco,80.797
33,19,2,42,78,Monaco,80.53
34,1,0,43,78,Monaco,80.738
35,12,1,36,78,Monaco,80.584
36,11,2,31,78,Monaco,81.134
37,7,1,31,78,Monaco,81.404
38,12,2,43,78,Monaco,81.131
39,3,2,42,78,Monaco,81.273
40,9,1,38,78,Monaco,81.78
41,8,2,41,78,Monaco,84.378
42,13,1,40,78,Monaco,81.87
43,14,1,40,78,Monaco,80.552
44,12,2,42,78,Monaco,79.511
45,4,0,33,78,Monaco,80.72
46,10,2,37,78,Monaco,80.124
47,19,0,32,78,Monaco,79.888
48,15,2,32,78,Monaco,80.97
49,3,0,42,78,Monaco,83.966
50,10,2,32,78,Monaco,80.292
51,15,1,35,78,Monaco,81.817
52,14,1,41,78,Monaco,80.78
53,3,2,40,78,Monaco,81.318
54,17,2,32,78,Monaco,82.289
55,7,2,41,78,Monaco,80.342
56,9,2,42,78,Monaco,81.474
57,8,1,36,78,Monaco,97.746
58,12,1,36,78,Monaco,79.809
59,10,1,39,78,Monaco,75.594
60,12,0,39,78,Monaco,75.58
61,18,2,37,78,Monaco,75.558
62,8,0,35,78,Monaco,75.525
63,4,1,38,78,Monaco,75.688
64,14,0,43,78,Monaco,76.895
65,18,0,34,78,Monaco,79.869
66,13,2,31,78,Monaco,80.799
67,17,2,42,78,Monaco,80.347
68,14,1,30,78,Monaco,80.004
69,8,2,32,78,Monaco,76.077
70,4,0,37,78,Monaco,76.866
71,17,0,38,78,Monaco,76.326
72,19,1,33,78,Monaco,76.402
73,3,1,44,78,Monaco,76.37
74,1,0,44,78,Monaco,76.863
75,8,0,32,78,Monaco,76.324
76,6,2,30,78,Monaco,77.197
2,15,1,41,78,Monaco,116.358
3,17,0,31,78,Monaco,89.743
4,3,1,43,78,Monaco,83.386
5,16,1,43,78,Monaco,83.636
6,13,2,30,78,Monaco,82.868
7,1,0,35,78,Monaco,82.832
8,10,1,38,78,Monaco,82.249
9,18,1,38,78,Monaco,81.715
10,19,1,44,78,Monaco,81.947
11,2,2,34,78,Monaco,81.547
12,11,0,41,78,Monaco,81.328
13,2,0,37,78,Monaco,81.54
14,11,2,32,78,Monaco,81.221
15,11,1,39,78,Monaco,97.899
16,4,0,35,78,Monaco,80.012
17,4,2,36,78,Monaco,76.561
18,13,1,42,78,Monaco,76.567
19,12,0,40,78,Monaco,77.829
20,12,0,39,78,Monaco,79.124
21,5,0,38,78,Monaco,80.462
22,8,0,31,78,Monaco,81.022
23,6,1,39,78,Monaco,80.75
24,12,0,42,78,Monaco,80.564
25,14,0,33,78,Monaco,80.783
26,15,1,40,78,Monaco,80.851
27,10,1,36,78,Monaco,81.37
28,7,0,37,78,Monaco,81.765
29,4,1,34,78,Monaco,80.857
30,13,0,40,78,Monaco,81.47
31,1,0,44,78,Monaco,80.752
32,7,0,43,78,Monaco,80.658
33,10,0,30,78,Monaco,80.525
34,15,2,43,78,Monaco,80.903
35,17,2,43,78,Monaco,80.254
36,15,1,39,78,Monaco,81.196
37,14,0,40,78,Monaco,81.386
38,5,1,40,78,Monaco,80.948
39,18,1,32,78,Monaco,83.172
40,12,0,39,78,Monaco,83.591
41,19,1,34,78,Monaco,80.23
42,6,1,39,78,Monaco,82.109
43,11,0,34,78,Monaco,80.912
44,2,2,31,78,Monaco,79.772
45,14,2,44,78,Monaco,80.043
46,5,1,30,78,Monaco,80.417
47,14,2,30,78,Monaco,82.969
48,13,1,31,78,Monaco,80.562
49,5,1,41,78,Monaco,80.818
50,10,0,41,78,Monaco,80.239
51,4,2,38,78,Monaco,77.205
52,1,2,30,78,Monaco,77.202
53,8,0,34,78,Monaco,78.456
54,13,1,38,78,Monaco,79.403
55,17,0,41,78,Monaco,80.375
56,18,0,40,78,Monaco,81.657
57,1,2,30,78,Monaco,78.994
58,10,1,30,78,Monaco,79.28
59,10,0,30,78,Monaco,78.999
60,1,2,41,78,Monaco,79.069
61,2,1,35,78,Monaco,78.623
62,10,1,34,78,Monaco,78.964
63,8,2,39,78,Monaco,79.024
64,6,2,39,78,Monaco,78.531
65,15,1,32,78,Monaco,78.642
66,17,2,37,78,Monaco,78.383
67,9,2,30,78,Monaco,78.467
68,13,1,35,78,Monaco,78.052
69,18,0,42,78,Monaco,78.088
70,7,1,33,78,Monaco,78.778
71,18,2,40,78,Monaco,78.104
72,15,2,43,78,Monaco,78.347
73,4,0,37,78,Monaco,80.068
74,18,2,42,78,Monaco,78.318
75,18,0,33,78,Monaco,78.779
76,16,1,31,78,Monaco,78.774
2,5,1,35,78,Monaco,112.131
3,19,1,43,78,Monaco,90.396
4,1,0,42,78,Monaco,83.698
5,3,2,32,78,Monaco,83.494
6,2,0,37,78,Monaco,82.649
7,8,1,30,78,Monaco,82.934
8,14,0,32,78,Monaco,82.182
9,8,0,33,78,Monaco,81.81
10,12,0,39,78,Monaco,81.944
11,11,0,30,78,Monaco,81.563
12,19,1,32,78,Monaco,81.193
13,4,0,30,78,Monaco,81.529
14,11,0,44,78,Monaco,81.264
15,15,2,43,78,Monaco,81.447
16,6,2,44,78,Monaco,80.481
17,19,2,42,78,Monaco,80.979
18,19,0,43,78,Monaco,80.911
19,4,1,42,78,Monaco,81.42
20,15,2,42,78,Monaco,80.904
21,12,0,39,78,Monaco,80.669
22,16,1,43,78,Monaco,81.083
23,1,1,40,78,Monaco,80.792
24,14,1,34,78,Monaco,80.347
25,3,1,43,78,Monaco,80.763
26,11,1,40,78,Monaco,80.869
27,14,2,41,78,Monaco,81.293
28,5,1,42,78,Monaco,81.516
29,6,1,44,78,Monaco,81.338
30,9,0,40,78,Monaco,81.044
31,2,1,33,78,Monaco,80.806
32,13,0,41,78,Monaco,80.782
33,8,0,36,78,Monaco,80.677
34,10,1,44,78,Monaco,80.736
35,13,0,31,78,Monaco,80.372
36,6,1,43,78,Monaco,80.986
37,9,1,31,78,Monaco,81.449
38,2,2,31,78,Monaco,81.09
39,1,2,44,78,Monaco,81.233
40,7,0,30,78,Monaco,84.969
41,2,0,33,78,Monaco,81.127
42,11,2,41,78,Monaco,81.957
43,9,1,34,78,Monaco,80.578
44,10,1,44,78,Monaco,79.61
45,9,0,39,78,Monaco,80.686
46,14,1,33,78,Monaco,80.146
47,4,1,41,78,Monaco,80.075
48,15,1,41,78,Monaco,82.481
49,15,1,30,78,Monaco,82.134
50,6,0,31,78,Monaco,80.946
51,11,1,33,78,Monaco,80.962
52,14,1,33,78,Monaco,80.97
53,14,2,31,78,Monaco,81.375
54,15,0,32,78,Monaco,82.153
55,16,2,31,78,Monaco,81.399
56,8,0,43,78,Monaco,80.315
57,12,1,42,78,Monaco,81.119
58,6,2,39,78,Monaco,78.795
59,5,1,38,78,Monaco,77.936
60,7,0,43,78,Monaco,78.545
61,15,1,35,78,Monaco,78.707
62,14,2,36,78,Monaco,78.817
63,1,2,33,78,Monaco,78.789
64,18,2,34,78,Monaco,79.295
65,7,1,44,78,Monaco,79.719
66,15,1,41,78,Monaco,79.749
67,6,2,34,78,Monaco,80.357
68,1,1,42,78,Monaco,85.217
69,9,2,44,78,Monaco,80.484
70,8,2,41,78,Monaco,100.898
71,9,0,43,78,Monaco,85.295
72,6,1,33,78,Monaco,80.585
73,6,0,38,78,Monaco,75.233
74,16,0,35,78,Monaco,80.473
75,17,1,43,78,Monaco,74.718
76,16,1,40,78,Monaco,77.173
1,18,2,37,66,Barcelona,82.568
2,12,1,44,66,Barcelona,79.857
3,12,1,30,66,Barcelona,81.103
4,4,1,43,66,Barcelona,80.843
5,15,1,42,66,Barcelona,80.923
6,6,0,35,66,Barcelona,81.07
7,9,2,38,66,Barcelona,81.306
8,19,1,36,66,Barcelona,81.436
9,2,1,30,66,Barcelona,81.168
10,1,2,34,66,Barcelona,81.308
11,10,2,40,66,Barcelona,81.061
12,3,2,30,66,Barcelona,81.383
13,19,0,42,66,Barcelona,81.365
14,13,2,32,66,Barcelona,81.482
15,7,2,32,66,Barcelona,85.364
16,18,0,44,66,Barcelona,100.24
17,12,2,32,66,Barcelona,80.277
18,4,1,40,66,Barcelona,79.511
19,10,2,39,66,Barcelona,79.539
20,9,0,37,66,Barcelona,79.972
21,12,0,40,66,Barcelona,80.34
22,18,2,34,66,Barcelona,80.093
23,14,0,40,66,Barcelona,79.871
24,1,1,30,66,Barcelona,80.032
25,14,2,31,66,Barcelona,79.772
26,3,0,43,66,Barcelona,80.279
27,9,0,34,66,Barcelona,80.222
28,13,2,41,66,Barcelona,80.201
29,16,2,32,66,Barcelona,80.027
30,10,0,40,66,Barcelona,80.038
31,3,1,43,66,Barcelona,80.338
32,19,2,43,66,Barcelona,80.301
33,8,0,43,66,Barcelona,80.178
34,14,1,32,66,Barcelona,80.204
35,13,2,35,66,Barcelona,82.129
36,17,1,36,66,Barcelona,84.372
37,6,0,40,66,Barcelona,99.351
38,13,0,38,66,Barcelona,78.367
39,11,1,33,66,Barcelona,78.964
40,19,0,30,66,Barcelona,79.428
41,12,0,32,66,Barcelona,78.982
42,6,1,44,66,Barcelona,79.033
43,16,2,40,66,Barcelona,79.306
44,5,1,44,66,Barcelona,79.019
45,4,1,33,66,Barcelona,79.632
46,3,0,33,66,Barcelona,78.291
47,7,0,34,66,Barcelona,78.486
48,12,0,31,66,Barcelona,80.06
49,9,2,42,66,Barcelona,78.681
50,12,0,43,66,Barcelona,78.29
51,8,0,33,66,Barcelona,78.726
52,14,1,38,66,Barcelona,80.241
53,6,2,33,66,Barcelona,78.863
54,4,2,30,66,Barcelona,78.86
55,18,1,38,66,Barcelona,78.572
56,11,1,40,66,Barcelona,78.792
57,8,2,37,66,Barcelona,78.956
58,19,2,35,66,Barcelona,78.641
59,3,1,34,66,Barcelona,78.877
60,18,2,41,66,Barcelona,79.108
61,19,2,41,66,Barcelona,79.267
62,15,1,43,66,Barcelona,79.304
63,5,2,39,66,Barcelona,79.52
64,6,2,40,66,Barcelona,79.372
65,17,1,42,66,Barcelona,79.634
66,17,0,40,66,Barcelona,79.751
1,14,1,37,66,Barcelona,83.186
2,8,2,38,66,Barcelona,79.871
3,1,1,40,66,Barcelona,79.364
4,14,2,43,66,Barcelona,80.766
5,18,1,44,66,Barcelona,80.827
6,10,0,31,66,Barcelona,80.876
7,7,0,41,66,Barcelona,80.973
8,6,2,35,66,Barcelona,80.989
9,13,0,37,66,Barcelona,81.042
10,16,0,33,66,Barcelona,81.003
11,12,0,35,66,Barcelona,80.954
12,4,0,30,66,Barcelona,81.376
13,14,2,30,66,Barcelona,80.807
14,10,1,37,66,Barcelona,80.989
15,7,0,35,66,Barcelona,81.097
16,10,2,31,66,Barcelona,81.223
17,19,0,42,66,Barcelona,84.876
18,2,0,40,66,Barcelona,97.657
19,3,2,43,66,Barcelona,79.725
20,5,2,40,66,Barcelona,79.966
21,11,0,35,66,Barcelona,80.304
22,10,1,42,66,Barcelona,79.742
23,1,0,43,66,Barcelona,79.605
24,3,1,43,66,Barcelona,79.701
25,7,1,40,66,Barcelona,79.363
26,6,2,35,66,Barcelona,79.882
27,9,0,30,66,Barcelona,79.694
28,15,0,39,66,Barcelona,80.101
29,2,0,34,66,Barcelona,79.792
30,1,0,37,66,Barcelona,79.807
31,2,1,30,66,Barcelona,80.011
32,5,1,34,66,Barcelona,79.891
33,15,0,36,66,Barcelona,79.836
34,19,2,33,66,Barcelona,79.958
35,15,1,30,66,Barcelona,80.185
36,12,1,36,66,Barcelona,79.926
37,12,1,34,66,Barcelona,79.803
38,9,0,38,66,Barcelona,79.813
39,13,1,34,66,Barcelona,79.669
40,1,0,35,66,Barcelona,80.31
41,10,1,42,66,Barcelona,79.648
42,19,2,39,66,Barcelona,79.92
43,7,2,39,66,Barcelona,80.301
44,2,0,39,66,Barcelona,83.427
45,8,0,35,66,Barcelona,97.053
46,4,2,41,66,Barcelona,77.886
47,18,2,38,66,Barcelona,77.998
48,2,1,30,66,Barcelona,78.416
49,7,1,37,66,Barcelona,78.254
50,17,1,32,66,Barcelona,78.074
51,1,0,41,66,Barcelona,77.958
52,14,0,41,66,Barcelona,77.931
53,7,1,37,66,Barcelona,78.14
54,8,0,36,66,Barcelona,77.776
55,13,1,31,66,Barcelona,78.021
56,14,0,42,66,Barcelona,78.354
57,17,0,43,66,Barcelona,78.127
58,9,2,40,66,Barcelona,78.187
59,4,2,36,66,Barcelona,78.114
60,1,0,37,66,Barcelona,78.165
61,4,0,35,66,Barcelona,78.36
62,8,1,38,66,Barcelona,78.301
63,1,0,44,66,Barcelona,78.543
64,15,2,30,66,Barcelona,79.072
65,1,2,37,66,Barcelona,79.467
66,19,0,33,66,Barcelona,79.774
1,17,0,43,66,Barcelona,83.953
2,19,1,30,66,Barcelona,80.215
3,17,2,39,66,Barcelona,80.243
4,16,0,40,66,Barcelona,80.702
5,1,2,39,66,Barcelona,81.134
6,5,1,31,66,Barcelona,81.056
7,5,0,42,66,Barcelona,81.293
8,16,1,38,66,Barcelona,81.443
9,14,0,39,66,Barcelona,81.143
10,18,0,41,66,Barcelona,81.223
11,14,1,44,66,Barcelona,81.285
12,11,2,38,66,Barcelona,81.354
13,4,2,33,66,Barcelona,81.432
14,10,1,34,66,Barcelona,81.66
15,8,0,34,66,Barcelona,81.541
16,3,0,40,66,Barcelona,80.471
17,11,0,34,66,Barcelona,80.908
18,7,0,44,66,Barcelona,80.447
19,7,2,34,66,Barcelona,80.635
20,3,1,42,66,Barcelona,80.816
21,2,1,31,66,Barcelona,80.907
22,4,1,38,66,Barcelona,80.928
23,13,1,33,66,Barcelona,85.185
24,1,2,43,66,Barcelona,97.673
25,8,2,32,66,Barcelona,78.503
26,2,0,33,66,Barcelona,79.856
27,13,0,38,66,Barcelona,79.317
28,15,1,42,66,Barcelona,79.835
29,4,1,30,66,Barcelona,79.72
30,2,0,36,66,Barcelona,79.389
31,18,2,31,66,Barcelona,80.145
32,12,0,35,66,Barcelona,79.868
33,13,2,43,66,Barcelona,80.09
34,12,0,34,66,Barcelona,79.855
35,6,1,40,66,Barcelona,80.478
36,11,2,41,66,Barcelona,79.447
37,10,2,37,66,Barcelona,79.225
38,4,1,30,66,Barcelona,79.307
39,12,1,42,66,Barcelona,79.215
40,4,1,38,66,Barcelona,79.745
41,3,2,33,66,Barcelona,78.911
42,12,0,35,66,Barcelona,79.511
43,10,1,40,66,Barcelona,79.499
44,15,1,42,66,Barcelona,79.457
45,4,1,31,66,Barcelona,78.754
46,17,0,34,66,Barcelona,79.419
47,13,0,36,66,Barcelona,82.986
48,3,1,32,66,Barcelona,97.126
49,5,1,40,66,Barcelona,77.377
50,5,1,42,66,Barcelona,77.94
51,4,2,33,66,Barcelona,77.115
52,10,2,40,66,Barcelona,77.654
53,4,0,42,66,Barcelona,77.914
54,1,0,41,66,Barcelona,77.987
55,13,2,38,66,Barcelona,78.363
56,7,0,32,66,Barcelona,77.627
57,19,0,44,66,Barcelona,77.893
58,18,2,36,66,Barcelona,78.259
59,16,0,33,66,Barcelona,77.945
60,4,0,35,66,Barcelona,78.271
61,11,0,35,66,Barcelona,77.805
62,2,0,42,66,Barcelona,78.08
63,3,0,35,66,Barcelona,78.174
64,9,1,31,66,Barcelona,78.282
65,17,1,37,66,Barcelona,78.773
66,8,0,37,66,Barcelona,79.682
1,13,1,36,66,Barcelona,84.441
2,6,1,36,66,Barcelona,80.594
3,6,1,30,66,Barcelona,80.421
4,1,2,43,66,Barcelona,80.496
5,8,0,35,66,Barcelona,81.05
6,12,1,38,66,Barcelona,81.2
7,1,0,40,66,Barcelona,81.223
8,18,2,44,66,Barcelona,81.538
9,15,0,43,66,Barcelona,81.207
10,19,2,35,66,Barcelona,81.38
11,14,0,30,66,Barcelona,81.192
12,12,1,37,66,Barcelona,81.505
13,12,1,40,66,Barcelona,81.45
14,13,2,42,66,Barcelona,81.601
15,7,1,39,66,Barcelona,81.977
16,13,0,32,66,Barcelona,84.966
17,3,1,38,66,Barcelona,98.332
18,13,1,36,66,Barcelona,80.038
19,2,1,33,66,Barcelona,79.307
20,9,0,38,66,Barcelona,79.703
21,16,1,44,66,Barcelona,79.915
22,11,2,40,66,Barcelona,80.008
23,4,1,34,66,Barcelona,79.788
24,12,1,38,66,Barcelona,80.059
25,3,1,38,66,Barcelona,79.972
26,9,1,31,66,Barcelona,79.915
27,10,2,39,66,Barcelona,80.59
28,8,0,42,66,Barcelona,80.236
29,3,1,44,66,Barcelona,79.757
30,15,1,36,66,Barcelona,79.896
31,11,2,34,66,Barcelona,80.327
32,4,0,41,66,Barcelona,81.357
33,13,1,31,66,Barcelona,80.258
34,16,0,44,66,Barcelona,79.986
35,18,1,37,66,Barcelona,80.651
36,18,2,37,66,Barcelona,80.606
37,18,0,41,66,Barcelona,79.404
38,8,1,39,66,Barcelona,79.658
39,5,1,44,66,Barcelona,80.037
40,6,0,44,66,Barcelona,80.032
41,18,1,35,66,Barcelona,79.6
42,1,1,40,66,Barcelona,80.224
43,10,1,32,66,Barcelona,84.149
44,2,2,38,66,Barcelona,96.194
45,18,0,33,66,Barcelona,78.759
46,18,1,31,66,Barcelona,77.809
47,2,0,34,66,Barcelona,78.212
48,4,0,40,66,Barcelona,78.84
49,3,2,39,66,Barcelona,78.976
50,12,0,44,66,Barcelona,78.209
51,2,0,36,66,Barcelona,78.277
52,3,2,36,66,Barcelona,78.417
53,8,1,37,66,Barcelona,78.605
54,15,0,34,66,Barcelona,78.533
55,2,1,30,66,Barcelona,78.788
56,16,2,36,66,Barcelona,78.432
57,4,2,44,66,Barcelona,78.623
58,12,2,32,66,Barcelona,78.688
59,13,2,39,66,Barcelona,78.64
60,16,2,36,66,Barcelona,78.635
61,19,0,33,66,Barcelona,78.839
62,18,0,38,66,Barcelona,79.337
63,11,1,31,66,Barcelona,78.942
64,7,1,30,66,Barcelona,79.166
65,11,0,32,66,Barcelona,79.009
66,10,1,33,66,Barcelona,80.041
1,10,2,43,66,Barcelona,85.423
2,14,2,43,66,Barcelona,80.842
3,17,1,31,66,Barcelona,81.287
4,4,1,43,66,Barcelona,80.569
5,9,2,30,66,Barcelona,80.932
6,3,0,30,66,Barcelona,81.227
7,19,1,37,66,Barcelona,80.996
8,5,0,43,66,Barcelona,81.393
9,10,0,36,66,Barcelona,81.33
10,11,1,31,66,Barcelona,81.014
11,5,2,34,66,Barcelona,81.476
12,9,2,37,66,Barcelona,81.561
13,11,2,31,66,Barcelona,81.275
14,18,1,39,66,Barcelona,81.594
15,7,2,30,66,Barcelona,81.703
16,18,1,40,66,Barcelona,80.893
17,12,1,41,66,Barcelona,81.123
18,16,0,31,66,Barcelona,80.915
19,13,1,32,66,Barcelona,81.096
20,18,0,30,66,Barcelona,81.159
21,10,0,41,66,Barcelona,81.497
22,6,0,30,66,Barcelona,81.451
23,10,1,37,66,Barcelona,81.723
24,14,2,35,66,Barcelona,85.337
25,17,1,31,66,Barcelona,98.462
26,4,1,35,66,Barcelona,79.381
27,8,1,31,66,Barcelona,78.811
28,12,0,36,66,Barcelona,79.324
29,15,1,38,66,Barcelona,79.482
30,17,1,32,66,Barcelona,79.675
31,2,0,40,66,Barcelona,79.791
32,10,0,36,66,Barcelona,79.509
33,13,2,34,66,Barcelona,79.535
34,9,1,40,66,Barcelona,79.61
35,10,1,35,66,Barcelona,80.177
36,16,2,32,66,Barcelona,79.907
37,10,0,34,66,Barcelona,79.553
38,2,0,39,66,Barcelona,79.64
39,19,2,42,66,Barcelona,79.459
40,6,0,36,66,Barcelona,79.665
41,6,2,42,66,Barcelona,79.662
42,1,0,31,66,Barcelona,79.781
43,2,2,38,66,Barcelona,79.981
44,14,1,34,66,Barcelona,80.064
45,15,0,32,66,Barcelona,79.901
46,15,2,36,66,Barcelona,80.001
47,16,0,33,66,Barcelona,83.761
48,13,2,36,66,Barcelona,97.516
49,13,0,35,66,Barcelona,78.09
50,13,0,43,66,Barcelona,78.182
51,17,0,40,66,Barcelona,78.179
52,10,2,40,66,Barcelona,77.897
53,5,1,40,66,Barcelona,77.956
54,17,0,42,66,Barcelona,78.385
55,13,1,42,66,Barcelona,78.551
56,12,2,40,66,Barcelona,78.53
57,11,1,36,66,Barcelona,78.11
58,11,2,31,66,Barcelona,78.213
59,18,0,37,66,Barcelona,78.185
60,11,2,36,66,Barcelona,78.447
61,13,2,39,66,Barcelona,78.735
62,6,1,33,66,Barcelona,78.533
63,19,1,37,66,Barcelona,78.965
64,18,2,35,66,Barcelona,79.03
65,6,2,32,66,Barcelona,79.074
66,10,1,41,66,Barcelona,79.41
1,6,1,39,66,Barcelona,86.085
2,18,2,40,66,Barcelona,80.666
3,2,1,30,66,Barcelona,80.046
4,15,2,43,66,Barcelona,80.626
5,5,0,37,66,Barcelona,80.8
6,17,2,40,66,Barcelona,81.217
7,1,1,36,66,Barcelona,81.146
8,6,0,32,66,Barcelona,81.309
9,5,1,41,66,Barcelona,81.221
10,16,2,38,66,Barcelona,81.052
11,5,1,31,66,Barcelona,81.459
12,6,1,37,66,Barcelona,81.62
13,19,2,42,66,Barcelona,81.163
14,8,2,31,66,Barcelona,81.646
15,10,1,32,66,Barcelona,85.427
16,13,1,39,66,Barcelona,98.064
17,17,2,36,66,Barcelona,80.665
18,6,0,35,66,Barcelona,79.85
19,10,0,41,66,Barcelona,81.079
20,17,0,43,66,Barcelona,80.0
21,11,1,34,66,Barcelona,80.125
22,13,0,43,66,Barcelona,79.952
23,4,1,40,66,Barcelona,80.261
24,2,1,43,66,Barcelona,80.205
25,11,1,35,66,Barcelona,79.709
26,18,0,34,66,Barcelona,80.273
27,7,0,44,66,Barcelona,81.788
28,7,1,44,66,Barcelona,80.458
29,18,2,41,66,Barcelona,80.061
30,8,2,37,66,Barcelona,80.376
31,19,1,42,66,Barcelona,80.642
32,8,1,44,66,Barcelona,80.183
33,2,1,40,66,Barcelona,80.145
34,13,0,32,66,Barcelona,80.231
35,1,2,35,66,Barcelona,80.708
36,10,1,40,66,Barcelona,83.733
37,12,0,36,66,Barcelona,98.592
38,12,1,38,66,Barcelona,78.86
39,13,0,31,66,Barcelona,78.539
40,19,0,37,66,Barcelona,79.184
41,19,1,36,66,Barcelona,78.909
42,15,2,37,66,Barcelona,79.135
43,16,1,34,66,Barcelona,79.157
44,2,0,40,66,Barcelona,79.192
45,3,0,31,66,Barcelona,79.136
46,13,2,30,66,Barcelona,80.032
47,18,0,32,66,Barcelona,79.02
48,6,0,34,66,Barcelona,79.318
49,17,0,42,66,Barcelona,79.52
50,2,0,31,66,Barcelona,79.202
51,8,2,33,66,Barcelona,79.046
52,11,1,43,66,Barcelona,79.046
53,16,2,42,66,Barcelona,79.259
54,16,1,41,66,Barcelona,79.017
55,4,1,41,66,Barcelona,81.334
56,8,2,35,66,Barcelona,79.047
57,13,1,34,66,Barcelona,78.97
58,17,2,30,66,Barcelona,78.871
59,3,2,32,66,Barcelona,78.978
60,19,1,30,66,Barcelona,79.115
61,6,0,36,66,Barcelona,79.151
62,15,2,40,66,Barcelona,79.365
63,10,1,33,66,Barcelona,79.479
64,17,1,39,66,Barcelona,79.535
65,14,2,35,66,Barcelona,79.612
66,4,2,42,66,Barcelona,79.643
1,16,0,33,66,Barcelona,86.584
2,2,2,39,66,Barcelona,81.157
3,6,2,35,66,Barcelona,80.806
4,16,0,32,66,Barcelona,80.679
5,8,1,36,66,Barcelona,80.78
6,12,1,44,66,Barcelona,81.303
7,15,1,33,66,Barcelona,81.625
8,5,2,34,66,Barcelona,81.748
9,16,2,33,66,Barcelona,81.681
10,11,2,36,66,Barcelona,81.711
11,7,0,35,66,Barcelona,81.339
12,10,1,41,66,Barcelona,81.638
13,13,1,38,66,Barcelona,81.678
14,13,0,34,66,Barcelona,85.491
15,17,1,43,66,Barcelona,102.656
16,9,2,32,66,Barcelona,79.989
17,2,1,43,66,Barcelona,80.203
18,19,2,39,66,Barcelona,80.396
19,11,2,39,66,Barcelona,80.432
20,3,1,36,66,Barcelona,80.163
21,5,0,42,66,Barcelona,80.678
22,7,1,33,66,Barcelona,80.544
23,17,1,41,66,Barcelona,80.419
24,6,1,33,66,Barcelona,80.496
25,18,0,40,66,Barcelona,80.637
26,9,1,40,66,Barcelona,80.468
27,8,1,43,66,Barcelona,81.618
28,11,0,42,66,Barcelona,81.281
29,17,1,44,66,Barcelona,80.92
30,12,0,33,66,Barcelona,80.909
31,9,1,43,66,Barcelona,80.944
32,12,2,37,66,Barcelona,80.991
33,7,1,33,66,Barcelona,80.939
34,14,0,44,66,Barcelona,82.534
35,13,0,40,66,Barcelona,81.527
36,9,0,44,66,Barcelona,81.01
37,18,1,40,66,Barcelona,81.282
38,4,0,37,66,Barcelona,85.413
39,6,0,32,66,Barcelona,97.749
40,18,2,31,66,Barcelona,79.539
41,18,2,41,66,Barcelona,80.018
42,12,1,39,66,Barcelona,79.64
43,8,1,38,66,Barcelona,79.825
44,8,0,35,66,Barcelona,79.618
45,8,0,40,66,Barcelona,79.516
46,6,1,44,66,Barcelona,79.441
47,6,2,38,66,Barcelona,79.528
48,11,1,36,66,Barcelona,79.52
49,2,0,34,66,Barcelona,79.35
50,19,1,42,66,Barcelona,79.61
51,2,0,43,66,Barcelona,79.045
52,9,1,30,66,Barcelona,79.079
53,16,1,42,66,Barcelona,79.174
54,16,1,43,66,Barcelona,79.049
55,13,0,34,66,Barcelona,79.466
56,12,1,36,66,Barcelona,79.62
57,15,1,36,66,Barcelona,79.134
58,8,1,41,66,Barcelona,79.247
59,7,0,37,66,Barcelona,79.584
60,10,1,43,66,Barcelona,79.576
61,9,0,30,66,Barcelona,79.662
62,2,1,38,66,Barcelona,79.81
63,11,1,44,66,Barcelona,79.867
64,3,0,39,66,Barcelona,80.054
65,4,0,36,66,Barcelona,79.808
66,4,2,43,66,Barcelona,82.054
1,16,1,30,66,Barcelona,87.073
2,2,1,33,66,Barcelona,81.607
3,7,2,38,66,Barcelona,80.765
4,16,2,33,66,Barcelona,80.797
5,16,2,44,66,Barcelona,81.215
6,7,2,33,66,Barcelona,81.056
7,10,2,43,66,Barcelona,81.416
8,8,1,43,66,Barcelona,81.53
9,12,0,39,66,Barcelona,81.5
10,11,2,35,66,Barcelona,82.049
11,1,1,32,66,Barcelona,81.486
12,16,2,43,66,Barcelona,81.683
13,10,2,33,66,Barcelona,81.918
14,1,2,37,66,Barcelona,82.316
15,6,2,30,66,Barcelona,81.492
16,7,1,30,66,Barcelona,81.532
17,9,1,37,66,Barcelona,81.853
18,10,2,34,66,Barcelona,81.505
19,10,1,39,66,Barcelona,81.727
20,18,1,34,66,Barcelona,81.883
21,7,1,32,66,Barcelona,87.064
22,7,2,37,66,Barcelona,99.096
23,5,0,33,66,Barcelona,79.833
24,17,1,35,66,Barcelona,79.991
25,13,2,44,66,Barcelona,79.731
26,15,2,39,66,Barcelona,79.853
27,1,0,35,66,Barcelona,80.231
28,5,0,32,66,Barcelona,80.626
29,1,2,37,66,Barcelona,79.823
30,12,1,39,66,Barcelona,80.01
31,1,1,35,66,Barcelona,79.875
32,3,0,44,66,Barcelona,80.425
33,17,1,31,66,Barcelona,80.543
34,5,2,41,66,Barcelona,79.656
35,14,1,30,66,Barcelona,79.796
36,3,0,38,66,Barcelona,79.728
37,16,1,34,66,Barcelona,79.661
38,6,0,44,66,Barcelona,79.785
39,12,0,35,66,Barcelona,79.78
40,16,2,43,66,Barcelona,79.659
41,8,2,42,66,Barcelona,79.622
42,17,0,40,66,Barcelona,79.93
43,1,1,42,66,Barcelona,80.15
44,13,1,36,66,Barcelona,79.925
45,19,1,40,66,Barcelona,80.667
46,17,0,30,66,Barcelona,84.084
47,19,0,30,66,Barcelona,97.819
48,2,0,31,66,Barcelona,79.317
49,8,2,40,66,Barcelona,78.159
50,8,2,32,66,Barcelona,78.257
51,17,2,36,66,Barcelona,78.181
52,15,2,42,66,Barcelona,78.492
53,6,0,36,66,Barcelona,78.223
54,10,2,34,66,Barcelona,78.354
55,10,1,40,66,Barcelona,77.941
56,5,2,33,66,Barcelona,77.874
57,1,0,37,66,Barcelona,78.293
58,9,1,33,66,Barcelona,78.483
59,14,2,37,66,Barcelona,78.337
60,18,2,31,66,Barcelona,78.129
61,19,0,35,66,Barcelona,77.977
62,7,1,39,66,Barcelona,78.186
63,11,1,37,66,Barcelona,78.587
64,8,0,36,66,Barcelona,78.84
65,12,1,43,66,Barcelona,79.297
66,5,1,36,66,Barcelona,79.294
1,13,1,36,66,Barcelona,87.46
2,5,0,39,66,Barcelona,82.017
3,1,1,39,66,Barcelona,80.809
4,2,1,32,66,Barcelona,81.255
5,13,1,41,66,Barcelona,81.536
6,14,2,34,66,Barcelona,81.29
7,19,1,43,66,Barcelona,81.593
8,2,1,35,66,Barcelona,81.784
9,10,1,30,66,Barcelona,81.79
10,8,1,37,66,Barcelona,81.756
11,1,2,44,66,Barcelona,81.875
12,14,2,44,66,Barcelona,81.905
13,18,1,30,66,Barcelona,86.687
14,3,0,32,66,Barcelona,98.526
15,12,1,35,66,Barcelona,79.883
16,11,0,35,66,Barcelona,80.224
17,8,2,38,66,Barcelona,81.541
18,17,1,36,66,Barcelona,80.571
19,13,1,41,66,Barcelona,81.026
20,13,2,33,66,Barcelona,80.662
21,7,1,40,66,Barcelona,80.768
22,5,1,43,66,Barcelona,80.734
23,4,2,43,66,Barcelona,80.949
24,9,1,34,66,Barcelona,80.57
25,3,2,34,66,Barcelona,81.357
26,5,2,36,66,Barcelona,81.033
27,11,1,39,66,Barcelona,81.269
28,2,2,40,66,Barcelona,81.644
29,19,1,30,66,Barcelona,82.216
30,19,1,33,66,Barcelona,83.348
31,1,1,33,66,Barcelona,81.776
32,2,2,35,66,Barcelona,81.194
33,7,0,35,66,Barcelona,81.433
34,2,0,31,66,Barcelona,81.479
35,11,2,41,66,Barcelona,81.702
36,18,1,40,66,Barcelona,81.423
37,8,2,41,66,Barcelona,85.378
38,4,0,37,66,Barcelona,97.672
39,9,1,31,66,Barcelona,81.476
40,12,1,39,66,Barcelona,79.592
41,4,0,33,66,Barcelona,79.889
42,19,0,41,66,Barcelona,79.705
43,14,2,43,66,Barcelona,79.626
44,12,0,43,66,Barcelona,79.81
45,1,2,38,66,Barcelona,79.706
46,3,1,40,66,Barcelona,79.525
47,15,0,40,66,Barcelona,79.802
48,7,2,33,66,Barcelona,79.468
49,19,0,31,66,Barcelona,79.614
50,11,1,41,66,Barcelona,79.601
51,5,1,42,66,Barcelona,80.01
52,14,2,30,66,Barcelona,79.321
53,4,0,34,66,Barcelona,79.061
54,12,0,42,66,Barcelona,78.982
55,16,2,39,66,Barcelona,79.284
56,17,2,44,66,Barcelona,79.26
57,18,0,33,66,Barcelona,79.324
58,10,2,41,66,Barcelona,79.564
59,1,2,30,66,Barcelona,79.796
60,18,0,42,66,Barcelona,79.896
61,4,1,34,66,Barcelona,80.041
62,19,1,34,66,Barcelona,79.687
63,4,1,35,66,Barcelona,79.587
64,10,0,33,66,Barcelona,79.751
65,13,2,32,66,Barcelona,79.94
66,13,2,33,66,Barcelona,80.663
1,4,2,30,66,Barcelona,87.97
2,1,1,39,66,Barcelona,82.084
3,11,2,33,66,Barcelona,81.383
4,8,1,39,66,Barcelona,81.949
5,7,1,37,66,Barcelona,81.858
6,19,0,36,66,Barcelona,81.545
7,14,1,42,66,Barcelona,81.698
8,5,1,35,66,Barcelona,81.841
9,7,1,39,66,Barcelona,81.629
10,17,1,33,66,Barcelona,81.852
11,12,2,39,66,Barcelona,81.994
12,18,1,43,66,Barcelona,87.477
13,2,0,33,66,Barcelona,100.395
14,8,1,41,66,Barcelona,80.698
15,19,0,40,66,Barcelona,80.312
16,9,1,40,66,Barcelona,81.125
17,7,2,30,66,Barcelona,81.428
18,18,1,30,66,Barcelona,80.756
19,2,1,32,66,Barcelona,81.174
20,13,1,35,66,Barcelona,81.137
21,9,2,42,66,Barcelona,81.205
22,17,2,32,66,Barcelona,82.174
23,3,1,38,66,Barcelona,81.627
24,3,0,39,66,Barcelona,80.907
25,19,0,30,66,Barcelona,81.053
26,13,2,33,66,Barcelona,80.972
27,17,0,33,66,Barcelona,81.42
28,12,1,44,66,Barcelona,81.09
29,17,0,34,66,Barcelona,80.979
30,8,1,35,66,Barcelona,81.198
31,19,0,31,66,Barcelona,81.314
32,11,1,41,66,Barcelona,81.445
33,2,0,32,66,Barcelona,81.203
34,1,1,44,66,Barcelona,81.627
35,10,0,34,66,Barcelona,81.255
36,4,1,41,66,Barcelona,81.04
37,7,2,41,66,Barcelona,81.02
38,11,0,32,66,Barcelona,84.542
39,9,2,41,66,Barcelona,99.454
40,4,2,32,66,Barcelona,80.452
41,4,2,44,66,Barcelona,80.122
42,1,2,32,66,Barcelona,80.356
43,15,0,39,66,Barcelona,79.023
44,9,0,42,66,Barcelona,79.532
45,9,1,31,66,Barcelona,79.415
46,18,0,38,66,Barcelona,79.363
47,17,0,31,66,Barcelona,79.264
48,7,2,38,66,Barcelona,78.916
49,7,2,38,66,Barcelona,78.609
50,17,0,33,66,Barcelona,79.15
51,4,2,31,66,Barcelona,78.943
52,9,2,41,66,Barcelona,79.107
53,12,2,35,66,Barcelona,79.124
54,13,2,30,66,Barcelona,79.451
55,17,2,37,66,Barcelona,79.559
56,18,1,36,66,Barcelona,79.163
57,10,1,44,66,Barcelona,79.704
58,14,2,37,66,Barcelona,79.661
59,6,1,34,66,Barcelona,80.015
60,18,0,34,66,Barcelona,79.572
61,18,0,32,66,Barcelona,79.872
62,11,2,33,66,Barcelona,79.304
63,10,0,38,66,Barcelona,79.66
64,4,1,32,66,Barcelona,79.985
65,6,0,40,66,Barcelona,80.164
66,9,1,42,66,Barcelona,81.126
1,10,0,36,66,Barcelona,88.615
2,10,1,43,66,Barcelona,82.234
3,4,1,44,66,Barcelona,81.849
4,15,2,31,66,Barcelona,82.097
5,19,2,36,66,Barcelona,81.655
6,1,2,40,66,Barcelona,81.526
7,10,1,43,66,Barcelona,81.49
8,11,1,35,66,Barcelona,82.01
9,1,1,40,66,Barcelona,81.481
10,16,1,40,66,Barcelona,81.68
11,9,0,33,66,Barcelona,81.734
12,13,1,35,66,Barcelona,81.983
13,8,2,39,66,Barcelona,85.586
14,10,1,37,66,Barcelona,99.168
15,11,0,37,66,Barcelona,80.167
16,9,0,40,66,Barcelona,80.583
17,16,0,37,66,Barcelona,80.42
18,4,0,32,66,Barcelona,80.162
19,7,1,42,66,Barcelona,80.559
20,4,0,37,66,Barcelona,80.661
21,15,1,38,66,Barcelona,81.033
22,17,2,40,66,Barcelona,81.205
23,19,0,39,66,Barcelona,81.082
24,8,0,37,66,Barcelona,80.609
25,3,1,36,66,Barcelona,80.593
26,4,0,34,66,Barcelona,80.821
27,7,2,39,66,Barcelona,80.918
28,4,2,40,66,Barcelona,82.179
29,12,2,43,66,Barcelona,81.234
30,1,2,42,66,Barcelona,81.403
31,2,1,40,66,Barcelona,85.42
32,1,1,37,66,Barcelona,96.491
33,8,0,36,66,Barcelona,78.652
34,9,1,41,66,Barcelona,79.548
35,11,2,32,66,Barcelona,79.316
36,12,1,35,66,Barcelona,78.936
37,17,2,41,66,Barcelona,79.059
38,6,1,33,66,Barcelona,79.488
39,10,0,38,66,Barcelona,78.99
40,10,1,42,66,Barcelona,79.367
41,17,0,40,66,Barcelona,79.387
42,1,0,31,66,Barcelona,79.072
43,17,0,33,66,Barcelona,79.48
44,17,1,43,66,Barcelona,79.617
45,10,1,40,66,Barcelona,79.469
46,6,2,32,66,Barcelona,79.406
47,12,0,41,66,Barcelona,79.846
48,11,1,32,66,Barcelona,79.811
49,3,0,38,66,Barcelona,83.203
50,6,0,36,66,Barcelona,96.99
51,8,1,38,66,Barcelona,77.785
52,12,1,33,66,Barcelona,78.373
53,18,1,30,66,Barcelona,78.29
54,13,1,31,66,Barcelona,78.43
55,5,0,36,66,Barcelona,78.54
56,11,2,33,66,Barcelona,78.572
57,9,2,44,66,Barcelona,78.935
58,18,1,35,66,Barcelona,79.305
59,7,0,36,66,Barcelona,79.193
60,10,2,42,66,Barcelona,79.017
61,16,1,38,66,Barcelona,78.772
62,1,0,32,66,Barcelona,78.934
63,17,1,40,66,Barcelona,79.688
64,18,2,38,66,Barcelona,79.357
65,9,1,41,66,Barcelona,79.124
66,13,1,42,66,Barcelona,79.151
1,11,0,32,66,Barcelona,89.19
2,16,2,35,66,Barcelona,82.501
3,18,0,32,66,Barcelona,81.912
4,7,0,31,66,Barcelona,81.955
5,3,2,40,66,Barcelona,82.593
6,7,1,31,66,Barcelona,83.536
7,8,1,33,66,Barcelona,83.456
8,2,2,30,66,Barcelona,82.542
9,6,1,37,66,Barcelona,82.353
10,2,0,33,66,Barcelona,82.426
11,1,2,32,66,Barcelona,81.955
12,15,1,35,66,Barcelona,81.05
13,3,1,42,66,Barcelona,81.589
14,9,2,35,66,Barcelona,81.855
15,11,0,30,66,Barcelona,81.84
16,13,1,35,66,Barcelona,82.546
17,13,0,43,66,Barcelona,83.26
18,12,0,39,66,Barcelona,82.186
19,19,2,34,66,Barcelona,85.298
20,14,1,30,66,Barcelona,98.729
21,14,1,37,66,Barcelona,80.488
22,13,0,36,66,Barcelona,80.345
23,17,2,37,66,Barcelona,80.773
24,3,0,43,66,Barcelona,81.14
25,11,2,43,66,Barcelona,81.199
26,3,0,34,66,Barcelona,81.291
27,1,1,36,66,Barcelona,81.391
28,12,0,40,66,Barcelona,81.411
29,13,1,33,66,Barcelona,81.457
30,18,1,34,66,Barcelona,81.426
31,16,1,36,66,Barcelona,81.276
32,12,2,43,66,Barcelona,80.904
33,10,0,35,66,Barcelona,81.093
34,18,2,43,66,Barcelona,81.916
35,6,2,34,66,Barcelona,81.192
36,11,0,37,66,Barcelona,81.028
37,10,1,32,66,Barcelona,80.993
38,7,1,33,66,Barcelona,80.536
39,15,2,43,66,Barcelona,82.382
40,1,2,38,66,Barcelona,81.113
41,4,1,31,66,Barcelona,81.139
42,11,1,40,66,Barcelona,80.537
43,13,2,30,66,Barcelona,80.435
44,19,1,41,66,Barcelona,80.539
45,14,0,34,66,Barcelona,84.032
46,10,2,36,66,Barcelona,98.308
47,9,1,35,66,Barcelona,78.972
48,19,0,33,66,Barcelona,78.727
49,4,2,36,66,Barcelona,78.719
50,10,0,40,66,Barcelona,78.334
51,5,1,39,66,Barcelona,78.902
52,6,2,31,66,Barcelona,79.666
53,17,2,40,66,Barcelona,78.712
54,5,2,42,66,Barcelona,79.415
55,16,0,36,66,Barcelona,79.28
56,7,1,38,66,Barcelona,79.025
57,9,1,41,66,Barcelona,81.003
58,1,1,41,66,Barcelona,79.355
59,13,2,38,66,Barcelona,79.876
60,18,1,35,66,Barcelona,80.583
61,12,2,31,66,Barcelona,79.652
62,7,1,30,66,Barcelona,79.617
63,10,0,31,66,Barcelona,79.64
64,3,1,32,66,Barcelona,79.387
65,2,0,34,66,Barcelona,79.743
1,14,2,30,66,Barcelona,89.606
2,11,1,38,66,Barcelona,82.587
3,18,2,36,66,Barcelona,82.004
4,13,0,38,66,Barcelona,82.128
5,5,2,37,66,Barcelona,82.263
6,13,0,33,66,Barcelona,82.13
7,17,1,33,66,Barcelona,82.416
8,18,0,40,66,Barcelona,82.359
9,6,1,36,66,Barcelona,81.858
10,4,1,33,66,Barcelona,81.75
11,5,2,39,66,Barcelona,81.967
12,2,1,31,66,Barcelona,82.256
13,3,1,33,66,Barcelona,82.185
14,17,1,31,66,Barcelona,81.768
15,19,2,43,66,Barcelona,81.918
16,9,2,39,66,Barcelona,81.955
17,14,0,34,66,Barcelona,86.896
18,11,2,36,66,Barcelona,99.122
19,10,0,33,66,Barcelona,80.615
20,16,1,30,66,Barcelona,80.783
21,1,2,30,66,Barcelona,81.212
22,19,0,35,66,Barcelona,81.328
23,17,0,42,66,Barcelona,81.366
24,1,0,33,66,Barcelona,81.568
25,4,1,44,66,Barcelona,81.131
26,12,2,38,66,Barcelona,81.092
27,5,1,40,66,Barcelona,81.3
28,19,2,40,66,Barcelona,81.244
29,13,0,37,66,Barcelona,81.101
30,15,0,32,66,Barcelona,81.454
31,12,1,43,66,Barcelona,81.481
32,3,0,43,66,Barcelona,81.275
33,9,2,44,66,Barcelona,80.972
34,9,1,43,66,Barcelona,81.339
35,14,1,31,66,Barcelona,82.413
36,17,0,39,66,Barcelona,81.262
37,3,1,33,66,Barcelona,85.201
38,8,0,41,66,Barcelona,100.958
39,12,1,37,66,Barcelona,80.421
40,9,1,40,66,Barcelona,80.289
41,3,1,30,66,Barcelona,80.921
42,10,1,43,66,Barcelona,80.926
43,16,1,36,66,Barcelona,81.539
44,11,1,35,66,Barcelona,81.548
45,5,1,44,66,Barcelona,80.288
46,13,1,36,66,Barcelona,80.301
47,19,0,42,66,Barcelona,79.704
48,6,2,38,66,Barcelona,79.749
49,12,0,35,66,Barcelona,79.341
50,15,2,33,66,Barcelona,79.318
51,13,2,42,66,Barcelona,79.739
52,14,1,43,66,Barcelona,81.436
53,3,1,36,66,Barcelona,79.832
54,17,1,39,66,Barcelona,79.488
55,7,1,36,66,Barcelona,80.854
56,17,1,31,66,Barcelona,79.643
57,5,2,41,66,Barcelona,79.541
58,12,2,31,66,Barcelona,79.595
59,2,1,35,66,Barcelona,79.773
60,5,2,41,66,Barcelona,79.627
61,12,1,34,66,Barcelona,79.747
62,15,2,43,66,Barcelona,81.533
63,6,1,41,66,Barcelona,80.02
64,15,0,38,66,Barcelona,80.139
65,2,0,40,66,Barcelona,83.904
1,3,2,30,66,Barcelona,90.001
2,5,1,40,66,Barcelona,82.715
3,1,0,36,66,Barcelona,82.113
4,14,1,44,66,Barcelona,82.291
5,14,0,38,66,Barcelona,82.662
6,8,1,34,66,Barcelona,82.336
7,12,2,31,66,Barcelona,82.3
8,16,0,34,66,Barcelona,82.503
9,7,2,33,66,Barcelona,82.292
10,4,0,36,66,Barcelona,82.314
11,12,2,39,66,Barcelona,85.342
12,7,2,35,66,Barcelona,99.211
13,13,1,34,66,Barcelona,79.608
14,2,2,30,66,Barcelona,80.017
15,17,1,34,66,Barcelona,81.085
16,14,1,38,66,Barcelona,81.257
17,1,1,33,66,Barcelona,81.587
18,10,2,42,66,Barcelona,81.601
19,4,1,36,66,Barcelona,81.23
20,3,1,41,66,Barcelona,81.612
21,11,2,41,66,Barcelona,81.686
22,6,2,33,66,Barcelona,81.931
23,3,2,31,66,Barcelona,82.239
24,2,1,34,66,Barcelona,81.782
25,1,2,34,66,Barcelona,83.041
26,18,1,36,66,Barcelona,83.001
27,7,1,32,66,Barcelona,83.428
28,17,0,39,66,Barcelona,85.577
29,10,1,44,66,Barcelona,99.622
30,16,2,42,66,Barcelona,80.195
31,15,0,44,66,Barcelona,80.47
32,15,2,40,66,Barcelona,81.613
33,19,1,38,66,Barcelona,80.565
34,10,0,40,66,Barcelona,80.744
35,12,2,30,66,Barcelona,80.666
36,14,0,38,66,Barcelona,80.604
37,18,1,31,66,Barcelona,80.815
38,11,2,39,66,Barcelona,80.773
39,13,0,33,66,Barcelona,82.774
40,7,0,35,66,Barcelona,81.055
41,12,1,35,66,Barcelona,84.249
42,12,1,35,66,Barcelona,80.477
43,18,0,31,66,Barcelona,82.645
44,14,1,38,66,Barcelona,81.338
45,8,1,30,66,Barcelona,80.81
46,19,2,41,66,Barcelona,80.891
47,13,0,36,66,Barcelona,81.055
48,10,0,38,66,Barcelona,82.101
49,3,0,32,66,Barcelona,80.644
50,2,0,30,66,Barcelona,81.587
51,11,1,38,66,Barcelona,82.406
52,6,0,34,66,Barcelona,82.596
53,17,1,34,66,Barcelona,83.642
54,11,1,42,66,Barcelona,80.795
55,11,1,40,66,Barcelona,80.81
56,13,2,30,66,Barcelona,80.369
57,10,2,42,66,Barcelona,79.936
58,18,0,41,66,Barcelona,81.902
59,9,1,40,66,Barcelona,80.39
60,18,2,40,66,Barcelona,82.699
61,17,2,40,66,Barcelona,81.16
62,8,1,32,66,Barcelona,80.876
63,10,1,31,66,Barcelona,80.747
64,6,2,34,66,Barcelona,81.325
65,5,1,37,66,Barcelona,81.432
1,6,1,38,66,Barcelona,90.324
2,4,1,35,66,Barcelona,82.957
3,11,0,35,66,Barcelona,82.193
4,19,0,32,66,Barcelona,82.407
5,9,2,30,66,Barcelona,82.919
6,5,0,42,66,Barcelona,83.724
7,8,0,39,66,Barcelona,83.735
8,13,0,40,66,Barcelona,82.959
9,3,1,42,66,Barcelona,86.004
10,4,2,40,66,Barcelona,98.886
11,12,0,36,66,Barcelona,81.644
12,18,1,42,66,Barcelona,82.341
13,19,1,34,66,Barcelona,81.817
14,18,1,44,66,Barcelona,81.511
15,18,0,44,66,Barcelona,81.553
16,12,0,36,66,Barcelona,82.033
17,14,0,41,66,Barcelona,81.523
18,1,0,42,66,Barcelona,82.182
19,4,0,35,66,Barcelona,81.744
20,13,2,43,66,Barcelona,82.962
21,10,1,43,66,Barcelona,81.392
22,17,2,40,66,Barcelona,83.793
23,10,1,43,66,Barcelona,81.748
24,14,0,31,66,Barcelona,81.615
25,10,0,39,66,Barcelona,81.791
26,2,1,33,66,Barcelona,82.011
27,3,0,44,66,Barcelona,85.581
28,7,2,39,66,Barcelona,99.737
29,8,1,41,66,Barcelona,79.573
30,2,0,40,66,Barcelona,79.755
31,1,2,32,66,Barcelona,80.378
32,8,0,31,66,Barcelona,80.323
33,3,2,44,66,Barcelona,80.172
34,16,1,38,66,Barcelona,80.557
35,4,0,36,66,Barcelona,80.188
36,2,0,34,66,Barcelona,82.771
37,13,0,30,66,Barcelona,80.653
38,3,2,37,66,Barcelona,80.849
39,19,2,30,66,Barcelona,81.026
40,2,0,41,66,Barcelona,82.1
41,6,2,32,66,Barcelona,81.475
42,10,1,43,66,Barcelona,84.313
43,8,0,36,66,Barcelona,80.875
44,6,2,38,66,Barcelona,86.386
45,2,2,42,66,Barcelona,101.067
46,19,2,33,66,Barcelona,80.706
47,13,1,37,66,Barcelona,80.461
48,16,1,40,66,Barcelona,82.703
49,1,2,43,66,Barcelona,81.799
50,9,0,41,66,Barcelona,79.815
51,2,1,37,66,Barcelona,79.678
52,7,2,35,66,Barcelona,79.818
53,12,2,37,66,Barcelona,80.029
54,14,0,33,66,Barcelona,80.437
55,7,1,33,66,Barcelona,79.564
56,14,1,39,66,Barcelona,79.447
57,3,1,42,66,Barcelona,79.464
58,1,1,36,66,Barcelona,79.642
59,16,1,32,66,Barcelona,80.129
60,2,0,44,66,Barcelona,79.796
61,6,1,36,66,Barcelona,80.117
62,9,2,37,66,Barcelona,84.052
63,5,1,30,66,Barcelona,80.309
64,9,2,32,66,Barcelona,80.103
65,18,1,31,66,Barcelona,80.515
1,19,0,42,66,Barcelona,90.633
2,1,1,32,66,Barcelona,83.073
3,8,1,41,66,Barcelona,82.102
4,15,1,36,66,Barcelona,82.38
5,1,2,37,66,Barcelona,83.042
6,16,1,37,66,Barcelona,82.446
7,10,0,33,66,Barcelona,82.471
8,10,2,30,66,Barcelona,82.22
9,11,1,40,66,Barcelona,82.195
10,10,2,38,66,Barcelona,86.084
11,2,2,36,66,Barcelona,100.571
12,6,1,31,66,Barcelona,81.47
13,11,0,37,66,Barcelona,80.964
14,14,0,44,66,Barcelona,81.224
15,15,0,40,66,Barcelona,81.439
16,7,1,44,66,Barcelona,81.51
17,8,1,35,66,Barcelona,81.34
18,7,1,35,66,Barcelona,81.287
19,19,0,40,66,Barcelona,80.95
20,2,0,39,66,Barcelona,82.488
21,12,0,32,66,Barcelona,81.786
22,7,1,30,66,Barcelona,81.595
23,9,1,35,66,Barcelona,82.566
24,16,1,33,66,Barcelona,82.057
25,4,2,35,66,Barcelona,81.716
26,9,2,44,66,Barcelona,81.817
27,17,1,31,66,Barcelona,82.342
28,14,2,32,66,Barcelona,81.945
29,3,1,31,66,Barcelona,85.381
30,3,0,42,66,Barcelona,107.447
31,14,1,36,66,Barcelona,80.045
32,16,0,43,66,Barcelona,79.927
33,4,1,44,66,Barcelona,79.805
34,6,0,42,66,Barcelona,80.206
35,4,0,38,66,Barcelona,80.298
36,4,1,35,66,Barcelona,80.48
37,18,1,41,66,Barcelona,80.488
38,15,2,40,66,Barcelona,80.327
39,15,2,34,66,Barcelona,80.62
40,6,2,41,66,Barcelona,81.685
41,15,0,44,66,Barcelona,80.948
42,18,2,32,66,Barcelona,80.912
43,11,1,35,66,Barcelona,81.033
44,9,1,31,66,Barcelona,81.124
45,17,2,41,66,Barcelona,80.884
46,2,1,32,66,Barcelona,81.131
47,14,1,36,66,Barcelona,80.967
48,7,2,31,66,Barcelona,81.784
49,17,2,41,66,Barcelona,80.94
50,11,0,42,66,Barcelona,81.147
51,10,2,31,66,Barcelona,83.892
52,10,1,34,66,Barcelona,82.938
53,15,1,33,66,Barcelona,81.932
54,4,2,44,66,Barcelona,80.894
55,10,2,32,66,Barcelona,80.638
56,2,2,33,66,Barcelona,80.584
57,17,1,38,66,Barcelona,82.164
58,6,2,37,66,Barcelona,81.049
59,17,0,39,66,Barcelona,80.796
60,5,2,43,66,Barcelona,80.996
61,4,0,43,66,Barcelona,81.022
62,14,1,40,66,Barcelona,80.994
63,5,2,38,66,Barcelona,81.008
64,16,1,33,66,Barcelona,81.366
65,4,2,32,66,Barcelona,81.45
1,17,2,39,66,Barcelona,91.052
2,8,2,36,66,Barcelona,83.016
3,17,1,33,66,Barcelona,82.516
4,13,1,42,66,Barcelona,82.358
5,3,2,31,66,Barcelona,82.81
6,19,2,37,66,Barcelona,82.951
7,16,0,37,66,Barcelona,82.487
8,2,1,34,66,Barcelona,82.57
9,8,1,43,66,Barcelona,85.889
10,6,0,35,66,Barcelona,98.315
11,12,0,41,66,Barcelona,80.219
12,12,2,32,66,Barcelona,80.151
13,12,2,44,66,Barcelona,80.739
14,7,2,41,66,Barcelona,81.869
15,5,0,41,66,Barcelona,81.376
16,11,2,39,66,Barcelona,81.382
17,16,2,38,66,Barcelona,81.607
18,12,2,34,66,Barcelona,81.546
19,11,2,37,66,Barcelona,81.379
20,4,2,37,66,Barcelona,81.512
21,19,1,37,66,Barcelona,81.79
22,3,1,44,66,Barcelona,81.671
23,1,0,32,66,Barcelona,81.796
24,2,1,32,66,Barcelona,81.561
25,13,0,39,66,Barcelona,80.469
26,4,0,34,66,Barcelona,81.268
27,14,0,41,66,Barcelona,81.179
28,9,0,34,66,Barcelona,81.254
29,4,0,43,66,Barcelona,81.057
30,18,1,34,66,Barcelona,81.471
31,14,0,38,66,Barcelona,81.426
32,6,0,35,66,Barcelona,81.387
33,14,2,34,66,Barcelona,80.995
34,4,2,35,66,Barcelona,81.273
35,5,2,44,66,Barcelona,81.418
36,13,0,31,66,Barcelona,82.152
37,8,2,40,66,Barcelona,81.523
38,11,0,32,66,Barcelona,81.23
39,8,0,33,66,Barcelona,81.386
40,15,0,36,66,Barcelona,82.219
41,7,2,35,66,Barcelona,85.635
42,11,2,41,66,Barcelona,101.908
43,15,1,40,66,Barcelona,78.979
44,2,1,32,66,Barcelona,79.246
45,4,1,40,66,Barcelona,79.373
46,15,2,32,66,Barcelona,79.226
47,14,2,36,66,Barcelona,79.198
48,1,1,38,66,Barcelona,79.138
49,2,2,33,66,Barcelona,78.918
50,15,1,39,66,Barcelona,78.771
51,6,0,36,66,Barcelona,79.426
52,12,2,33,66,Barcelona,79.908
53,8,2,31,66,Barcelona,80.885
54,7,0,42,66,Barcelona,80.055
55,2,1,33,66,Barcelona,81.227
56,1,0,41,66,Barcelona,79.544
57,18,0,32,66,Barcelona,80.813
58,8,1,40,66,Barcelona,79.368
59,8,0,34,66,Barcelona,79.651
60,18,1,44,66,Barcelona,79.743
61,14,1,35,66,Barcelona,79.809
62,6,0,35,66,Barcelona,79.831
63,9,0,33,66,Barcelona,79.787
64,7,2,37,66,Barcelona,80.01
65,14,1,38,66,Barcelona,80.985
1,7,2,34,66,Barcelona,91.507
2,17,1,31,66,Barcelona,83.613
3,6,1,36,66,Barcelona,82.491
4,12,0,34,66,Barcelona,82.557
5,5,2,37,66,Barcelona,82.869
6,5,1,34,66,Barcelona,83.637
7,15,1,37,66,Barcelona,83.369
8,3,0,30,66,Barcelona,83.345
9,7,1,31,66,Barcelona,82.787
10,14,1,43,66,Barcelona,82.871
11,7,1,32,66,Barcelona,82.588
12,15,1,36,66,Barcelona,82.461
13,13,1,34,66,Barcelona,83.105
14,5,0,38,66,Barcelona,86.379
15,9,2,32,66,Barcelona,99.619
16,1,0,39,66,Barcelona,80.908
17,6,2,42,66,Barcelona,81.077
18,8,0,36,66,Barcelona,81.379
19,12,0,31,66,Barcelona,81.554
20,1,1,34,66,Barcelona,81.622
21,16,0,40,66,Barcelona,81.34
22,4,1,43,66,Barcelona,81.884
23,11,0,37,66,Barcelona,81.942
24,19,1,39,66,Barcelona,83.109
25,12,0,32,66,Barcelona,82.33
26,19,2,41,66,Barcelona,82.547
27,11,0,43,66,Barcelona,82.578
28,5,2,40,66,Barcelona,82.587
29,6,0,43,66,Barcelona,82.425
30,16,1,38,66,Barcelona,82.812
31,12,2,38,66,Barcelona,82.721
32,18,0,38,66,Barcelona,82.444
33,15,0,40,66,Barcelona,82.943
34,18,2,44,66,Barcelona,85.825
35,6,1,38,66,Barcelona,100.595
36,10,0,31,66,Barcelona,80.274
37,9,1,33,66,Barcelona,80.402
38,19,1,40,66,Barcelona,80.172
39,19,1,36,66,Barcelona,80.416
40,19,1,33,66,Barcelona,80.448
41,8,1,39,66,Barcelona,80.747
42,14,2,37,66,Barcelona,82.818
43,12,2,44,66,Barcelona,82.152
44,17,0,33,66,Barcelona,82.888
45,4,2,35,66,Barcelona,80.945
46,5,2,32,66,Barcelona,81.041
47,7,0,43,66,Barcelona,82.298
48,8,1,41,66,Barcelona,81.033
49,15,1,36,66,Barcelona,81.073
50,6,2,31,66,Barcelona,80.983
51,1,0,43,66,Barcelona,81.939
52,4,1,31,66,Barcelona,81.025
53,15,0,44,66,Barcelona,81.083
54,12,1,30,66,Barcelona,81.199
55,17,0,43,66,Barcelona,81.966
56,16,1,38,66,Barcelona,82.226
57,16,1,41,66,Barcelona,82.922
58,17,2,37,66,Barcelona,81.489
59,7,1,42,66,Barcelona,81.553
60,9,0,37,66,Barcelona,84.685
61,5,2,33,66,Barcelona,81.305
62,4,2,33,66,Barcelona,81.376
63,4,0,44,66,Barcelona,81.612
64,11,2,37,66,Barcelona,85.203
1,5,2,38,66,Barcelona,91.751
2,10,2,37,66,Barcelona,82.721
3,4,0,41,66,Barcelona,82.652
4,10,2,42,66,Barcelona,82.374
5,2,1,34,66,Barcelona,83.005
6,5,1,31,66,Barcelona,82.92
7,8,0,36,66,Barcelona,83.484
8,5,2,34,66,Barcelona,83.066
9,18,2,31,66,Barcelona,82.436
10,7,0,33,66,Barcelona,81.77
11,14,1,36,66,Barcelona,82.102
12,7,1,41,66,Barcelona,81.857
13,15,0,39,66,Barcelona,81.974
14,10,1,34,66,Barcelona,81.902
15,14,0,38,66,Barcelona,82.433
16,17,0,39,66,Barcelona,86.262
17,18,1,44,66,Barcelona,100.003
18,18,1,41,66,Barcelona,80.858
19,19,1,33,66,Barcelona,81.415
20,1,2,33,66,Barcelona,81.881
21,1,1,39,66,Barcelona,80.964
22,5,0,34,66,Barcelona,80.849
23,12,2,41,66,Barcelona,81.358
24,8,0,34,66,Barcelona,81.123
25,1,1,30,66,Barcelona,81.122
26,11,0,44,66,Barcelona,81.337
27,17,0,36,66,Barcelona,81.663
28,4,1,37,66,Barcelona,81.558
29,5,1,31,66,Barcelona,81.43
30,14,0,30,66,Barcelona,81.052
31,12,1,30,66,Barcelona,81.542
32,10,2,31,66,Barcelona,81.578
33,12,2,36,66,Barcelona,81.117
34,1,2,35,66,Barcelona,81.033
35,16,1,43,66,Barcelona,81.17
36,6,1,42,66,Barcelona,81.059
37,15,2,30,66,Barcelona,81.14
38,3,0,39,66,Barcelona,81.188
39,17,0,34,66,Barcelona,82.205
40,7,1,38,66,Barcelona,82.415
41,13,1,30,66,Barcelona,81.54
42,14,1,33,66,Barcelona,84.891
43,6,2,36,66,Barcelona,101.373
44,3,1,42,66,Barcelona,81.034
45,15,2,31,66,Barcelona,82.469
46,10,0,31,66,Barcelona,80.945
47,14,1,37,66,Barcelona,80.93
48,7,0,40,66,Barcelona,83.762
49,16,2,44,66,Barcelona,81.912
50,12,1,41,66,Barcelona,79.843
51,3,1,36,66,Barcelona,79.585
52,7,1,44,66,Barcelona,81.027
53,18,0,37,66,Barcelona,80.084
54,1,2,32,66,Barcelona,80.277
55,7,2,38,66,Barcelona,80.999
56,4,2,43,66,Barcelona,80.128
57,1,1,40,66,Barcelona,79.768
58,4,1,37,66,Barcelona,81.548
59,2,2,30,66,Barcelona,79.996
60,9,1,38,66,Barcelona,79.556
61,9,2,32,66,Barcelona,79.45
62,10,1,36,66,Barcelona,79.8
63,13,0,44,66,Barcelona,79.87
64,2,1,40,66,Barcelona,80.194
65,12,0,42,66,Barcelona,79.527
1,11,2,36,66,Barcelona,93.92
2,8,1,30,66,Barcelona,82.217
3,11,1,40,66,Barcelona,82.171
4,8,0,31,66,Barcelona,82.278
5,10,0,32,66,Barcelona,82.775
6,19,0,36,66,Barcelona,82.498
7,17,1,39,66,Barcelona,83.531
8,19,1,40,66,Barcelona,83.225
9,10,0,35,66,Barcelona,82.838
10,3,2,42,66,Barcelona,82.787
11,1,2,40,66,Barcelona,82.421
12,9,0,42,66,Barcelona,82.119
13,4,1,35,66,Barcelona,82.263
14,12,1,33,66,Barcelona,82.246
15,18,1,42,66,Barcelona,82.595
16,9,1,36,66,Barcelona,83.579
17,17,0,36,66,Barcelona,83.526
18,3,0,34,66,Barcelona,86.838
19,14,2,33,66,Barcelona,100.225
20,17,0,32,66,Barcelona,80.005
21,8,0,34,66,Barcelona,80.288
22,2,1,42,66,Barcelona,80.494
23,7,0,41,66,Barcelona,81.052
24,13,2,44,66,Barcelona,81.181
25,8,0,39,66,Barcelona,80.945
26,4,2,33,66,Barcelona,81.477
27,14,0,44,66,Barcelona,81.645
28,6,1,40,66,Barcelona,81.416
29,18,1,44,66,Barcelona,81.102
30,2,1,40,66,Barcelona,81.419
31,16,2,35,66,Barcelona,81.252
32,1,2,36,66,Barcelona,81.17
33,6,1,36,66,Barcelona,80.993
34,14,1,34,66,Barcelona,81.283
35,15,1,44,66,Barcelona,81.636
36,9,0,31,66,Barcelona,81.479
37,15,0,37,66,Barcelona,81.577
38,3,0,31,66,Barcelona,81.737
39,6,2,30,66,Barcelona,82.269
40,1,2,37,66,Barcelona,81.587
41,18,1,30,66,Barcelona,82.155
42,2,0,36,66,Barcelona,84.25
43,15,1,32,66,Barcelona,85.925
44,8,0,39,66,Barcelona,97.415
45,13,0,33,66,Barcelona,79.132
46,11,2,40,66,Barcelona,83.125
47,17,0,35,66,Barcelona,79.852
48,14,2,31,66,Barcelona,82.037
49,9,0,38,66,Barcelona,79.881
50,18,2,44,66,Barcelona,80.077
51,9,0,34,66,Barcelona,81.43
52,11,2,36,66,Barcelona,80.131
53,6,1,31,66,Barcelona,80.22
54,18,0,41,66,Barcelona,80.3
55,18,1,34,66,Barcelona,80.197
56,1,1,37,66,Barcelona,81.742
57,2,0,30,66,Barcelona,80.119
58,9,1,31,66,Barcelona,89.605
59,1,0,32,66,Barcelona,80.097
60,14,1,33,66,Barcelona,79.876
61,11,0,37,66,Barcelona,80.002
62,15,1,33,66,Barcelona,79.993
63,10,1,32,66,Barcelona,80.211
64,18,0,42,66,Barcelona,80.235
65,7,1,37,66,Barcelona,80.31
1,19,0,31,52,Silverstone,95.211
2,17,0,35,52,Silverstone,91.418
3,15,0,40,52,Silverstone,91.298
4,13,2,39,52,Silverstone,91.799
5,12,2,40,52,Silverstone,91.628
6,15,0,41,52,Silverstone,91.625
7,16,0,40,52,Silverstone,91.663
8,17,0,30,52,Silverstone,91.731
9,5,2,40,52,Silverstone,91.621
10,1,2,42,52,Silverstone,91.639
11,3,1,30,52,Silverstone,91.586
12,12,2,37,52,Silverstone,91.619
13,2,1,35,52,Silverstone,91.716
14,14,1,32,52,Silverstone,91.478
15,4,2,30,52,Silverstone,91.566
16,17,1,32,52,Silverstone,91.626
17,11,1,41,52,Silverstone,94.793
18,11,1,32,52,Silverstone,96.365
19,1,1,34,52,Silverstone,104.151
20,4,2,34,52,Silverstone,99.962
21,19,1,37,52,Silverstone,92.753
22,19,2,43,52,Silverstone,91.344
23,4,2,30,52,Silverstone,91.497
24,17,2,38,52,Silverstone,91.968
25,2,0,41,52,Silverstone,94.781
26,13,1,44,52,Silverstone,99.949
27,15,0,38,52,Silverstone,107.698
28,9,0,32,52,Silverstone,124.342
29,19,0,43,52,Silverstone,100.405
30,7,0,35,52,Silverstone,101.237
31,19,2,33,52,Silverstone,101.902
32,13,1,41,52,Silverstone,103.085
33,17,2,42,52,Silverstone,106.221
1,9,2,30,52,Silverstone,96.034
2,11,2,42,52,Silverstone,91.42
3,3,0,31,52,Silverstone,91.716
4,8,1,34,52,Silverstone,91.988
5,15,1,38,52,Silverstone,91.677
6,13,2,40,52,Silverstone,91.746
7,10,0,36,52,Silverstone,91.675
8,17,0,34,52,Silverstone,91.76
9,11,0,44,52,Silverstone,91.564
10,5,0,43,52,Silverstone,91.515
11,16,2,37,52,Silverstone,91.487
12,14,0,30,52,Silverstone,91.563
13,11,1,41,52,Silverstone,91.881
14,18,2,33,52,Silverstone,91.609
15,6,1,36,52,Silverstone,91.563
16,11,0,40,52,Silverstone,91.931
17,9,2,42,52,Silverstone,93.721
18,13,0,30,52,Silverstone,95.071
19,16,0,36,52,Silverstone,103.711
20,8,2,41,52,Silverstone,100.021
21,13,2,44,52,Silverstone,92.156
22,11,1,42,52,Silverstone,91.095
23,17,1,39,52,Silverstone,91.107
24,14,2,31,52,Silverstone,91.635
25,8,2,38,52,Silverstone,94.988
26,4,1,38,52,Silverstone,100.792
27,17,1,30,52,Silverstone,105.183
28,3,0,43,52,Silverstone,120.866
29,5,1,40,52,Silverstone,100.42
30,17,1,36,52,Silverstone,100.467
31,7,1,42,52,Silverstone,101.538
32,4,0,42,52,Silverstone,102.475
33,5,1,36,52,Silverstone,102.435
34,1,0,40,52,Silverstone,102.757
35,8,0,36,52,Silverstone,102.271
36,9,0,36,52,Silverstone,101.924
37,15,1,36,52,Silverstone,99.711
38,8,2,44,52,Silverstone,97.22
39,15,2,43,52,Silverstone,117.389
40,7,1,40,52,Silverstone,90.318
41,6,2,43,52,Silverstone,90.118
42,14,1,39,52,Silverstone,89.617
43,10,2,37,52,Silverstone,89.793
44,8,2,31,52,Silverstone,89.697
45,6,1,33,52,Silverstone,89.438
46,17,2,35,52,Silverstone,89.641
47,14,1,30,52,Silverstone,89.538
48,14,1,32,52,Silverstone,89.579
49,10,2,35,52,Silverstone,89.667
50,18,2,32,52,Silverstone,89.682
51,9,2,32,52,Silverstone,89.743
52,3,2,30,52,Silverstone,90.146
1,9,1,35,52,Silverstone,96.711
2,1,0,30,52,Silverstone,91.773
3,5,0,41,52,Silverstone,92.2
4,4,1,37,52,Silverstone,91.933
5,10,1,33,52,Silverstone,91.778
6,13,2,30,52,Silverstone,91.711
7,1,1,30,52,Silverstone,91.935
8,1,2,38,52,Silverstone,92.038
9,19,2,41,52,Silverstone,91.883
10,6,1,37,52,Silverstone,91.661
11,14,1,43,52,Silverstone,91.81
12,8,2,38,52,Silverstone,91.894
13,9,2,34,52,Silverstone,91.759
14,19,0,39,52,Silverstone,91.7
15,11,0,31,52,Silverstone,92.249
16,4,2,34,52,Silverstone,92.504
17,6,1,41,52,Silverstone,95.359
18,10,2,35,52,Silverstone,96.172
19,4,0,33,52,Silverstone,102.485
20,13,0,35,52,Silverstone,97.108
21,13,0,34,52,Silverstone,93.488
22,12,1,44,52,Silverstone,91.904
23,9,2,36,52,Silverstone,92.143
24,16,2,32,52,Silverstone,93.02
25,16,1,33,52,Silverstone,96.063
26,18,2,41,52,Silverstone,101.491
27,5,2,40,52,Silverstone,119.169
28,17,1,44,52,Silverstone,101.176
29,5,1,31,52,Silverstone,101.533
30,11,1,40,52,Silverstone,102.098
31,9,2,39,52,Silverstone,102.025
32,13,2,39,52,Silverstone,102.538
33,6,1,34,52,Silverstone,102.606
34,1,0,37,52,Silverstone,102.447
35,2,1,35,52,Silverstone,103.029
36,11,1,44,52,Silverstone,101.958
37,17,0,44,52,Silverstone,98.869
38,14,0,30,52,Silverstone,95.963
39,17,2,40,52,Silverstone,118.311
40,9,1,43,52,Silverstone,90.056
41,12,2,35,52,Silverstone,89.604
42,17,0,39,52,Silverstone,89.472
43,13,0,31,52,Silverstone,89.105
44,18,1,34,52,Silverstone,89.372
45,11,0,37,52,Silverstone,89.137
46,6,2,38,52,Silverstone,89.543
47,14,2,44,52,Silverstone,89.411
48,12,2,37,52,Silverstone,88.952
49,2,2,40,52,Silverstone,89.56
50,3,1,34,52,Silverstone,89.286
51,6,2,32,52,Silverstone,89.443
52,9,0,30,52,Silverstone,89.089
1,9,1,35,52,Silverstone,97.347
2,13,2,34,52,Silverstone,92.188
3,16,1,31,52,Silverstone,91.991
4,6,1,35,52,Silverstone,91.976
5,12,2,40,52,Silverstone,91.716
6,3,1,33,52,Silverstone,91.896
7,17,1,40,52,Silverstone,92.071
8,13,1,37,52,Silverstone,92.018
9,1,1,44,52,Silverstone,91.976
10,3,1,31,52,Silverstone,91.83
11,15,1,30,52,Silverstone,91.748
12,4,0,36,52,Silverstone,91.718
13,2,2,31,52,Silverstone,91.472
14,4,1,31,52,Silverstone,91.407
15,19,1,31,52,Silverstone,90.946
16,10,1,36,52,Silverstone,91.69
17,8,2,44,52,Silverstone,94.304
18,1,1,42,52,Silverstone,94.125
19,4,1,44,52,Silverstone,101.436
20,19,1,30,52,Silverstone,97.704
21,18,1,42,52,Silverstone,91.513
22,2,1,31,52,Silverstone,90.86
23,18,1,35,52,Silverstone,91.176
24,16,1,43,52,Silverstone,91.629
25,3,1,37,52,Silverstone,94.307
26,13,0,31,52,Silverstone,101.515
27,18,2,43,52,Silverstone,104.806
28,4,1,36,52,Silverstone,120.915
29,4,1,37,52,Silverstone,100.266
30,14,1,37,52,Silverstone,100.717
31,12,1,34,52,Silverstone,101.313
32,17,1,37,52,Silverstone,102.216
33,9,0,36,52,Silverstone,102.607
34,19,1,31,52,Silverstone,103.078
35,5,2,35,52,Silverstone,102.935
36,9,1,41,52,Silverstone,102.34
37,7,1,43,52,Silverstone,99.786
38,7,0,37,52,Silverstone,97.999
39,12,0,33,52,Silverstone,96.746
40,14,0,41,52,Silverstone,114.84
41,2,1,41,52,Silverstone,89.733
42,17,1,35,52,Silverstone,90.006
43,8,0,32,52,Silverstone,89.262
44,8,0,33,52,Silverstone,89.752
45,4,2,37,52,Silverstone,89.635
46,1,0,42,52,Silverstone,89.96
47,13,1,41,52,Silverstone,89.838
48,12,0,40,52,Silverstone,90.556
49,5,0,33,52,Silverstone,90.515
50,10,1,30,52,Silverstone,90.544
51,19,2,30,52,Silverstone,90.769
52,3,1,30,52,Silverstone,90.913
1,2,1,33,52,Silverstone,98.008
2,7,0,37,52,Silverstone,92.361
3,13,1,37,52,Silverstone,91.927
4,11,1,35,52,Silverstone,91.919
5,13,0,34,52,Silverstone,91.832
6,8,1,37,52,Silverstone,92.062
7,5,2,33,52,Silverstone,91.925
8,12,2,36,52,Silverstone,91.994
9,9,2,34,52,Silverstone,92.0
10,11,2,38,52,Silverstone,91.811
11,15,0,40,52,Silverstone,91.855
12,9,1,34,52,Silverstone,91.663
13,3,0,43,52,Silverstone,91.896
14,16,1,44,52,Silverstone,91.697
15,11,1,33,52,Silverstone,91.514
16,9,1,43,52,Silverstone,92.118
17,11,2,33,52,Silverstone,93.988
18,13,1,43,52,Silverstone,94.269
19,17,0,34,52,Silverstone,100.728
20,16,1,32,52,Silverstone,97.348
21,19,1,34,52,Silverstone,91.819
22,4,0,39,52,Silverstone,91.169
23,17,0,37,52,Silverstone,90.976
24,14,2,44,52,Silverstone,91.392
25,16,2,41,52,Silverstone,94.271
26,16,2,37,52,Silverstone,100.622
27,4,2,36,52,Silverstone,109.747
28,15,0,37,52,Silverstone,112.976
29,11,2,34,52,Silverstone,121.184
30,7,0,37,52,Silverstone,100.492
31,7,2,36,52,Silverstone,102.161
32,8,1,38,52,Silverstone,103.137
33,18,0,30,52,Silverstone,103.325
34,10,1,34,52,Silverstone,103.954
35,7,2,42,52,Silverstone,103.309
36,5,1,43,52,Silverstone,102.52
37,5,2,35,52,Silverstone,99.635
38,19,1,43,52,Silverstone,97.106
39,7,0,37,52,Silverstone,114.658
40,17,2,40,52,Silverstone,89.913
41,3,2,37,52,Silverstone,89.574
42,1,2,36,52,Silverstone,89.581
43,15,1,33,52,Silverstone,89.286
44,15,0,36,52,Silverstone,89.221
45,4,2,34,52,Silverstone,89.222
46,11,0,37,52,Silverstone,89.233
47,1,2,33,52,Silverstone,89.049
48,7,0,36,52,Silverstone,89.124
49,19,2,32,52,Silverstone,89.283
50,17,0,33,52,Silverstone,89.958
51,18,0,40,52,Silverstone,88.748
52,6,0,33,52,Silverstone,89.928
1,2,2,33,52,Silverstone,98.699
2,1,1,36,52,Silverstone,92.359
3,7,2,33,52,Silverstone,92.102
4,11,1,43,52,Silverstone,92.045
5,4,2,43,52,Silverstone,91.939
6,13,2,43,52,Silverstone,91.9
7,18,1,42,52,Silverstone,92.702
8,13,0,39,52,Silverstone,92.372
9,19,1,38,52,Silverstone,92.484
10,10,2,33,52,Silverstone,92.362
11,9,1,35,52,Silverstone,92.123
12,14,1,39,52,Silverstone,92.358
13,11,0,40,52,Silverstone,92.251
14,5,1,43,52,Silverstone,92.106
15,17,2,32,52,Silverstone,91.916
16,12,1,43,52,Silverstone,92.455
17,15,0,38,52,Silverstone,94.228
18,4,1,40,52,Silverstone,94.31
19,19,0,41,52,Silverstone,100.51
20,9,0,41,52,Silverstone,96.538
21,15,1,41,52,Silverstone,93.507
22,5,0,30,52,Silverstone,92.157
23,1,1,39,52,Silverstone,92.297
24,7,1,44,52,Silverstone,92.734
25,10,1,31,52,Silverstone,95.143
26,12,1,44,52,Silverstone,102.481
27,8,2,37,52,Silverstone,121.664
28,17,2,32,52,Silverstone,102.641
29,13,2,36,52,Silverstone,102.447
30,2,0,31,52,Silverstone,102.737
31,8,0,41,52,Silverstone,103.007
32,1,0,39,52,Silverstone,103.298
33,4,2,38,52,Silverstone,103.201
34,11,1,30,52,Silverstone,102.794
35,2,0,34,52,Silverstone,103.59
36,1,0,41,52,Silverstone,102.748
37,9,2,43,52,Silverstone,100.432
38,17,1,32,52,Silverstone,98.37
39,6,0,34,52,Silverstone,96.802
40,11,0,39,52,Silverstone,116.753
41,15,0,42,52,Silverstone,90.475
42,3,1,37,52,Silverstone,89.872
43,18,0,34,52,Silverstone,89.872
44,16,1,30,52,Silverstone,89.739
45,16,1,41,52,Silverstone,89.589
46,10,1,35,52,Silverstone,89.588
47,3,2,30,52,Silverstone,89.553
48,9,1,30,52,Silverstone,89.415
49,10,0,35,52,Silverstone,89.439
50,14,1,34,52,Silverstone,89.434
51,1,1,36,52,Silverstone,112.546
52,3,0,42,52,Silverstone,88.293
1,3,1,33,52,Silverstone,99.108
2,14,1,44,52,Silverstone,92.683
3,1,0,44,52,Silverstone,92.307
4,7,2,30,52,Silverstone,92.968
5,12,2,43,52,Silverstone,92.706
6,2,1,34,52,Silverstone,92.788
7,17,1,34,52,Silverstone,92.716
8,19,2,32,52,Silverstone,92.648
9,9,0,40,52,Silverstone,92.291
10,16,0,37,52,Silverstone,92.619
11,11,0,31,52,Silverstone,92.273
12,11,0,44,52,Silverstone,92.362
13,4,0,38,52,Silverstone,93.092
14,1,0,40,52,Silverstone,92.641
15,13,2,36,52,Silverstone,92.649
16,8,0,36,52,Silverstone,93.091
17,11,0,36,52,Silverstone,95.713
18,6,1,35,52,Silverstone,95.789
19,2,0,32,52,Silverstone,107.568
20,9,2,35,52,Silverstone,97.491
21,11,0,30,52,Silverstone,93.291
22,19,1,35,52,Silverstone,92.495
23,2,1,40,52,Silverstone,93.062
24,17,0,33,52,Silverstone,94.585
25,8,2,40,52,Silverstone,95.351
26,17,2,35,52,Silverstone,100.784
27,10,1,40,52,Silverstone,121.611
28,19,0,30,52,Silverstone,102.187
29,2,1,30,52,Silverstone,102.992
30,19,2,39,52,Silverstone,103.066
31,6,2,42,52,Silverstone,103.714
32,2,2,34,52,Silverstone,104.545
33,5,1,33,52,Silverstone,104.213
34,17,1,44,52,Silverstone,104.171
35,5,1,35,52,Silverstone,104.422
36,17,1,34,52,Silverstone,103.0
37,11,1,40,52,Silverstone,100.825
38,13,1,39,52,Silverstone,99.373
39,10,0,31,52,Silverstone,97.759
40,4,1,35,52,Silverstone,116.032
41,17,1,43,52,Silverstone,90.098
42,11,0,34,52,Silverstone,90.161
43,17,0,30,52,Silverstone,90.196
44,5,2,32,52,Silverstone,90.03
45,12,0,38,52,Silverstone,90.025
46,16,0,31,52,Silverstone,89.897
47,10,0,33,52,Silverstone,89.925
48,10,1,42,52,Silverstone,90.237
49,3,1,40,52,Silverstone,89.969
50,2,2,34,52,Silverstone,90.03
51,11,1,37,52,Silverstone,90.026
52,7,2,31,52,Silverstone,90.053
1,7,0,37,52,Silverstone,99.663
2,5,1,31,52,Silverstone,92.858
3,16,1,30,52,Silverstone,92.369
4,14,1,32,52,Silverstone,92.705
5,16,2,39,52,Silverstone,92.697
6,14,0,36,52,Silverstone,92.758
7,18,2,32,52,Silverstone,92.662
8,17,1,30,52,Silverstone,92.86
9,19,0,40,52,Silverstone,92.326
10,9,1,39,52,Silverstone,92.496
11,16,2,34,52,Silverstone,92.348
12,15,0,34,52,Silverstone,92.236
13,1,0,36,52,Silverstone,91.989
14,9,2,32,52,Silverstone,92.396
15,7,0,37,52,Silverstone,92.755
16,2,2,43,52,Silverstone,92.923
17,8,2,32,52,Silverstone,95.28
18,18,2,35,52,Silverstone,95.951
19,6,1,31,52,Silverstone,105.868
20,17,0,42,52,Silverstone,120.269
21,3,0,35,52,Silverstone,102.846
22,7,2,35,52,Silverstone,104.352
23,18,1,44,52,Silverstone,106.593
24,11,1,43,52,Silverstone,111.732
25,16,2,38,52,Silverstone,109.301
26,7,1,33,52,Silverstone,105.655
27,8,1,33,52,Silverstone,105.912
28,11,1,43,52,Silverstone,123.138
29,12,2,34,52,Silverstone,101.602
30,5,0,41,52,Silverstone,102.299
31,1,2,31,52,Silverstone,103.95
32,17,1,44,52,Silverstone,103.795
33,2,2,35,52,Silverstone,103.217
34,6,2,43,52,Silverstone,103.604
35,9,0,44,52,Silverstone,102.415
36,14,1,39,52,Silverstone,100.091
37,17,1,40,52,Silverstone,98.357
38,12,0,35,52,Silverstone,117.811
39,17,2,36,52,Silverstone,91.481
40,7,2,37,52,Silverstone,90.878
41,16,0,43,52,Silverstone,90.035
42,18,2,36,52,Silverstone,89.832
43,16,0,43,52,Silverstone,89.748
44,2,1,42,52,Silverstone,89.933
45,9,1,39,52,Silverstone,89.911
46,7,2,30,52,Silverstone,90.051
47,3,1,41,52,Silverstone,90.289
48,10,2,40,52,Silverstone,90.204
49,12,1,34,52,Silverstone,90.929
50,4,2,44,52,Silverstone,90.488
51,10,2,38,52,Silverstone,91.674
1,5,2,34,52,Silverstone,100.166
2,19,0,36,52,Silverstone,92.844
3,10,2,43,52,Silverstone,92.605
4,10,1,40,52,Silverstone,92.563
5,6,1,37,52,Silverstone,92.768
6,8,0,43,52,Silverstone,92.697
7,10,2,34,52,Silverstone,92.733
8,6,0,31,52,Silverstone,92.802
9,7,0,30,52,Silverstone,92.396
10,11,0,32,52,Silverstone,92.439
11,19,2,41,52,Silverstone,92.428
12,19,0,35,52,Silverstone,92.401
13,15,2,40,52,Silverstone,92.468
14,13,1,42,52,Silverstone,92.621
15,3,1,39,52,Silverstone,92.672
16,7,2,37,52,Silverstone,93.194
17,18,0,33,52,Silverstone,95.447
18,1,2,40,52,Silverstone,95.834
19,15,1,34,52,Silverstone,105.752
20,19,0,44,52,Silverstone,97.529
21,1,0,32,52,Silverstone,92.649
22,2,0,33,52,Silverstone,92.233
23,17,1,35,52,Silverstone,92.612
24,16,1,44,52,Silverstone,93.352
25,7,1,31,52,Silverstone,95.918
26,4,1,42,52,Silverstone,101.853
27,13,2,40,52,Silverstone,122.727
28,19,0,30,52,Silverstone,101.897
29,10,1,40,52,Silverstone,102.641
30,1,2,37,52,Silverstone,102.811
31,3,2,32,52,Silverstone,103.274
32,4,1,40,52,Silverstone,104.134
33,4,1,31,52,Silverstone,103.685
34,8,1,41,52,Silverstone,104.263
35,5,1,41,52,Silverstone,104.042
36,10,2,33,52,Silverstone,103.044
37,12,2,42,52,Silverstone,100.657
38,5,0,31,52,Silverstone,98.854
39,15,2,39,52,Silverstone,97.245
40,12,2,36,52,Silverstone,115.659
41,15,1,44,52,Silverstone,91.097
42,19,0,35,52,Silverstone,90.701
43,13,1,37,52,Silverstone,89.836
44,18,2,37,52,Silverstone,90.392
45,2,1,44,52,Silverstone,90.048
46,12,0,41,52,Silverstone,90.185
47,13,2,31,52,Silverstone,89.864
48,6,0,31,52,Silverstone,90.365
49,1,2,42,52,Silverstone,90.371
50,8,1,36,52,Silverstone,90.47
51,5,2,30,52,Silverstone,90.696
52,18,2,37,52,Silverstone,90.847
1,7,1,38,52,Silverstone,100.474
2,2,1,39,52,Silverstone,93.202
3,5,0,42,52,Silverstone,92.951
4,9,1,31,52,Silverstone,93.192
5,12,2,36,52,Silverstone,92.617
6,18,1,43,52,Silverstone,92.673
7,3,2,34,52,Silverstone,92.712
8,14,0,35,52,Silverstone,92.496
9,7,2,39,52,Silverstone,92.579
10,19,1,39,52,Silverstone,92.741
11,4,2,42,52,Silverstone,92.548
12,11,0,43,52,Silverstone,92.427
13,14,1,41,52,Silverstone,92.517
14,16,0,37,52,Silverstone,92.383
15,5,1,31,52,Silverstone,92.259
16,6,0,34,52,Silverstone,92.59
17,18,2,44,52,Silverstone,95.014
18,8,2,36,52,Silverstone,95.88
19,16,2,35,52,Silverstone,107.27
20,7,0,41,52,Silverstone,96.48
21,17,1,33,52,Silverstone,92.999
22,14,2,43,52,Silverstone,92.673
23,11,0,43,52,Silverstone,92.593
24,6,1,37,52,Silverstone,94.088
25,18,1,41,52,Silverstone,95.687
26,10,0,38,52,Silverstone,103.618
27,16,2,41,52,Silverstone,108.513
28,13,1,42,52,Silverstone,124.427
29,1,1,37,52,Silverstone,103.072
30,8,1,34,52,Silverstone,102.577
31,10,1,42,52,Silverstone,102.796
32,2,0,31,52,Silverstone,103.69
33,16,0,38,52,Silverstone,104.262
34,2,1,36,52,Silverstone,104.375
35,17,2,35,52,Silverstone,104.251
36,17,2,43,52,Silverstone,102.513
37,5,2,39,52,Silverstone,100.747
38,9,2,35,52,Silverstone,98.684
39,6,1,34,52,Silverstone,119.234
40,5,1,32,52,Silverstone,91.146
41,2,0,43,52,Silverstone,90.594
42,13,2,40,52,Silverstone,90.167
43,4,0,31,52,Silverstone,90.098
44,18,0,31,52,Silverstone,89.93
45,10,0,36,52,Silverstone,89.871
46,6,2,40,52,Silverstone,89.753
47,10,2,31,52,Silverstone,89.71
48,19,0,33,52,Silverstone,90.114
49,13,1,37,52,Silverstone,90.7
50,8,2,36,52,Silverstone,90.727
51,11,2,44,52,Silverstone,90.592
52,19,0,35,52,Silverstone,91.43
1,14,0,35,52,Silverstone,101.109
2,3,0,32,52,Silverstone,93.214
3,7,1,33,52,Silverstone,93.062
4,2,1,41,52,Silverstone,93.164
5,3,1,44,52,Silverstone,92.607
6,4,0,37,52,Silverstone,92.614
7,17,2,43,52,Silverstone,92.817
8,5,1,36,52,Silverstone,92.623
9,7,0,32,52,Silverstone,92.57
10,3,1,32,52,Silverstone,93.438
11,17,0,37,52,Silverstone,92.805
12,13,1,40,52,Silverstone,92.782
13,16,2,41,52,Silverstone,93.031
14,13,1,38,52,Silverstone,92.731
15,16,2,40,52,Silverstone,92.589
16,2,1,44,52,Silverstone,93.209
17,19,0,44,52,Silverstone,94.738
18,19,0,39,52,Silverstone,95.392
19,2,1,44,52,Silverstone,104.585
20,5,1,38,52,Silverstone,96.875
21,5,1,44,52,Silverstone,93.724
22,17,0,44,52,Silverstone,92.681
23,12,2,39,52,Silverstone,93.106
24,16,2,34,52,Silverstone,94.106
25,19,2,39,52,Silverstone,95.473
26,10,2,40,52,Silverstone,103.26
27,12,0,31,52,Silverstone,108.126
28,2,0,31,52,Silverstone,123.448
29,11,2,44,52,Silverstone,103.749
30,9,2,35,52,Silverstone,102.967
31,18,0,37,52,Silverstone,103.355
32,3,1,36,52,Silverstone,104.456
33,13,0,33,52,Silverstone,104.979
34,18,1,43,52,Silverstone,104.923
35,3,2,41,52,Silverstone,104.782
36,15,2,33,52,Silverstone,102.726
37,16,1,39,52,Silverstone,101.098
38,8,0,30,52,Silverstone,98.67
39,16,2,41,52,Silverstone,118.637
40,9,2,35,52,Silverstone,92.318
41,10,0,42,52,Silverstone,90.812
42,18,0,32,52,Silverstone,90.319
43,5,0,40,52,Silverstone,90.229
44,4,2,42,52,Silverstone,90.882
45,14,2,42,52,Silverstone,91.438
46,3,1,36,52,Silverstone,91.688
47,2,0,42,52,Silverstone,90.982
48,11,0,43,52,Silverstone,91.367
49,17,2,38,52,Silverstone,91.08
50,7,2,30,52,Silverstone,91.407
51,10,2,33,52,Silverstone,91.529
52,10,0,40,52,Silverstone,92.09
1,17,1,37,52,Silverstone,101.588
2,2,2,42,52,Silverstone,93.158
3,12,1,41,52,Silverstone,93.373
4,7,1,32,52,Silverstone,93.059
5,2,1,39,52,Silverstone,92.846
6,17,2,31,52,Silverstone,93.014
7,9,0,37,52,Silverstone,92.939
8,4,1,38,52,Silverstone,92.798
9,6,1,35,52,Silverstone,92.933
10,19,1,36,52,Silverstone,93.073
11,3,0,32,52,Silverstone,92.981
12,16,0,35,52,Silverstone,92.567
13,5,1,34,52,Silverstone,92.769
14,13,0,36,52,Silverstone,92.538
15,1,1,40,52,Silverstone,92.265
16,10,2,34,52,Silverstone,93.178
17,10,0,37,52,Silverstone,94.873
18,5,2,31,52,Silverstone,95.323
19,13,1,38,52,Silverstone,104.619
20,13,0,35,52,Silverstone,96.53
21,6,2,31,52,Silverstone,93.646
22,10,2,30,52,Silverstone,93.086
23,8,0,44,52,Silverstone,92.891
24,14,2,42,52,Silverstone,93.96
25,2,1,39,52,Silverstone,95.612
26,1,2,33,52,Silverstone,103.771
27,11,2,40,52,Silverstone,107.754
28,12,1,40,52,Silverstone,128.459
29,3,1,34,52,Silverstone,101.726
30,2,0,31,52,Silverstone,103.271
31,19,1,34,52,Silverstone,103.229
32,8,2,40,52,Silverstone,104.304
33,19,2,43,52,Silverstone,104.82
34,17,1,44,52,Silverstone,105.216
35,3,0,34,52,Silverstone,105.202
36,14,1,33,52,Silverstone,103.075
37,16,2,37,52,Silverstone,100.273
38,4,0,43,52,Silverstone,97.843
39,17,1,43,52,Silverstone,117.678
40,14,2,37,52,Silverstone,90.889
41,5,0,32,52,Silverstone,90.715
42,19,0,43,52,Silverstone,90.458
43,19,1,32,52,Silverstone,90.126
44,18,0,41,52,Silverstone,90.74
45,1,1,44,52,Silverstone,90.406
46,6,0,37,52,Silverstone,90.234
47,6,0,32,52,Silverstone,90.148
48,13,0,41,52,Silverstone,90.068
49,18,0,44,52,Silverstone,89.96
50,15,0,37,52,Silverstone,89.828
51,18,0,42,52,Silverstone,89.916
52,2,2,39,52,Silverstone,89.718
1,16,1,33,52,Silverstone,101.772
2,16,2,34,52,Silverstone,93.435
3,1,1,42,52,Silverstone,93.319
4,8,1,32,52,Silverstone,93.11
5,14,2,37,52,Silverstone,93.139
6,15,1,39,52,Silverstone,92.904
7,5,2,33,52,Silverstone,93.002
8,19,0,35,52,Silverstone,92.806
9,16,1,30,52,Silverstone,93.019
10,12,1,35,52,Silverstone,92.956
11,18,0,30,52,Silverstone,92.897
12,12,1,37,52,Silverstone,92.748
13,19,1,39,52,Silverstone,93.04
14,11,0,37,52,Silverstone,92.607
15,17,1,31,52,Silverstone,92.543
16,9,1,39,52,Silverstone,93.701
17,9,2,31,52,Silverstone,95.258
18,17,2,37,52,Silverstone,94.9
19,6,2,30,52,Silverstone,104.09
20,16,0,33,52,Silverstone,96.116
21,15,1,36,52,Silverstone,93.632
22,3,1,41,52,Silverstone,92.826
23,18,1,41,52,Silverstone,94.494
24,6,1,32,52,Silverstone,94.037
25,18,2,33,52,Silverstone,96.166
26,13,1,37,52,Silverstone,104.642
27,5,1,40,52,Silverstone,112.246
28,7,1,42,52,Silverstone,125.981
29,19,2,40,52,Silverstone,102.215
30,3,2,41,52,Silverstone,102.476
31,14,1,44,52,Silverstone,104.332
32,9,1,44,52,Silverstone,104.912
33,7,1,42,52,Silverstone,105.684
34,10,2,32,52,Silverstone,106.095
35,13,0,40,52,Silverstone,105.851
36,14,1,33,52,Silverstone,103.365
37,16,1,39,52,Silverstone,102.207
38,8,0,40,52,Silverstone,98.811
39,3,2,33,52,Silverstone,116.256
40,19,1,31,52,Silverstone,91.353
41,14,0,31,52,Silverstone,90.875
42,17,1,35,52,Silverstone,89.972
43,15,0,44,52,Silverstone,90.162
44,13,0,42,52,Silverstone,90.003
45,10,1,42,52,Silverstone,90.613
46,11,1,41,52,Silverstone,90.826
47,8,1,32,52,Silverstone,91.25
48,15,0,44,52,Silverstone,91.201
49,4,2,30,52,Silverstone,91.175
50,3,0,37,52,Silverstone,91.249
51,12,1,44,52,Silverstone,91.662
52,2,1,32,52,Silverstone,92.088
1,6,2,32,52,Silverstone,102.231
2,5,0,33,52,Silverstone,93.563
3,14,1,32,52,Silverstone,93.487
4,18,2,38,52,Silverstone,93.221
5,7,2,42,52,Silverstone,93.271
6,2,0,31,52,Silverstone,93.788
7,9,0,42,52,Silverstone,94.51
8,9,2,40,52,Silverstone,96.323
9,18,1,41,52,Silverstone,95.322
10,15,0,39,52,Silverstone,95.828
11,19,1,42,52,Silverstone,95.012
12,9,2,40,52,Silverstone,94.235
13,18,2,40,52,Silverstone,115.049
14,13,0,33,52,Silverstone,92.45
15,15,0,44,52,Silverstone,92.479
16,13,2,34,52,Silverstone,95.202
17,17,1,37,52,Silverstone,98.106
18,16,1,35,52,Silverstone,99.637
19,3,1,39,52,Silverstone,106.313
20,17,1,38,52,Silverstone,125.955
21,6,1,40,52,Silverstone,104.56
22,19,0,35,52,Silverstone,110.248
23,19,1,39,52,Silverstone,110.081
24,15,1,37,52,Silverstone,108.867
25,5,0,40,52,Silverstone,108.245
26,3,1,43,52,Silverstone,105.113
27,12,2,40,52,Silverstone,124.515
28,5,1,41,52,Silverstone,101.866
29,17,1,35,52,Silverstone,101.993
30,15,1,39,52,Silverstone,103.157
31,8,1,32,52,Silverstone,104.316
32,5,2,35,52,Silverstone,105.029
33,8,2,37,52,Silverstone,105.412
34,1,2,35,52,Silverstone,108.01
35,10,1,32,52,Silverstone,102.569
36,9,2,43,52,Silverstone,102.823
37,10,1,38,52,Silverstone,101.608
38,5,1,42,52,Silverstone,126.729
39,10,2,36,52,Silverstone,92.696
40,19,1,39,52,Silverstone,93.17
41,1,1,37,52,Silverstone,91.151
42,11,1,38,52,Silverstone,91.121
43,8,2,33,52,Silverstone,91.014
44,9,2,34,52,Silverstone,91.378
45,6,2,33,52,Silverstone,91.36
46,4,0,35,52,Silverstone,91.43
47,6,2,32,52,Silverstone,91.283
48,17,0,32,52,Silverstone,91.556
49,16,2,40,52,Silverstone,92.504
50,9,2,40,52,Silverstone,91.749
1,17,2,37,52,Silverstone,102.715
2,19,1,44,52,Silverstone,93.709
3,15,0,35,52,Silverstone,93.429
4,11,2,38,52,Silverstone,93.253
5,7,2,32,52,Silverstone,93.263
6,7,2,39,52,Silverstone,93.666
7,14,2,42,52,Silverstone,92.952
8,17,1,31,52,Silverstone,93.095
9,17,2,38,52,Silverstone,92.762
10,13,1,31,52,Silverstone,92.721
11,5,1,31,52,Silverstone,92.804
12,19,0,35,52,Silverstone,92.797
13,10,1,44,52,Silverstone,92.88
14,2,2,39,52,Silverstone,92.933
15,5,2,33,52,Silverstone,93.171
16,4,1,33,52,Silverstone,94.437
17,9,1,44,52,Silverstone,95.885
18,18,1,34,52,Silverstone,96.827
19,6,2,30,52,Silverstone,104.922
20,2,1,30,52,Silverstone,97.33
21,3,0,44,52,Silverstone,94.722
22,19,0,43,52,Silverstone,93.015
23,15,0,30,52,Silverstone,94.224
24,8,0,33,52,Silverstone,96.483
25,1,2,39,52,Silverstone,98.725
26,19,2,40,52,Silverstone,104.813
27,19,2,35,52,Silverstone,122.788
28,7,0,40,52,Silverstone,103.338
29,18,1,33,52,Silverstone,103.377
30,18,1,43,52,Silverstone,103.298
31,9,0,33,52,Silverstone,103.699
32,1,1,39,52,Silverstone,104.144
33,19,0,44,52,Silverstone,104.855
34,12,0,39,52,Silverstone,105.969
35,6,0,33,52,Silverstone,105.535
36,9,2,44,52,Silverstone,103.213
37,14,1,44,52,Silverstone,100.483
38,6,0,39,52,Silverstone,123.328
39,3,1,40,52,Silverstone,93.138
40,18,0,41,52,Silverstone,92.428
41,18,1,42,52,Silverstone,91.289
42,3,2,33,52,Silverstone,90.765
43,6,2,43,52,Silverstone,91.198
44,13,1,41,52,Silverstone,91.08
45,16,2,32,52,Silverstone,90.955
46,15,1,32,52,Silverstone,90.849
47,11,1,31,52,Silverstone,90.735
48,2,1,42,52,Silverstone,91.109
49,14,2,44,52,Silverstone,92.926
50,8,1,38,52,Silverstone,94.15
51,3,1,33,52,Silverstone,94.814
1,7,2,36,52,Silverstone,103.052
2,13,1,31,52,Silverstone,93.846
3,3,1,32,52,Silverstone,93.479
4,16,1,32,52,Silverstone,93.316
5,11,1,32,52,Silverstone,93.21
6,10,1,31,52,Silverstone,93.616
7,6,2,32,52,Silverstone,95.183
8,5,0,32,52,Silverstone,93.79
9,15,0,31,52,Silverstone,93.898
10,4,2,31,52,Silverstone,93.843
11,4,1,37,52,Silverstone,93.846
12,7,1,38,52,Silverstone,94.071
13,10,1,35,52,Silverstone,94.491
14,9,1,31,52,Silverstone,95.293
15,17,1,41,52,Silverstone,94.884
16,14,1,36,52,Silverstone,96.522
17,19,1,42,52,Silverstone,98.735
18,4,2,42,52,Silverstone,98.497
19,12,1,34,52,Silverstone,101.731
20,12,2,36,52,Silverstone,121.025
21,18,1,40,52,Silverstone,99.736
22,13,1,43,52,Silverstone,115.208
23,1,2,40,52,Silverstone,95.488
24,11,2,44,52,Silverstone,98.005
25,9,1,35,52,Silverstone,107.432
26,5,1,38,52,Silverstone,118.71
27,8,0,31,52,Silverstone,122.736
28,9,2,38,52,Silverstone,101.716
29,10,2,30,52,Silverstone,102.362
30,9,2,34,52,Silverstone,103.336
31,9,2,44,52,Silverstone,104.019
32,15,1,31,52,Silverstone,104.673
33,1,2,37,52,Silverstone,105.29
34,18,1,32,52,Silverstone,105.511
35,5,0,41,52,Silverstone,102.995
36,11,0,33,52,Silverstone,101.215
37,10,2,30,52,Silverstone,102.235
38,15,1,30,52,Silverstone,99.44
39,4,2,37,52,Silverstone,120.13
40,8,0,35,52,Silverstone,92.838
41,7,0,36,52,Silverstone,91.114
42,4,1,37,52,Silverstone,91.187
43,19,1,34,52,Silverstone,91.084
44,16,2,39,52,Silverstone,90.928
45,19,0,31,52,Silverstone,90.952
46,2,1,39,52,Silverstone,90.875
47,7,2,31,52,Silverstone,93.599
48,1,1,33,52,Silverstone,95.931
49,8,0,37,52,Silverstone,91.06
50,11,1,34,52,Silverstone,91.608
1,14,1,33,52,Silverstone,103.681
2,4,1,33,52,Silverstone,94.216
3,15,1,38,52,Silverstone,93.259
4,4,1,37,52,Silverstone,93.11
5,8,1,37,52,Silverstone,92.999
6,4,0,33,52,Silverstone,93.544
7,16,2,33,52,Silverstone,93.734
8,16,1,34,52,Silverstone,93.204
9,4,2,33,52,Silverstone,92.783
10,16,0,32,52,Silverstone,92.647
11,17,1,31,52,Silverstone,92.671
12,4,1,44,52,Silverstone,92.531
13,11,1,43,52,Silverstone,92.74
14,14,1,33,52,Silverstone,92.506
15,8,0,35,52,Silverstone,92.953
16,15,0,32,52,Silverstone,93.486
17,3,2,43,52,Silverstone,94.661
18,13,0,36,52,Silverstone,94.73
19,18,1,34,52,Silverstone,103.505
20,14,0,42,52,Silverstone,95.181
21,6,0,43,52,Silverstone,93.484
22,7,1,32,52,Silverstone,92.766
23,16,1,32,52,Silverstone,93.278
24,14,1,32,52,Silverstone,93.625
25,5,0,40,52,Silverstone,95.15
26,3,1,35,52,Silverstone,105.466
27,16,1,39,52,Silverstone,111.325
28,6,1,30,52,Silverstone,125.299
29,1,2,39,52,Silverstone,102.842
30,6,1,38,52,Silverstone,102.133
31,6,1,42,52,Silverstone,104.06
32,16,0,32,52,Silverstone,105.084
33,16,0,36,52,Silverstone,105.266
34,13,1,32,52,Silverstone,106.135
35,13,1,36,52,Silverstone,105.557
36,3,2,43,52,Silverstone,103.611
37,11,1,40,52,Silverstone,102.038
38,8,1,38,52,Silverstone,123.931
39,4,2,34,52,Silverstone,93.212
40,7,0,34,52,Silverstone,92.071
41,6,1,41,52,Silverstone,90.61
42,6,1,42,52,Silverstone,90.093
43,9,1,43,52,Silverstone,90.454
44,14,1,37,52,Silverstone,91.342
45,14,1,43,52,Silverstone,91.722
46,13,1,39,52,Silverstone,91.131
47,11,1,37,52,Silverstone,91.036
48,10,0,31,52,Silverstone,90.953
49,13,0,41,52,Silverstone,90.803
50,15,1,33,52,Silverstone,91.143
51,1,1,33,52,Silverstone,91.469
52,18,2,36,52,Silverstone,91.982
1,7,2,32,52,Silverstone,104.29
2,13,2,44,52,Silverstone,95.368
3,4,1,33,52,Silverstone,94.447
4,11,0,32,52,Silverstone,94.322
5,10,0,43,52,Silverstone,93.768
6,2,2,38,52,Silverstone,93.46
7,8,0,41,52,Silverstone,93.648
8,2,1,38,52,Silverstone,93.561
9,17,2,40,52,Silverstone,93.645
10,13,0,41,52,Silverstone,93.787
11,2,0,37,52,Silverstone,93.561
12,17,0,41,52,Silverstone,93.269
13,5,1,33,52,Silverstone,93.65
14,15,1,40,52,Silverstone,93.156
15,6,1,38,52,Silverstone,93.228
16,10,2,43,52,Silverstone,93.967
17,3,1,33,52,Silverstone,95.498
18,14,2,43,52,Silverstone,96.075
19,7,0,41,52,Silverstone,104.426
20,5,2,41,52,Silverstone,98.542
21,16,2,42,52,Silverstone,95.235
22,10,1,41,52,Silverstone,94.03
23,18,1,34,52,Silverstone,94.076
24,4,2,31,52,Silverstone,97.35
25,14,2,43,52,Silverstone,99.761
26,16,2,41,52,Silverstone,109.533
27,12,2,44,52,Silverstone,125.367
28,3,1,35,52,Silverstone,102.562
29,6,1,36,52,Silverstone,103.302
30,11,1,38,52,Silverstone,103.472
31,7,0,37,52,Silverstone,104.51
32,2,0,39,52,Silverstone,105.199
33,13,0,43,52,Silverstone,105.552
34,7,1,34,52,Silverstone,105.199
35,14,0,30,52,Silverstone,105.476
36,10,1,42,52,Silverstone,102.968
37,13,2,42,52,Silverstone,99.987
38,1,1,41,52,Silverstone,126.628
39,14,0,41,52,Silverstone,97.114
40,16,1,32,52,Silverstone,92.973
41,11,1,34,52,Silverstone,93.344
42,14,1,33,52,Silverstone,92.348
43,9,1,39,52,Silverstone,91.732
44,10,1,33,52,Silverstone,91.277
45,17,1,30,52,Silverstone,93.159
46,17,1,42,52,Silverstone,91.396
47,18,2,42,52,Silverstone,91.431
48,15,0,44,52,Silverstone,92.006
49,7,2,42,52,Silverstone,91.688
50,13,0,37,52,Silverstone,92.32
51,1,2,41,52,Silverstone,92.217
1,2,2,43,52,Silverstone,109.458
2,2,2,44,52,Silverstone,92.942
3,16,1,40,52,Silverstone,92.34
4,8,0,43,52,Silverstone,92.57
5,11,0,34,52,Silverstone,92.111
6,4,0,31,52,Silverstone,92.25
7,6,1,41,52,Silverstone,93.313
8,8,0,33,52,Silverstone,93.407
9,5,0,39,52,Silverstone,92.8
10,6,1,37,52,Silverstone,92.709
11,2,0,32,52,Silverstone,92.491
12,1,0,40,52,Silverstone,92.509
13,16,1,44,52,Silverstone,92.772
14,5,1,31,52,Silverstone,92.488
15,4,0,31,52,Silverstone,92.702
16,7,1,34,52,Silverstone,94.231
17,5,1,44,52,Silverstone,94.829
18,8,1,44,52,Silverstone,95.384
19,18,0,44,52,Silverstone,101.868
20,2,2,42,52,Silverstone,119.15
21,13,0,44,52,Silverstone,101.997
22,14,2,32,52,Silverstone,104.936
23,14,2,30,52,Silverstone,106.214
24,19,0,36,52,Silverstone,110.729
25,10,0,42,52,Silverstone,107.327
26,19,1,36,52,Silverstone,105.736
27,17,1,40,52,Silverstone,112.538
28,11,2,43,52,Silverstone,105.224
29,19,2,35,52,Silverstone,124.385
30,2,1,36,52,Silverstone,100.021
31,10,0,37,52,Silverstone,102.676
32,7,0,35,52,Silverstone,104.035
33,2,1,40,52,Silverstone,104.641
34,1,1,40,52,Silverstone,105.045
35,6,2,37,52,Silverstone,103.534
36,16,0,40,52,Silverstone,101.845
37,19,0,31,52,Silverstone,99.697
38,19,1,32,52,Silverstone,120.171
39,13,0,39,52,Silverstone,92.722
40,1,1,40,52,Silverstone,93.219
41,3,1,31,52,Silverstone,90.689
42,12,2,34,52,Silverstone,90.542
43,10,1,36,52,Silverstone,90.229
44,3,2,36,52,Silverstone,90.518
45,3,0,39,52,Silverstone,90.565
46,2,0,30,52,Silverstone,90.136
47,16,0,42,52,Silverstone,90.795
48,10,2,35,52,Silverstone,125.507
49,12,0,35,52,Silverstone,97.36
50,7,2,39,52,Silverstone,89.707
1,14,2,37,53,Monza,87.623
2,8,2,34,53,Monza,85.116
3,17,1,35,53,Monza,85.261
4,1,0,33,53,Monza,84.695
5,14,0,40,53,Monza,84.66
6,10,2,39,53,Monza,84.603
7,16,2,37,53,Monza,84.418
8,13,1,33,53,Monza,84.57
9,19,0,38,53,Monza,84.375
10,7,2,43,53,Monza,84.077
11,12,1,43,53,Monza,84.247
12,1,2,37,53,Monza,84.748
13,10,0,42,53,Monza,84.67
14,3,2,41,53,Monza,85.048
15,8,1,36,53,Monza,85.166
16,15,2,30,53,Monza,89.939
17,15,1,37,53,Monza,104.25
18,12,1,41,53,Monza,84.028
19,8,0,36,53,Monza,84.602
20,9,2,39,53,Monza,83.986
21,13,1,35,53,Monza,83.903
22,14,1,42,53,Monza,83.647
23,3,2,41,53,Monza,83.66
24,6,2,44,53,Monza,83.315
25,8,2,37,53,Monza,83.23
26,13,0,44,53,Monza,83.133
27,3,0,38,53,Monza,83.088
28,10,0,31,53,Monza,83.168
29,5,0,41,53,Monza,83.066
30,3,0,43,53,Monza,82.968
31,19,1,30,53,Monza,83.221
32,6,0,44,53,Monza,83.48
33,18,1,31,53,Monza,83.148
34,17,0,43,53,Monza,83.456
35,17,2,33,53,Monza,83.409
36,5,0,35,53,Monza,83.746
37,13,1,43,53,Monza,83.691
38,7,0,35,53,Monza,88.125
39,5,2,43,53,Monza,103.438
40,13,0,32,53,Monza,82.264
41,15,2,43,53,Monza,82.066
42,13,1,30,53,Monza,82.331
43,12,1,34,53,Monza,82.092
44,13,2,37,53,Monza,82.628
45,11,1,41,53,Monza,83.675
46,6,1,36,53,Monza,82.537
47,17,2,33,53,Monza,82.253
48,14,1,42,53,Monza,82.725
49,15,0,37,53,Monza,82.945
50,18,2,39,53,Monza,82.586
51,17,2,43,53,Monza,82.424
52,4,2,33,53,Monza,81.948
53,14,0,34,53,Monza,81.943
1,2,1,40,53,Monza,88.179
2,12,0,32,53,Monza,85.396
3,9,2,33,53,Monza,85.179
4,18,0,35,53,Monza,84.81
5,7,2,40,53,Monza,84.603
6,18,1,35,53,Monza,84.663
7,12,1,33,53,Monza,84.434
8,14,1,33,53,Monza,84.569
9,1,0,32,53,Monza,84.362
10,7,1,33,53,Monza,84.432
11,13,1,43,53,Monza,84.846
12,11,1,30,53,Monza,84.916
13,7,0,32,53,Monza,85.529
14,18,1,30,53,Monza,85.606
15,13,1,43,53,Monza,90.192
16,17,2,43,53,Monza,104.888
17,17,0,35,53,Monza,84.27
18,2,2,30,53,Monza,83.875
19,19,0,37,53,Monza,84.203
20,16,1,30,53,Monza,83.826
21,7,0,31,53,Monza,83.88
22,13,1,35,53,Monza,83.768
23,9,2,35,53,Monza,83.864
24,19,1,35,53,Monza,83.64
25,12,2,43,53,Monza,83.59
26,15,1,43,53,Monza,83.321
27,9,0,37,53,Monza,83.534
28,19,1,34,53,Monza,83.284
29,11,1,40,53,Monza,83.229
30,11,2,41,53,Monza,83.359
31,8,2,40,53,Monza,83.972
32,19,1,41,53,Monza,83.274
33,6,0,39,53,Monza,83.226
34,10,0,43,53,Monza,83.43
35,13,1,44,53,Monza,83.681
36,19,2,40,53,Monza,83.714
37,1,0,37,53,Monza,83.55
38,2,1,34,53,Monza,83.624
39,9,1,42,53,Monza,83.718
40,12,2,37,53,Monza,83.69
41,4,2,30,53,Monza,83.611
42,3,2,32,53,Monza,83.67
43,7,0,33,53,Monza,83.867
44,19,0,39,53,Monza,83.43
45,18,0,34,53,Monza,83.731
46,12,1,42,53,Monza,83.597
47,8,1,31,53,Monza,83.676
48,13,0,32,53,Monza,83.518
49,5,2,39,53,Monza,83.467
50,13,1,38,53,Monza,83.461
51,3,2,30,53,Monza,83.555
52,16,2,38,53,Monza,83.75
53,7,1,31,53,Monza,83.268
1,6,0,39,53,Monza,88.971
2,3,0,39,53,Monza,85.458
3,17,2,40,53,Monza,85.11
4,5,1,42,53,Monza,85.168
5,2,0,41,53,Monza,84.674
6,6,1,39,53,Monza,84.768
7,19,1,44,53,Monza,84.531
8,4,2,40,53,Monza,84.674
9,11,0,42,53,Monza,84.664
10,11,1,39,53,Monza,84.391
11,2,1,42,53,Monza,84.448
12,4,2,39,53,Monza,84.655
13,3,2,42,53,Monza,85.359
14,10,2,42,53,Monza,89.417
15,18,0,33,53,Monza,103.84
16,10,1,39,53,Monza,84.154
17,2,1,30,53,Monza,85.585
18,14,0,30,53,Monza,83.92
19,17,1,39,53,Monza,84.152
20,13,1,40,53,Monza,83.882
21,2,0,37,53,Monza,83.753
22,8,1,40,53,Monza,83.652
23,16,1,34,53,Monza,83.581
24,6,2,30,53,Monza,83.601
25,6,1,44,53,Monza,83.321
26,1,1,37,53,Monza,83.469
27,3,0,42,53,Monza,83.267
28,10,1,30,53,Monza,83.067
29,3,1,36,53,Monza,83.3
30,5,2,37,53,Monza,83.614
31,19,2,32,53,Monza,84.94
32,11,1,37,53,Monza,87.414
33,18,1,31,53,Monza,104.073
34,11,1,32,53,Monza,82.837
35,16,0,41,53,Monza,83.137
36,5,0,35,53,Monza,83.114
37,17,1,32,53,Monza,83.178
38,6,0,36,53,Monza,83.133
39,10,0,35,53,Monza,83.061
40,6,1,43,53,Monza,84.162
41,3,2,41,53,Monza,82.234
42,1,0,30,53,Monza,82.678
43,12,2,42,53,Monza,82.25
44,11,1,42,53,Monza,82.403
45,1,1,35,53,Monza,82.398
46,18,1,40,53,Monza,82.041
47,1,1,43,53,Monza,83.852
48,3,2,41,53,Monza,81.824
49,12,0,33,53,Monza,82.436
50,1,1,43,53,Monza,83.266
51,17,1,40,53,Monza,82.269
52,11,1,40,53,Monza,82.302
53,5,2,36,53,Monza,81.432
1,3,1,31,53,Monza,89.345
2,18,2,44,53,Monza,85.731
3,9,0,41,53,Monza,85.358
4,11,2,39,53,Monza,85.086
5,18,0,39,53,Monza,85.006
6,17,2,37,53,Monza,84.642
7,13,1,37,53,Monza,84.715
8,11,1,33,53,Monza,84.87
9,1,1,43,53,Monza,84.774
10,14,2,30,53,Monza,84.684
11,12,1,38,53,Monza,85.066
12,18,1,35,53,Monza,85.276
13,19,1,31,53,Monza,85.423
14,1,1,39,53,Monza,85.234
15,14,1,33,53,Monza,85.183
16,6,1,43,53,Monza,85.341
17,8,2,43,53,Monza,85.407
18,19,1,30,53,Monza,85.678
19,8,2,33,53,Monza,90.388
20,17,1,30,53,Monza,104.811
21,19,2,34,53,Monza,84.499
22,16,1,44,53,Monza,84.226
23,12,1,37,53,Monza,84.557
24,11,1,38,53,Monza,83.682
25,9,0,38,53,Monza,83.687
26,10,1,37,53,Monza,83.503
27,16,0,41,53,Monza,83.503
28,16,1,37,53,Monza,83.751
29,11,0,40,53,Monza,83.473
30,1,2,32,53,Monza,83.584
31,7,1,31,53,Monza,83.33
32,11,0,33,53,Monza,83.354
33,2,0,34,53,Monza,83.412
34,3,1,38,53,Monza,83.285
35,15,2,43,53,Monza,83.334
36,8,2,32,53,Monza,83.27
37,14,0,42,53,Monza,83.29
38,16,0,30,53,Monza,83.551
39,4,1,34,53,Monza,83.809
40,9,2,36,53,Monza,83.803
41,1,1,31,53,Monza,83.337
42,16,0,40,53,Monza,83.838
43,19,2,41,53,Monza,83.793
44,13,1,35,53,Monza,83.931
45,17,1,31,53,Monza,85.113
46,18,0,40,53,Monza,84.001
47,13,1,39,53,Monza,84.09
48,16,1,39,53,Monza,84.939
49,10,1,32,53,Monza,83.921
50,15,0,38,53,Monza,83.769
51,12,1,41,53,Monza,83.754
52,5,2,37,53,Monza,83.722
53,14,2,31,53,Monza,83.219
1,5,1,35,53,Monza,89.674
2,8,2,32,53,Monza,86.043
3,13,0,34,53,Monza,85.63
4,17,1,30,53,Monza,85.722
5,9,1,42,53,Monza,84.771
6,14,2,42,53,Monza,84.919
7,12,0,33,53,Monza,85.205
8,16,0,33,53,Monza,84.871
9,19,1,44,53,Monza,85.035
10,14,0,43,53,Monza,84.909
11,11,1,34,53,Monza,84.938
12,7,1,31,53,Monza,84.932
13,6,2,39,53,Monza,85.329
14,5,1,38,53,Monza,85.817
15,10,2,44,53,Monza,90.365
16,7,0,39,53,Monza,105.664
17,14,0,30,53,Monza,84.843
18,18,1,43,53,Monza,84.831
19,18,1,36,53,Monza,84.649
20,19,2,35,53,Monza,84.64
21,13,1,41,53,Monza,84.915
22,6,1,31,53,Monza,84.613
23,3,2,32,53,Monza,84.132
24,11,1,37,53,Monza,83.818
25,12,2,40,53,Monza,83.804
26,5,2,31,53,Monza,83.673
27,11,1,36,53,Monza,83.495
28,12,2,42,53,Monza,83.64
29,13,1,34,53,Monza,83.507
30,18,2,39,53,Monza,83.445
31,7,2,34,53,Monza,83.36
32,9,2,40,53,Monza,83.328
33,11,0,32,53,Monza,83.397
34,5,0,30,53,Monza,83.531
35,13,2,34,53,Monza,83.378
36,9,2,37,53,Monza,83.601
37,3,1,43,53,Monza,88.349
38,2,2,39,53,Monza,102.426
39,9,2,31,53,Monza,82.968
40,16,2,30,53,Monza,83.012
41,13,0,43,53,Monza,82.927
42,7,1,32,53,Monza,82.52
43,14,1,41,53,Monza,82.396
44,16,0,34,53,Monza,82.136
45,15,1,44,53,Monza,82.176
46,19,1,40,53,Monza,82.307
47,7,1,36,53,Monza,82.471
48,14,0,34,53,Monza,82.794
49,12,1,31,53,Monza,82.446
50,4,1,35,53,Monza,82.243
51,12,2,42,53,Monza,82.737
52,8,2,31,53,Monza,85.703
53,2,1,42,53,Monza,81.512
1,6,2,44,53,Monza,90.354
2,11,0,32,53,Monza,86.17
3,14,1,30,53,Monza,85.855
4,13,0,39,53,Monza,85.633
5,8,1,36,53,Monza,85.218
6,7,0,32,53,Monza,85.096
7,1,2,31,53,Monza,85.042
8,11,1,43,53,Monza,84.918
9,5,2,44,53,Monza,85.05
10,14,0,30,53,Monza,84.964
11,5,0,39,53,Monza,84.978
12,12,1,39,53,Monza,84.968
13,15,1,38,53,Monza,84.957
14,17,1,42,53,Monza,85.287
15,11,2,44,53,Monza,85.746
16,16,0,34,53,Monza,85.244
17,17,0,41,53,Monza,85.34
18,17,2,38,53,Monza,85.469
19,10,0,42,53,Monza,85.537
20,13,2,33,53,Monza,85.559
21,6,1,33,53,Monza,85.381
22,5,0,44,53,Monza,89.668
23,15,2,31,53,Monza,107.839
24,18,1,41,53,Monza,83.545
25,14,2,39,53,Monza,83.801
26,10,1,30,53,Monza,83.618
27,12,0,44,53,Monza,83.524
28,5,1,39,53,Monza,83.509
29,8,1,35,53,Monza,83.452
30,1,0,33,53,Monza,83.542
31,9,1,33,53,Monza,83.424
32,9,0,30,53,Monza,83.49
33,4,2,30,53,Monza,83.621
34,18,1,38,53,Monza,83.576
35,12,2,35,53,Monza,83.589
36,14,2,40,53,Monza,83.559
37,4,0,36,53,Monza,83.485
38,12,0,37,53,Monza,83.427
39,13,1,31,53,Monza,83.501
40,12,1,31,53,Monza,84.337
41,17,1,42,53,Monza,88.738
42,4,0,33,53,Monza,104.09
43,19,0,31,53,Monza,81.745
44,12,2,32,53,Monza,83.045
45,12,2,33,53,Monza,83.363
46,15,1,30,53,Monza,82.941
47,3,0,32,53,Monza,82.52
48,9,2,40,53,Monza,82.57
49,1,0,44,53,Monza,82.584
50,19,0,37,53,Monza,82.585
51,8,0,39,53,Monza,82.574
52,14,0,41,53,Monza,82.92
53,19,2,32,53,Monza,83.711
1,14,1,43,53,Monza,91.512
2,17,0,43,53,Monza,86.055
3,12,1,32,53,Monza,85.733
4,3,0,43,53,Monza,85.762
5,5,1,34,53,Monza,85.494
6,16,2,36,53,Monza,85.101
7,7,1,41,53,Monza,85.046
8,19,1,37,53,Monza,85.216
9,13,0,30,53,Monza,85.115
10,11,2,44,53,Monza,85.468
11,5,0,38,53,Monza,91.175
12,12,1,33,53,Monza,113.412
13,7,2,41,53,Monza,84.546
14,17,1,44,53,Monza,84.548
15,4,0,41,53,Monza,84.56
16,3,1,34,53,Monza,84.692
17,14,2,44,53,Monza,84.546
18,11,1,34,53,Monza,84.521
19,4,0,43,53,Monza,84.706
20,12,1,33,53,Monza,85.504
21,14,2,40,53,Monza,84.626
22,4,1,37,53,Monza,84.711
23,1,1,43,53,Monza,84.624
24,13,1,33,53,Monza,84.621
25,9,1,32,53,Monza,85.174
26,1,1,44,53,Monza,83.575
27,1,2,37,53,Monza,83.732
28,15,0,36,53,Monza,83.383
29,9,2,39,53,Monza,83.516
30,1,1,36,53,Monza,83.177
31,4,0,34,53,Monza,85.331
32,4,1,34,53,Monza,83.542
33,10,1,38,53,Monza,88.264
34,10,1,42,53,Monza,104.863
35,1,2,38,53,Monza,82.944
36,9,0,40,53,Monza,83.333
37,1,1,39,53,Monza,83.158
38,16,1,36,53,Monza,85.166
39,9,1,44,53,Monza,83.142
40,18,0,44,53,Monza,82.886
41,8,1,38,53,Monza,84.039
42,6,2,34,53,Monza,82.799
43,10,1,44,53,Monza,82.939
44,11,2,43,53,Monza,82.923
45,2,0,35,53,Monza,82.685
46,18,1,37,53,Monza,82.419
47,8,2,32,53,Monza,82.343
48,16,0,34,53,Monza,82.165
49,16,1,32,53,Monza,82.036
50,15,1,30,53,Monza,82.156
51,16,2,38,53,Monza,82.311
52,6,2,41,53,Monza,82.447
53,14,2,38,53,Monza,82.7
1,3,1,39,53,Monza,91.698
2,8,1,37,53,Monza,86.411
3,17,1,31,53,Monza,85.757
4,15,1,36,53,Monza,85.805
5,11,1,42,53,Monza,85.447
6,7,2,43,53,Monza,85.105
7,15,0,41,53,Monza,85.434
8,12,2,35,53,Monza,85.186
9,19,2,42,53,Monza,84.977
10,7,0,34,53,Monza,84.841
11,5,1,39,53,Monza,84.773
12,5,0,31,53,Monza,84.654
13,16,2,35,53,Monza,85.041
14,14,1,36,53,Monza,85.229
15,16,0,35,53,Monza,85.543
16,18,1,40,53,Monza,85.434
17,3,2,34,53,Monza,85.444
18,11,1,37,53,Monza,85.448
19,13,2,40,53,Monza,85.683
20,12,2,35,53,Monza,86.111
21,5,2,42,53,Monza,85.864
22,13,2,39,53,Monza,85.709
23,17,2,42,53,Monza,89.869
24,3,2,38,53,Monza,105.017
25,4,1,40,53,Monza,84.109
26,17,1,32,53,Monza,83.975
27,13,2,42,53,Monza,83.784
28,17,1,40,53,Monza,83.598
29,7,0,38,53,Monza,83.854
30,18,1,32,53,Monza,83.474
31,17,1,44,53,Monza,85.086
32,14,2,37,53,Monza,83.825
33,9,0,39,53,Monza,83.473
34,7,2,39,53,Monza,83.611
35,6,1,32,53,Monza,88.255
36,5,2,35,53,Monza,104.074
37,17,2,38,53,Monza,83.291
38,7,0,35,53,Monza,86.243
39,16,0,31,53,Monza,83.707
40,11,0,36,53,Monza,83.393
41,19,2,39,53,Monza,83.267
42,2,0,35,53,Monza,83.908
43,4,2,38,53,Monza,84.537
44,8,0,37,53,Monza,83.617
45,18,1,43,53,Monza,83.033
46,17,2,30,53,Monza,82.996
47,18,1,32,53,Monza,82.971
48,13,1,44,53,Monza,83.315
49,12,0,34,53,Monza,83.612
50,6,1,33,53,Monza,83.39
51,11,2,33,53,Monza,83.415
52,2,1,34,53,Monza,84.071
53,17,0,34,53,Monza,84.511
1,6,1,44,53,Monza,91.965
2,8,1,31,53,Monza,87.011
3,14,0,32,53,Monza,86.282
4,18,1,44,53,Monza,86.527
5,14,1,31,53,Monza,86.039
6,7,2,41,53,Monza,85.946
7,1,0,35,53,Monza,85.99
8,14,2,40,53,Monza,85.963
9,13,2,34,53,Monza,85.666
10,19,2,43,53,Monza,85.711
11,14,1,32,53,Monza,85.734
12,15,0,41,53,Monza,85.468
13,5,1,34,53,Monza,85.533
14,4,2,44,53,Monza,86.14
15,18,2,41,53,Monza,86.463
16,17,2,35,53,Monza,86.454
17,9,0,43,53,Monza,91.436
18,9,1,34,53,Monza,106.033
19,13,2,42,53,Monza,85.254
20,5,0,33,53,Monza,85.074
21,8,0,33,53,Monza,84.86
22,13,1,42,53,Monza,85.053
23,13,1,38,53,Monza,85.132
24,3,1,38,53,Monza,85.196
25,11,0,40,53,Monza,84.707
26,19,1,42,53,Monza,85.065
27,14,2,31,53,Monza,84.949
28,17,0,31,53,Monza,84.793
29,15,0,32,53,Monza,84.871
30,11,1,34,53,Monza,84.754
31,8,2,43,53,Monza,85.229
32,16,2,35,53,Monza,84.412
33,2,1,43,53,Monza,86.282
34,7,2,30,53,Monza,85.57
35,12,1,43,53,Monza,84.994
36,9,1,43,53,Monza,84.748
37,17,0,33,53,Monza,85.882
38,6,0,35,53,Monza,85.214
39,2,2,38,53,Monza,84.971
40,3,1,43,53,Monza,84.552
41,17,0,34,53,Monza,84.372
42,1,0,34,53,Monza,84.874
43,18,2,32,53,Monza,84.669
44,8,2,44,53,Monza,84.678
45,16,1,38,53,Monza,84.569
46,13,1,37,53,Monza,84.554
47,11,2,43,53,Monza,84.383
48,14,0,38,53,Monza,84.149
49,18,1,36,53,Monza,84.262
50,7,0,41,53,Monza,83.956
51,4,2,33,53,Monza,83.921
52,15,2,41,53,Monza,83.955
53,11,1,36,53,Monza,83.918
1,9,0,32,53,Monza,92.411
2,18,0,44,53,Monza,87.236
3,19,1,38,53,Monza,86.41
4,12,1,30,53,Monza,86.411
5,16,0,32,53,Monza,86.218
6,13,1,39,53,Monza,85.911
7,12,1,33,53,Monza,85.95
8,2,2,33,53,Monza,85.693
9,8,1,34,53,Monza,85.969
10,1,1,32,53,Monza,85.832
11,12,0,30,53,Monza,85.758
12,14,1,31,53,Monza,89.74
13,2,0,37,53,Monza,105.594
14,12,1,40,53,Monza,85.832
15,6,1,34,53,Monza,84.67
16,13,2,40,53,Monza,84.614
17,4,1,34,53,Monza,84.574
18,11,1,34,53,Monza,84.882
19,6,1,35,53,Monza,85.314
20,7,2,33,53,Monza,85.676
21,10,0,40,53,Monza,85.297
22,4,2,35,53,Monza,85.451
23,1,1,41,53,Monza,85.017
24,5,2,34,53,Monza,84.588
25,4,1,35,53,Monza,84.504
26,4,1,43,53,Monza,84.937
27,4,1,41,53,Monza,84.891
28,5,1,37,53,Monza,84.725
29,16,0,41,53,Monza,85.011
30,10,1,41,53,Monza,85.039
31,10,0,30,53,Monza,85.128
32,14,0,44,53,Monza,85.099
33,3,0,31,53,Monza,85.289
34,9,2,41,53,Monza,85.083
35,9,1,42,53,Monza,89.799
36,13,2,32,53,Monza,104.152
37,6,2,40,53,Monza,83.703
38,13,1,31,53,Monza,83.847
39,10,1,44,53,Monza,83.77
40,3,0,31,53,Monza,83.683
41,8,0,30,53,Monza,83.822
42,12,1,39,53,Monza,83.637
43,3,1,40,53,Monza,83.681
44,6,0,36,53,Monza,83.529
45,4,1,41,53,Monza,83.484
46,1,2,39,53,Monza,82.944
47,8,1,39,53,Monza,83.221
48,5,2,30,53,Monza,83.245
49,3,0,44,53,Monza,83.525
50,5,1,32,53,Monza,83.511
51,15,1,32,53,Monza,83.468
52,14,0,30,53,Monza,83.761
53,16,1,31,53,Monza,83.686
1,3,0,40,53,Monza,93.104
2,16,2,44,53,Monza,87.177
3,14,0,34,53,Monza,86.588
4,14,2,43,53,Monza,86.488
5,18,2,42,53,Monza,86.251
6,11,2,35,53,Monza,85.899
7,4,1,40,53,Monza,85.713
8,18,1,41,53,Monza,85.993
9,6,1,36,53,Monza,85.815
10,18,0,37,53,Monza,86.111
11,3,1,30,53,Monza,91.962
12,13,1,36,53,Monza,112.188
13,1,2,31,53,Monza,86.122
14,2,0,40,53,Monza,85.827
15,11,2,30,53,Monza,85.572
16,2,0,43,53,Monza,85.398
17,12,0,43,53,Monza,85.028
18,7,1,37,53,Monza,85.062
19,2,0,37,53,Monza,84.897
20,19,2,39,53,Monza,84.753
21,5,0,30,53,Monza,84.991
22,19,2,33,53,Monza,85.08
23,16,2,38,53,Monza,84.848
24,6,0,36,53,Monza,84.931
25,5,0,44,53,Monza,85.047
26,1,0,43,53,Monza,84.906
27,1,0,44,53,Monza,85.595
28,18,1,42,53,Monza,85.38
29,4,1,43,53,Monza,84.835
30,7,2,42,53,Monza,84.97
31,2,2,33,53,Monza,84.875
32,11,1,32,53,Monza,84.69
33,12,0,40,53,Monza,84.662
34,19,1,44,53,Monza,84.777
35,14,0,36,53,Monza,85.588
36,12,2,44,53,Monza,85.081
37,4,1,31,53,Monza,85.095
38,4,1,31,53,Monza,85.288
39,10,1,37,53,Monza,85.033
40,19,1,31,53,Monza,85.025
41,4,1,35,53,Monza,84.945
42,16,2,37,53,Monza,84.954
43,13,0,38,53,Monza,85.179
44,10,2,43,53,Monza,84.776
45,8,0,42,53,Monza,85.063
46,18,0,43,53,Monza,85.685
47,17,2,35,53,Monza,84.775
48,3,1,32,53,Monza,84.518
49,10,2,31,53,Monza,84.617
50,9,0,32,53,Monza,84.817
51,18,2,33,53,Monza,84.639
52,17,0,34,53,Monza,84.219
53,3,2,30,53,Monza,84.347
1,3,1,35,53,Monza,93.931
2,11,1,41,53,Monza,87.205
3,18,2,31,53,Monza,86.584
4,16,1,40,53,Monza,86.372
5,11,1,44,53,Monza,86.142
6,2,0,35,53,Monza,85.902
7,19,2,35,53,Monza,85.825
8,3,1,42,53,Monza,85.966
9,4,0,33,53,Monza,85.785
10,10,0,30,53,Monza,85.799
11,7,2,41,53,Monza,86.04
12,10,1,30,53,Monza,86.145
13,6,1,42,53,Monza,86.286
14,9,1,42,53,Monza,89.943
15,18,2,35,53,Monza,107.023
16,4,2,39,53,Monza,85.644
17,15,0,30,53,Monza,84.769
18,10,0,44,53,Monza,86.533
19,17,2,43,53,Monza,85.109
20,17,2,30,53,Monza,85.154
21,8,2,44,53,Monza,84.793
22,7,1,38,53,Monza,85.071
23,2,0,30,53,Monza,85.057
24,7,2,42,53,Monza,85.131
25,13,1,42,53,Monza,85.504
26,14,2,44,53,Monza,85.199
27,18,1,38,53,Monza,84.64
28,1,0,33,53,Monza,84.415
29,19,0,41,53,Monza,84.799
30,11,2,32,53,Monza,84.573
31,17,1,30,53,Monza,84.458
32,15,2,33,53,Monza,84.408
33,8,0,43,53,Monza,84.853
34,7,2,42,53,Monza,84.702
35,18,2,37,53,Monza,84.17
36,16,1,34,53,Monza,84.276
37,10,0,30,53,Monza,83.95
38,11,2,36,53,Monza,84.803
39,15,2,42,53,Monza,84.463
40,2,2,32,53,Monza,84.282
41,13,1,41,53,Monza,84.625
42,6,0,41,53,Monza,84.628
43,9,0,31,53,Monza,84.605
44,11,2,34,53,Monza,85.205
45,12,2,35,53,Monza,84.272
46,2,0,44,53,Monza,84.124
47,13,0,41,53,Monza,83.971
48,2,1,41,53,Monza,83.741
49,3,2,37,53,Monza,83.708
50,8,1,43,53,Monza,83.603
51,11,0,38,53,Monza,83.437
52,14,1,31,53,Monza,83.691
53,2,0,44,53,Monza,83.715
1,14,0,40,53,Monza,94.873
2,7,1,37,53,Monza,86.606
3,17,0,40,53,Monza,86.646
4,17,1,43,53,Monza,86.395
5,7,0,44,53,Monza,86.361
6,4,1,43,53,Monza,86.042
7,1,1,42,53,Monza,85.82
8,13,2,43,53,Monza,86.465
9,16,1,40,53,Monza,87.148
10,7,0,43,53,Monza,91.535
11,18,2,36,53,Monza,105.677
12,2,0,41,53,Monza,85.07
13,15,0,34,53,Monza,84.816
14,2,0,36,53,Monza,85.214
15,13,0,35,53,Monza,85.529
16,5,1,36,53,Monza,85.537
17,4,0,38,53,Monza,85.165
18,19,0,33,53,Monza,86.182
19,11,1,31,53,Monza,85.403
20,2,1,40,53,Monza,85.058
21,1,2,37,53,Monza,84.878
22,14,1,40,53,Monza,85.105
23,5,2,32,53,Monza,86.161
24,18,1,32,53,Monza,85.882
25,18,1,35,53,Monza,85.988
26,18,0,31,53,Monza,85.742
27,16,0,33,53,Monza,87.191
28,14,1,33,53,Monza,85.823
29,7,0,43,53,Monza,86.079
30,7,0,31,53,Monza,91.004
31,5,2,38,53,Monza,105.757
32,5,0,35,53,Monza,84.423
33,12,0,41,53,Monza,84.252
34,1,2,32,53,Monza,84.383
35,12,1,41,53,Monza,84.822
36,15,0,34,53,Monza,85.591
37,3,2,33,53,Monza,84.386
38,7,1,37,53,Monza,85.229
39,1,0,34,53,Monza,84.591
40,18,1,32,53,Monza,85.104
41,12,2,41,53,Monza,85.772
42,9,2,40,53,Monza,84.605
43,14,0,32,53,Monza,85.142
44,16,2,39,53,Monza,86.175
45,10,0,43,53,Monza,85.425
46,13,0,43,53,Monza,84.403
47,5,0,37,53,Monza,83.923
48,14,0,34,53,Monza,84.036
49,11,1,33,53,Monza,83.852
50,6,2,33,53,Monza,84.077
51,10,1,38,53,Monza,83.755
52,5,1,31,53,Monza,83.973
1,8,1,37,53,Monza,95.235
2,16,1,39,53,Monza,87.538
3,14,2,33,53,Monza,86.665
4,11,1,36,53,Monza,86.198
5,8,1,34,53,Monza,92.241
6,11,2,33,53,Monza,88.473
7,18,2,44,53,Monza,100.319
1,4,0,33,53,Monza,95.432
2,14,1,37,53,Monza,86.837
3,9,1,32,53,Monza,86.466
4,5,1,41,53,Monza,86.297
5,14,2,40,53,Monza,86.568
6,3,2,35,53,Monza,85.684
7,13,2,40,53,Monza,86.006
8,19,1,38,53,Monza,86.053
9,14,1,44,53,Monza,85.369
10,10,0,39,53,Monza,86.035
11,18,2,34,53,Monza,86.349
12,11,1,41,53,Monza,85.954
13,19,1,37,53,Monza,86.059
14,18,2,31,53,Monza,86.307
15,15,1,31,53,Monza,86.677
16,3,1,36,53,Monza,86.694
17,2,1,38,53,Monza,86.002
18,17,0,43,53,Monza,86.234
19,1,0,41,53,Monza,86.174
20,15,1,31,53,Monza,87.326
21,12,1,40,53,Monza,86.45
22,16,1,36,53,Monza,86.327
23,19,1,38,53,Monza,86.201
24,5,1,35,53,Monza,86.77
25,19,0,41,53,Monza,87.519
26,11,2,35,53,Monza,86.383
27,3,0,37,53,Monza,86.725
28,5,2,43,53,Monza,86.013
29,11,2,35,53,Monza,86.099
30,4,1,30,53,Monza,86.025
31,7,1,40,53,Monza,90.757
32,9,1,31,53,Monza,104.71
33,16,1,30,53,Monza,84.652
34,5,1,34,53,Monza,84.965
35,10,0,32,53,Monza,85.019
36,19,0,32,53,Monza,84.942
37,6,0,32,53,Monza,84.613
38,13,1,33,53,Monza,84.845
39,6,2,30,53,Monza,85.267
40,12,2,38,53,Monza,85.211
41,16,2,30,53,Monza,85.06
42,12,1,35,53,Monza,85.119
43,10,0,43,53,Monza,86.111
44,1,0,36,53,Monza,84.669
45,15,0,37,53,Monza,84.587
46,8,2,33,53,Monza,84.449
47,6,1,39,53,Monza,84.506
48,6,1,33,53,Monza,84.458
49,12,1,31,53,Monza,85.79
50,2,1,44,53,Monza,85.688
51,10,1,38,53,Monza,84.59
52,12,2,42,53,Monza,84.343
1,6,2,41,53,Monza,95.519
2,12,2,34,53,Monza,87.512
3,9,1,30,53,Monza,86.434
4,2,1,36,53,Monza,86.541
5,14,2,37,53,Monza,91.729
6,14,1,43,53,Monza,120.178
7,12,1,43,53,Monza,85.882
8,10,2,34,53,Monza,85.351
9,1,1,34,53,Monza,85.191
10,13,2,40,53,Monza,85.194
11,8,1,37,53,Monza,85.322
12,1,1,33,53,Monza,85.166
13,15,0,34,53,Monza,84.983
14,8,1,33,53,Monza,85.014
15,2,0,38,53,Monza,85.862
16,9,0,39,53,Monza,85.017
17,16,1,31,53,Monza,86.119
18,13,1,32,53,Monza,85.465
19,8,2,40,53,Monza,85.326
20,16,0,36,53,Monza,86.113
21,16,0,31,53,Monza,85.735
22,10,1,38,53,Monza,85.565
23,18,1,31,53,Monza,85.632
24,2,1,41,53,Monza,85.608
25,5,1,42,53,Monza,85.716
26,1,0,30,53,Monza,85.506
27,18,2,31,53,Monza,85.674
28,19,2,34,53,Monza,85.43
29,1,0,30,53,Monza,85.57
30,18,1,37,53,Monza,85.628
31,15,1,42,53,Monza,85.142
32,14,0,41,53,Monza,89.903
33,15,0,41,53,Monza,116.554
34,13,1,36,53,Monza,83.587
35,11,1,42,53,Monza,83.761
36,14,1,36,53,Monza,83.772
37,6,2,31,53,Monza,87.809
38,1,1,43,53,Monza,83.88
39,13,1,36,53,Monza,84.019
40,9,2,30,53,Monza,83.621
41,18,0,35,53,Monza,83.449
42,13,2,40,53,Monza,83.624
43,11,1,41,53,Monza,83.591
44,8,1,33,53,Monza,83.275
45,11,0,44,53,Monza,83.807
46,1,1,33,53,Monza,84.107
47,10,1,30,53,Monza,86.991
48,16,1,41,53,Monza,85.125
49,16,2,32,53,Monza,83.404
50,13,2,44,53,Monza,84.017
51,17,0,34,53,Monza,84.211
52,17,1,40,53,Monza,83.966
1,4,1,33,53,Monza,95.81
2,19,1,35,53,Monza,88.342
3,15,1,30,53,Monza,86.734
4,13,2,36,53,Monza,86.253
5,1,1,37,53,Monza,87.234
6,9,0,38,53,Monza,85.558
7,12,2,42,53,Monza,86.208
8,10,1,44,53,Monza,85.799
9,4,1,40,53,Monza,86.024
10,5,1,33,53,Monza,86.182
11,14,0,31,53,Monza,85.675
12,2,0,40,53,Monza,85.947
13,2,0,33,53,Monza,86.143
14,8,1,32,53,Monza,85.895
15,17,1,44,53,Monza,86.986
16,8,0,37,53,Monza,86.593
17,16,1,38,53,Monza,86.584
18,1,1,31,53,Monza,87.524
19,9,0,34,53,Monza,91.321
20,10,1,41,53,Monza,105.665
21,4,1,32,53,Monza,84.721
22,4,1,30,53,Monza,84.721
23,12,1,33,53,Monza,84.659
24,9,2,43,53,Monza,84.768
25,5,1,42,53,Monza,84.743
26,16,2,41,53,Monza,84.491
27,16,0,32,53,Monza,84.437
28,17,2,44,53,Monza,84.618
29,8,2,44,53,Monza,85.397
30,12,1,43,53,Monza,86.377
31,18,2,32,53,Monza,84.749
32,1,2,33,53,Monza,85.576
33,7,1,36,53,Monza,84.947
34,18,0,40,53,Monza,84.856
35,15,0,40,53,Monza,84.863
36,19,0,34,53,Monza,89.334
37,8,0,34,53,Monza,103.775
38,16,1,31,53,Monza,83.617
39,18,0,32,53,Monza,84.43
40,2,0,30,53,Monza,85.777
41,6,0,40,53,Monza,83.702
42,1,1,43,53,Monza,83.823
43,6,1,41,53,Monza,83.81
44,11,1,30,53,Monza,83.654
45,16,1,37,53,Monza,83.427
46,16,0,43,53,Monza,83.906
47,10,0,43,53,Monza,84.014
48,16,1,41,53,Monza,86.104
49,4,2,33,53,Monza,85.064
50,2,2,32,53,Monza,90.186
51,5,1,44,53,Monza,110.98
52,11,2,36,53,Monza,82.232
1,9,0,36,53,Monza,95.885
2,3,2,44,53,Monza,87.845
3,14,1,39,53,Monza,86.578
4,6,2,42,53,Monza,86.25
5,7,2,41,53,Monza,87.151
6,3,1,36,53,Monza,86.057
7,6,1,38,53,Monza,87.204
8,4,1,37,53,Monza,86.385
9,4,2,33,53,Monza,86.222
10,15,2,41,53,Monza,86.289
11,15,2,44,53,Monza,86.607
12,17,2,32,53,Monza,86.5
13,8,2,35,53,Monza,86.41
14,12,0,30,53,Monza,86.93
15,6,0,40,53,Monza,86.672
16,11,2,36,53,Monza,91.193
17,11,0,38,53,Monza,106.349
18,9,0,43,53,Monza,84.485
19,10,1,37,53,Monza,84.928
20,2,0,31,53,Monza,85.148
21,18,1,33,53,Monza,84.784
22,9,1,33,53,Monza,84.852
23,18,0,39,53,Monza,84.649
24,18,1,31,53,Monza,84.635
25,5,0,37,53,Monza,84.916
26,5,1,32,53,Monza,84.639
27,7,0,40,53,Monza,84.497
28,18,0,35,53,Monza,85.005
29,2,0,33,53,Monza,85.634
30,5,1,37,53,Monza,85.412
31,8,0,30,53,Monza,85.586
32,16,1,30,53,Monza,85.433
33,10,0,39,53,Monza,84.868
34,7,0,32,53,Monza,84.921
35,7,1,31,53,Monza,84.798
36,1,1,37,53,Monza,84.84
37,16,0,41,53,Monza,85.345
38,3,2,34,53,Monza,85.194
39,19,1,38,53,Monza,85.128
40,6,2,31,53,Monza,85.147
41,1,1,40,53,Monza,84.801
42,9,2,30,53,Monza,84.62
43,5,2,36,53,Monza,85.979
44,19,2,35,53,Monza,85.161
45,1,1,43,53,Monza,84.812
46,13,2,31,53,Monza,84.939
47,5,1,32,53,Monza,84.697
48,18,2,36,53,Monza,84.538
49,17,1,35,53,Monza,84.474
50,12,1,32,53,Monza,84.3
51,9,0,39,53,Monza,84.186
52,17,1,35,53,Monza,84.429
53,4,1,33,53,Monza,83.728
1,8,1,33,53,Monza,96.375
2,18,0,40,53,Monza,88.377
3,18,1,38,53,Monza,86.918
4,16,1,44,53,Monza,86.324
5,18,1,43,53,Monza,88.242
6,4,1,37,53,Monza,86.499
7,16,0,42,53,Monza,86.359
8,10,2,40,53,Monza,86.206
9,2,1,34,53,Monza,86.188
10,18,0,42,53,Monza,86.118
11,1,0,44,53,Monza,86.47
12,7,2,31,53,Monza,86.207
13,2,1,43,53,Monza,86.349
14,10,2,32,53,Monza,86.481
15,8,0,42,53,Monza,86.79
16,6,2,44,53,Monza,86.569
17,3,2,37,53,Monza,86.396
18,4,2,30,53,Monza,86.359
19,9,1,31,53,Monza,86.456
20,19,0,32,53,Monza,86.803
21,6,1,33,53,Monza,87.23
22,10,1,32,53,Monza,87.404
23,17,0,34,53,Monza,86.943
24,2,1,32,53,Monza,86.542
25,8,0,32,53,Monza,86.863
26,17,1,35,53,Monza,86.885
27,7,1,31,53,Monza,86.309
28,2,0,32,53,Monza,85.804
29,13,1,33,53,Monza,86.827
30,15,0,42,53,Monza,86.022
31,3,1,32,53,Monza,86.004
32,15,2,40,53,Monza,87.859
33,13,0,38,53,Monza,90.924
34,17,2,41,53,Monza,105.462
35,19,0,43,53,Monza,85.336
36,16,1,43,53,Monza,85.114
37,18,2,40,53,Monza,85.213
38,19,2,44,53,Monza,86.704
39,14,1,36,53,Monza,85.081
40,9,1,43,53,Monza,85.16
41,17,2,37,53,Monza,86.31
42,12,2,44,53,Monza,86.036
43,18,2,39,53,Monza,84.637
44,12,0,30,53,Monza,84.792
45,8,2,43,53,Monza,84.588
46,19,0,30,53,Monza,84.358
47,9,1,38,53,Monza,84.089
48,13,1,33,53,Monza,85.126
49,8,1,41,53,Monza,83.885
50,6,1,32,53,Monza,84.357
51,7,2,33,53,Monza,83.979
52,11,2,35,53,Monza,83.609
1,19,0,39,53,Monza,96.732
2,19,1,40,53,Monza,88.721
3,13,1,42,53,Monza,86.997
4,16,1,37,53,Monza,86.226
5,11,0,31,53,Monza,89.256
6,6,1,43,53,Monza,85.942
7,13,1,33,53,Monza,86.381
8,17,2,36,53,Monza,86.411
9,10,1,43,53,Monza,86.315
10,17,1,36,53,Monza,86.128
11,6,0,36,53,Monza,86.488
12,14,1,36,53,Monza,86.348
13,19,0,37,53,Monza,86.802
14,19,1,39,53,Monza,87.092
15,18,0,31,53,Monza,92.048
16,11,2,35,53,Monza,109.128
17,14,0,40,53,Monza,85.092
18,9,1,44,53,Monza,85.245
19,3,0,42,53,Monza,85.777
20,7,1,35,53,Monza,85.588
21,13,1,43,53,Monza,85.743
22,5,1,44,53,Monza,85.876
23,18,2,37,53,Monza,86.061
24,19,1,31,53,Monza,86.041
25,16,1,39,53,Monza,85.583
26,1,2,34,53,Monza,85.549
27,6,1,41,53,Monza,85.603
28,17,0,34,53,Monza,85.699
29,13,2,35,53,Monza,85.515
30,18,2,33,53,Monza,85.491
31,6,2,44,53,Monza,85.478
32,4,2,36,53,Monza,85.356
33,6,0,40,53,Monza,85.451
34,12,2,39,53,Monza,85.487
35,1,2,40,53,Monza,85.52
36,1,0,39,53,Monza,86.606
37,19,1,40,53,Monza,85.205
38,17,2,35,53,Monza,86.652
39,19,2,38,53,Monza,85.584
40,3,0,37,53,Monza,85.82
41,9,2,30,53,Monza,86.437
42,11,1,41,53,Monza,87.64
43,18,0,37,53,Monza,86.916
44,15,0,40,53,Monza,86.918
45,19,0,34,53,Monza,85.632
46,5,1,43,53,Monza,85.857
47,16,1,30,53,Monza,87.442
48,5,0,36,53,Monza,85.84
49,3,0,33,53,Monza,86.298
50,19,1,38,53,Monza,85.539
51,7,0,38,53,Monza,85.946
52,8,0,36,53,Monza,87.28
